Stock_ID,Date,Product_ID,Opening_Stock,Received,Sold,Adjustments,Closing_Stock
1,2025-01-01,101,30,0,1,0,29
2,2025-01-01,102,0,0,0,0,0
3,2025-01-01,103,0,0,0,0,0
4,2025-01-01,104,31,0,0,0,31
5,2025-01-01,105,25,0,0,0,25
6,2025-01-01,106,58,0,1,0,57
7,2025-01-01,108,16,0,0,0,16
8,2025-01-01,109,31,0,0,0,31
9,2025-01-01,110,55,0,4,0,51
10,2025-01-01,112,66,0,0,0,66
11,2025-01-01,113,0,0,0,0,0
12,2025-01-01,114,14,0,1,0,13
13,2025-01-01,115,0,0,0,0,0
14,2025-01-01,116,33,0,0,0,33
15,2025-01-01,117,28,0,0,0,28
16,2025-01-01,118,61,0,0,0,61
17,2025-01-01,119,58,0,1,0,57
18,2025-01-01,120,0,0,0,0,0
19,2025-01-01,121,0,0,0,0,0
20,2025-01-01,122,13,0,0,0,13
21,2025-01-01,123,33,0,0,0,33
22,2025-01-01,124,0,0,0,0,0
23,2025-01-01,125,13,0,0,0,13
24,2025-01-01,126,13,0,0,0,13
25,2025-01-01,127,28,0,0,-1,27
26,2025-01-01,128,0,0,0,0,0
27,2025-01-01,129,15,0,1,0,14
28,2025-01-01,130,16,0,0,0,16
29,2025-01-01,131,68,0,3,0,65
30,2025-01-01,132,0,0,0,0,0
31,2025-01-01,133,0,0,0,0,0
32,2025-01-01,134,28,0,0,0,28
33,2025-01-01,135,29,0,1,0,28
34,2025-01-01,136,0,0,0,0,0
35,2025-01-01,137,0,0,0,0,0
36,2025-01-01,138,26,0,1,0,25
37,2025-01-01,139,30,0,1,0,29
38,2025-01-01,140,0,0,0,0,0
39,2025-01-01,141,34,0,0,0,34
40,2025-01-01,142,63,0,0,0,63
41,2025-01-01,143,61,0,0,0,61
42,2025-01-01,144,0,0,0,0,0
43,2025-01-01,145,29,0,1,0,28
44,2025-01-01,146,16,0,0,0,16
45,2025-01-01,147,0,0,0,0,0
46,2025-01-01,148,14,0,0,0,14
47,2025-01-01,149,26,0,1,0,25
48,2025-01-01,150,14,0,0,0,14
49,2025-01-01,151,52,0,2,0,50
50,2025-01-01,152,27,0,0,0,27
51,2025-01-01,153,0,0,0,0,0
52,2025-01-01,154,0,0,0,0,0
53,2025-01-01,155,12,0,0,0,12
54,2025-01-01,156,59,0,1,0,58
55,2025-01-01,157,31,0,0,0,31
56,2025-01-01,158,57,0,0,0,57
57,2025-01-01,159,58,0,0,0,58
58,2025-01-01,160,34,0,1,0,33
59,2025-01-01,161,32,0,0,0,32
60,2025-01-01,162,0,0,0,0,0
61,2025-01-01,163,15,0,0,0,15
62,2025-01-01,164,28,0,0,0,28
63,2025-01-01,165,16,0,0,0,16
64,2025-01-01,166,55,0,1,0,54
65,2025-01-01,167,56,0,2,0,54
66,2025-01-01,168,33,0,1,0,32
67,2025-01-01,169,15,0,0,0,15
68,2025-01-01,170,64,0,1,0,63
69,2025-01-02,101,29,0,1,0,28
70,2025-01-02,102,0,0,0,0,0
71,2025-01-02,103,0,0,0,0,0
72,2025-01-02,104,31,0,0,0,31
73,2025-01-02,105,25,0,0,0,25
74,2025-01-02,106,57,0,1,0,56
75,2025-01-02,108,16,0,0,0,16
76,2025-01-02,109,31,0,2,0,29
77,2025-01-02,110,51,0,0,0,51
78,2025-01-02,112,66,0,1,0,65
79,2025-01-02,113,0,0,0,0,0
80,2025-01-02,114,13,0,1,0,12
81,2025-01-02,115,0,0,0,0,0
82,2025-01-02,116,33,0,0,0,33
83,2025-01-02,117,28,0,0,0,28
84,2025-01-02,118,61,0,2,0,59
85,2025-01-02,119,57,0,2,0,55
86,2025-01-02,120,0,0,0,0,0
87,2025-01-02,121,0,0,0,0,0
88,2025-01-02,122,13,0,0,0,13
89,2025-01-02,123,33,0,1,0,32
90,2025-01-02,124,0,0,0,0,0
91,2025-01-02,125,13,0,1,0,12
92,2025-01-02,126,13,0,0,0,13
93,2025-01-02,127,27,0,1,0,26
94,2025-01-02,128,0,0,0,0,0
95,2025-01-02,129,14,0,0,0,14
96,2025-01-02,130,16,0,1,0,15
97,2025-01-02,131,65,0,2,0,63
98,2025-01-02,132,0,0,0,0,0
99,2025-01-02,133,0,0,0,0,0
100,2025-01-02,134,28,0,1,0,27
101,2025-01-02,135,28,0,0,0,28
102,2025-01-02,136,0,0,0,0,0
103,2025-01-02,137,0,0,0,0,0
104,2025-01-02,138,25,0,0,0,25
105,2025-01-02,139,29,0,1,0,28
106,2025-01-02,140,0,0,0,0,0
107,2025-01-02,141,34,0,0,0,34
108,2025-01-02,142,63,0,2,0,61
109,2025-01-02,143,61,0,0,0,61
110,2025-01-02,144,0,0,0,0,0
111,2025-01-02,145,28,0,0,0,28
112,2025-01-02,146,16,0,0,0,16
113,2025-01-02,147,0,0,0,0,0
114,2025-01-02,148,14,0,1,0,13
115,2025-01-02,149,25,0,0,0,25
116,2025-01-02,150,14,0,0,0,14
117,2025-01-02,151,50,0,5,0,45
118,2025-01-02,152,27,0,0,0,27
119,2025-01-02,153,0,0,0,0,0
120,2025-01-02,154,0,0,0,0,0
121,2025-01-02,155,12,0,0,0,12
122,2025-01-02,156,58,0,2,0,56
123,2025-01-02,157,31,0,0,0,31
124,2025-01-02,158,57,0,2,0,55
125,2025-01-02,159,58,0,2,0,56
126,2025-01-02,160,33,0,1,0,32
127,2025-01-02,161,32,0,0,0,32
128,2025-01-02,162,0,0,0,0,0
129,2025-01-02,163,15,0,0,0,15
130,2025-01-02,164,28,0,0,0,28
131,2025-01-02,165,16,0,0,0,16
132,2025-01-02,166,54,0,2,0,52
133,2025-01-02,167,54,0,0,0,54
134,2025-01-02,168,32,0,0,0,32
135,2025-01-02,169,15,0,1,0,14
136,2025-01-02,170,63,0,1,0,62
137,2025-01-03,101,28,0,0,0,28
138,2025-01-03,102,0,0,0,0,0
139,2025-01-03,103,0,0,0,0,0
140,2025-01-03,104,31,0,0,0,31
141,2025-01-03,105,25,0,0,0,25
142,2025-01-03,106,56,0,0,0,56
143,2025-01-03,108,16,0,0,0,16
144,2025-01-03,109,29,0,0,0,29
145,2025-01-03,110,51,0,2,0,49
146,2025-01-03,112,65,0,1,0,64
147,2025-01-03,113,0,0,0,0,0
148,2025-01-03,114,12,0,1,0,11
149,2025-01-03,115,0,0,0,0,0
150,2025-01-03,116,33,0,0,0,33
151,2025-01-03,117,28,0,1,0,27
152,2025-01-03,118,59,0,1,0,58
153,2025-01-03,119,55,0,2,0,53
154,2025-01-03,120,0,0,0,0,0
155,2025-01-03,121,0,0,0,0,0
156,2025-01-03,122,13,0,0,0,13
157,2025-01-03,123,32,0,0,0,32
158,2025-01-03,124,0,0,0,0,0
159,2025-01-03,125,12,0,0,0,12
160,2025-01-03,126,13,0,0,0,13
161,2025-01-03,127,26,0,0,0,26
162,2025-01-03,128,0,0,0,0,0
163,2025-01-03,129,14,0,0,0,14
164,2025-01-03,130,15,0,0,0,15
165,2025-01-03,131,63,0,2,0,61
166,2025-01-03,132,0,0,0,0,0
167,2025-01-03,133,0,0,0,0,0
168,2025-01-03,134,27,0,1,0,26
169,2025-01-03,135,28,0,1,0,27
170,2025-01-03,136,0,0,0,0,0
171,2025-01-03,137,0,0,0,0,0
172,2025-01-03,138,25,0,0,0,25
173,2025-01-03,139,28,0,2,0,26
174,2025-01-03,140,0,0,0,0,0
175,2025-01-03,141,34,0,0,0,34
176,2025-01-03,142,61,0,1,0,60
177,2025-01-03,143,61,0,2,0,59
178,2025-01-03,144,0,0,0,0,0
179,2025-01-03,145,28,0,0,0,28
180,2025-01-03,146,16,0,0,0,16
181,2025-01-03,147,0,0,0,0,0
182,2025-01-03,148,13,0,0,0,13
183,2025-01-03,149,25,0,0,0,25
184,2025-01-03,150,14,0,0,0,14
185,2025-01-03,151,45,0,0,0,45
186,2025-01-03,152,27,0,0,0,27
187,2025-01-03,153,0,0,0,0,0
188,2025-01-03,154,0,0,0,0,0
189,2025-01-03,155,12,0,0,0,12
190,2025-01-03,156,56,0,1,0,55
191,2025-01-03,157,31,0,0,0,31
192,2025-01-03,158,55,0,2,0,53
193,2025-01-03,159,56,0,3,0,53
194,2025-01-03,160,32,0,0,0,32
195,2025-01-03,161,32,0,0,0,32
196,2025-01-03,162,0,0,0,0,0
197,2025-01-03,163,15,0,0,0,15
198,2025-01-03,164,28,0,1,0,27
199,2025-01-03,165,16,0,1,0,15
200,2025-01-03,166,52,0,1,0,51
201,2025-01-03,167,54,0,1,0,53
202,2025-01-03,168,32,0,3,0,29
203,2025-01-03,169,14,0,0,0,14
204,2025-01-03,170,62,0,1,0,61
205,2025-01-04,101,28,0,0,0,28
206,2025-01-04,102,0,0,0,0,0
207,2025-01-04,103,0,0,0,0,0
208,2025-01-04,104,31,0,0,0,31
209,2025-01-04,105,25,0,0,0,25
210,2025-01-04,106,56,0,1,-1,54
211,2025-01-04,108,16,0,0,0,16
212,2025-01-04,109,29,0,1,0,28
213,2025-01-04,110,49,0,0,0,49
214,2025-01-04,112,64,0,1,0,63
215,2025-01-04,113,0,0,0,0,0
216,2025-01-04,114,11,0,0,0,11
217,2025-01-04,115,0,0,0,0,0
218,2025-01-04,116,33,0,2,0,31
219,2025-01-04,117,27,0,1,0,26
220,2025-01-04,118,58,0,1,0,57
221,2025-01-04,119,53,0,0,0,53
222,2025-01-04,120,0,0,0,0,0
223,2025-01-04,121,0,0,0,0,0
224,2025-01-04,122,13,0,0,0,13
225,2025-01-04,123,32,0,1,0,31
226,2025-01-04,124,0,0,0,0,0
227,2025-01-04,125,12,0,1,0,11
228,2025-01-04,126,13,0,0,0,13
229,2025-01-04,127,26,0,0,0,26
230,2025-01-04,128,0,0,0,0,0
231,2025-01-04,129,14,0,0,0,14
232,2025-01-04,130,15,0,0,0,15
233,2025-01-04,131,61,0,3,0,58
234,2025-01-04,132,0,0,0,0,0
235,2025-01-04,133,0,0,0,0,0
236,2025-01-04,134,26,0,1,0,25
237,2025-01-04,135,27,0,1,0,26
238,2025-01-04,136,0,0,0,0,0
239,2025-01-04,137,0,0,0,0,0
240,2025-01-04,138,25,0,0,0,25
241,2025-01-04,139,26,0,0,0,26
242,2025-01-04,140,0,0,0,0,0
243,2025-01-04,141,34,0,0,-1,33
244,2025-01-04,142,60,0,1,0,59
245,2025-01-04,143,59,0,1,0,58
246,2025-01-04,144,0,0,0,0,0
247,2025-01-04,145,28,0,2,0,26
248,2025-01-04,146,16,0,0,0,16
249,2025-01-04,147,0,0,0,0,0
250,2025-01-04,148,13,0,0,0,13
251,2025-01-04,149,25,0,1,0,24
252,2025-01-04,150,14,0,0,0,14
253,2025-01-04,151,45,0,0,0,45
254,2025-01-04,152,27,0,1,0,26
255,2025-01-04,153,0,0,0,0,0
256,2025-01-04,154,0,0,0,0,0
257,2025-01-04,155,12,0,0,0,12
258,2025-01-04,156,55,0,1,0,54
259,2025-01-04,157,31,0,0,0,31
260,2025-01-04,158,53,0,1,0,52
261,2025-01-04,159,53,0,2,0,51
262,2025-01-04,160,32,0,1,0,31
263,2025-01-04,161,32,0,0,0,32
264,2025-01-04,162,0,0,0,0,0
265,2025-01-04,163,15,0,0,0,15
266,2025-01-04,164,27,0,0,0,27
267,2025-01-04,165,15,0,0,0,15
268,2025-01-04,166,51,0,0,0,51
269,2025-01-04,167,53,0,3,0,50
270,2025-01-04,168,29,0,0,0,29
271,2025-01-04,169,14,0,0,0,14
272,2025-01-04,170,61,0,0,-2,59
273,2025-01-05,101,28,0,0,0,28
274,2025-01-05,102,0,0,0,0,0
275,2025-01-05,103,0,0,0,0,0
276,2025-01-05,104,31,0,1,0,30
277,2025-01-05,105,25,0,0,0,25
278,2025-01-05,106,54,0,1,0,53
279,2025-01-05,108,16,0,0,0,16
280,2025-01-05,109,28,0,1,0,27
281,2025-01-05,110,49,0,0,0,49
282,2025-01-05,112,63,0,0,0,63
283,2025-01-05,113,0,0,0,0,0
284,2025-01-05,114,11,0,0,0,11
285,2025-01-05,115,0,0,0,0,0
286,2025-01-05,116,31,0,0,0,31
287,2025-01-05,117,26,0,0,0,26
288,2025-01-05,118,57,0,1,0,56
289,2025-01-05,119,53,0,1,0,52
290,2025-01-05,120,0,0,0,0,0
291,2025-01-05,121,0,0,0,0,0
292,2025-01-05,122,13,0,0,0,13
293,2025-01-05,123,31,0,0,0,31
294,2025-01-05,124,0,0,0,0,0
295,2025-01-05,125,11,0,0,0,11
296,2025-01-05,126,13,0,0,0,13
297,2025-01-05,127,26,0,0,0,26
298,2025-01-05,128,0,0,0,0,0
299,2025-01-05,129,14,0,0,0,14
300,2025-01-05,130,15,0,0,0,15
301,2025-01-05,131,58,0,0,0,58
302,2025-01-05,132,0,0,0,0,0
303,2025-01-05,133,0,0,0,0,0
304,2025-01-05,134,25,0,0,0,25
305,2025-01-05,135,26,0,1,0,25
306,2025-01-05,136,0,0,0,0,0
307,2025-01-05,137,0,0,0,0,0
308,2025-01-05,138,25,0,0,0,25
309,2025-01-05,139,26,0,0,0,26
310,2025-01-05,140,0,0,0,0,0
311,2025-01-05,141,33,0,0,0,33
312,2025-01-05,142,59,0,1,0,58
313,2025-01-05,143,58,0,1,0,57
314,2025-01-05,144,0,0,0,0,0
315,2025-01-05,145,26,0,1,0,25
316,2025-01-05,146,16,0,0,0,16
317,2025-01-05,147,0,0,0,0,0
318,2025-01-05,148,13,0,0,0,13
319,2025-01-05,149,24,0,0,0,24
320,2025-01-05,150,14,0,0,0,14
321,2025-01-05,151,45,0,0,0,45
322,2025-01-05,152,26,0,1,0,25
323,2025-01-05,153,0,0,0,0,0
324,2025-01-05,154,0,0,0,0,0
325,2025-01-05,155,12,0,0,0,12
326,2025-01-05,156,54,0,0,0,54
327,2025-01-05,157,31,0,1,0,30
328,2025-01-05,158,52,0,0,0,52
329,2025-01-05,159,51,0,2,-2,47
330,2025-01-05,160,31,0,1,0,30
331,2025-01-05,161,32,0,2,0,30
332,2025-01-05,162,0,0,0,0,0
333,2025-01-05,163,15,0,0,0,15
334,2025-01-05,164,27,0,0,0,27
335,2025-01-05,165,15,0,0,0,15
336,2025-01-05,166,51,0,0,0,51
337,2025-01-05,167,50,0,2,0,48
338,2025-01-05,168,29,0,2,0,27
339,2025-01-05,169,14,0,0,0,14
340,2025-01-05,170,59,0,0,0,59
341,2025-01-06,101,28,0,0,0,28
342,2025-01-06,102,0,0,0,0,0
343,2025-01-06,103,0,0,0,0,0
344,2025-01-06,104,30,0,2,0,28
345,2025-01-06,105,25,0,0,0,25
346,2025-01-06,106,53,0,2,0,51
347,2025-01-06,108,16,0,1,0,15
348,2025-01-06,109,27,0,0,0,27
349,2025-01-06,110,49,0,0,0,49
350,2025-01-06,112,63,0,1,0,62
351,2025-01-06,113,0,0,0,0,0
352,2025-01-06,114,11,0,0,0,11
353,2025-01-06,115,0,0,0,0,0
354,2025-01-06,116,31,0,0,0,31
355,2025-01-06,117,26,0,0,0,26
356,2025-01-06,118,56,0,0,0,56
357,2025-01-06,119,52,0,3,0,49
358,2025-01-06,120,0,0,0,0,0
359,2025-01-06,121,0,0,0,0,0
360,2025-01-06,122,13,0,1,0,12
361,2025-01-06,123,31,0,0,0,31
362,2025-01-06,124,0,0,0,0,0
363,2025-01-06,125,11,0,0,0,11
364,2025-01-06,126,13,0,1,0,12
365,2025-01-06,127,26,0,0,0,26
366,2025-01-06,128,0,0,0,0,0
367,2025-01-06,129,14,0,0,0,14
368,2025-01-06,130,15,0,0,0,15
369,2025-01-06,131,58,0,0,0,58
370,2025-01-06,132,0,0,0,0,0
371,2025-01-06,133,0,0,0,0,0
372,2025-01-06,134,25,0,0,0,25
373,2025-01-06,135,25,0,1,0,24
374,2025-01-06,136,0,0,0,0,0
375,2025-01-06,137,0,0,0,0,0
376,2025-01-06,138,25,0,0,0,25
377,2025-01-06,139,26,0,1,0,25
378,2025-01-06,140,0,0,0,0,0
379,2025-01-06,141,33,0,0,0,33
380,2025-01-06,142,58,0,0,0,58
381,2025-01-06,143,57,0,5,0,52
382,2025-01-06,144,0,0,0,0,0
383,2025-01-06,145,25,0,0,0,25
384,2025-01-06,146,16,0,2,0,14
385,2025-01-06,147,0,0,0,0,0
386,2025-01-06,148,13,0,0,0,13
387,2025-01-06,149,24,0,0,0,24
388,2025-01-06,150,14,0,0,0,14
389,2025-01-06,151,45,0,3,0,42
390,2025-01-06,152,25,0,0,0,25
391,2025-01-06,153,0,0,0,0,0
392,2025-01-06,154,0,0,0,0,0
393,2025-01-06,155,12,0,1,0,11
394,2025-01-06,156,54,0,2,0,52
395,2025-01-06,157,30,0,0,0,30
396,2025-01-06,158,52,0,0,0,52
397,2025-01-06,159,47,0,3,0,44
398,2025-01-06,160,30,0,1,0,29
399,2025-01-06,161,30,0,0,0,30
400,2025-01-06,162,0,0,0,0,0
401,2025-01-06,163,15,0,0,0,15
402,2025-01-06,164,27,0,1,0,26
403,2025-01-06,165,15,0,0,0,15
404,2025-01-06,166,51,0,1,0,50
405,2025-01-06,167,48,0,1,0,47
406,2025-01-06,168,27,0,0,0,27
407,2025-01-06,169,14,0,0,0,14
408,2025-01-06,170,59,0,1,0,58
409,2025-01-07,101,28,0,0,0,28
410,2025-01-07,102,0,0,0,0,0
411,2025-01-07,103,0,0,0,0,0
412,2025-01-07,104,28,0,0,0,28
413,2025-01-07,105,25,0,0,0,25
414,2025-01-07,106,51,0,1,0,50
415,2025-01-07,108,15,0,0,0,15
416,2025-01-07,109,27,0,0,0,27
417,2025-01-07,110,49,0,1,0,48
418,2025-01-07,112,62,0,2,0,60
419,2025-01-07,113,0,0,0,0,0
420,2025-01-07,114,11,0,0,0,11
421,2025-01-07,115,0,0,0,0,0
422,2025-01-07,116,31,0,0,0,31
423,2025-01-07,117,26,0,2,0,24
424,2025-01-07,118,56,0,3,0,53
425,2025-01-07,119,49,0,1,0,48
426,2025-01-07,120,0,0,0,0,0
427,2025-01-07,121,0,0,0,0,0
428,2025-01-07,122,12,0,0,0,12
429,2025-01-07,123,31,0,1,0,30
430,2025-01-07,124,0,0,0,0,0
431,2025-01-07,125,11,0,1,0,10
432,2025-01-07,126,12,0,0,0,12
433,2025-01-07,127,26,0,2,0,24
434,2025-01-07,128,0,0,0,0,0
435,2025-01-07,129,14,0,0,0,14
436,2025-01-07,130,15,0,0,0,15
437,2025-01-07,131,58,0,1,0,57
438,2025-01-07,132,0,0,0,0,0
439,2025-01-07,133,0,0,0,0,0
440,2025-01-07,134,25,0,1,0,24
441,2025-01-07,135,24,0,2,0,22
442,2025-01-07,136,0,0,0,0,0
443,2025-01-07,137,0,0,0,0,0
444,2025-01-07,138,25,0,1,0,24
445,2025-01-07,139,25,0,0,0,25
446,2025-01-07,140,0,0,0,0,0
447,2025-01-07,141,33,0,0,0,33
448,2025-01-07,142,58,0,1,0,57
449,2025-01-07,143,52,0,0,0,52
450,2025-01-07,144,0,0,0,0,0
451,2025-01-07,145,25,0,0,0,25
452,2025-01-07,146,14,0,0,0,14
453,2025-01-07,147,0,0,0,0,0
454,2025-01-07,148,13,0,1,0,12
455,2025-01-07,149,24,0,2,0,22
456,2025-01-07,150,14,0,1,0,13
457,2025-01-07,151,42,0,0,0,42
458,2025-01-07,152,25,0,0,0,25
459,2025-01-07,153,0,0,0,0,0
460,2025-01-07,154,0,0,0,0,0
461,2025-01-07,155,11,0,0,0,11
462,2025-01-07,156,52,0,2,0,50
463,2025-01-07,157,30,0,4,0,26
464,2025-01-07,158,52,0,1,0,51
465,2025-01-07,159,44,0,2,0,42
466,2025-01-07,160,29,0,0,0,29
467,2025-01-07,161,30,0,0,0,30
468,2025-01-07,162,0,0,0,0,0
469,2025-01-07,163,15,0,0,0,15
470,2025-01-07,164,26,0,1,0,25
471,2025-01-07,165,15,0,0,0,15
472,2025-01-07,166,50,0,1,0,49
473,2025-01-07,167,47,0,1,0,46
474,2025-01-07,168,27,0,1,0,26
475,2025-01-07,169,14,0,0,0,14
476,2025-01-07,170,58,0,2,0,56
477,2025-01-08,101,28,0,0,-1,27
478,2025-01-08,102,0,0,0,0,0
479,2025-01-08,103,0,0,0,0,0
480,2025-01-08,104,28,0,0,0,28
481,2025-01-08,105,25,0,0,0,25
482,2025-01-08,106,50,0,2,0,48
483,2025-01-08,108,15,0,0,0,15
484,2025-01-08,109,27,0,0,0,27
485,2025-01-08,110,48,0,1,0,47
486,2025-01-08,112,60,0,3,0,57
487,2025-01-08,113,0,0,0,0,0
488,2025-01-08,114,11,0,1,0,10
489,2025-01-08,115,0,0,0,0,0
490,2025-01-08,116,31,0,1,0,30
491,2025-01-08,117,24,0,0,0,24
492,2025-01-08,118,53,0,1,0,52
493,2025-01-08,119,48,0,2,0,46
494,2025-01-08,120,0,0,0,0,0
495,2025-01-08,121,0,0,0,0,0
496,2025-01-08,122,12,0,0,0,12
497,2025-01-08,123,30,0,1,0,29
498,2025-01-08,124,0,0,0,0,0
499,2025-01-08,125,10,0,0,0,10
500,2025-01-08,126,12,0,0,0,12
501,2025-01-08,127,24,0,1,0,23
502,2025-01-08,128,0,0,0,0,0
503,2025-01-08,129,14,0,1,0,13
504,2025-01-08,130,15,0,0,0,15
505,2025-01-08,131,57,0,1,0,56
506,2025-01-08,132,0,0,0,0,0
507,2025-01-08,133,0,0,0,0,0
508,2025-01-08,134,24,0,1,0,23
509,2025-01-08,135,22,0,2,0,20
510,2025-01-08,136,0,0,0,0,0
511,2025-01-08,137,0,0,0,0,0
512,2025-01-08,138,24,0,0,0,24
513,2025-01-08,139,25,0,2,0,23
514,2025-01-08,140,0,0,0,0,0
515,2025-01-08,141,33,0,0,0,33
516,2025-01-08,142,57,0,2,0,55
517,2025-01-08,143,52,0,1,0,51
518,2025-01-08,144,0,0,0,0,0
519,2025-01-08,145,25,0,1,0,24
520,2025-01-08,146,14,0,0,0,14
521,2025-01-08,147,0,0,0,0,0
522,2025-01-08,148,12,0,0,0,12
523,2025-01-08,149,22,0,1,0,21
524,2025-01-08,150,13,0,0,0,13
525,2025-01-08,151,42,0,0,0,42
526,2025-01-08,152,25,0,1,0,24
527,2025-01-08,153,0,0,0,0,0
528,2025-01-08,154,0,0,0,0,0
529,2025-01-08,155,11,0,0,0,11
530,2025-01-08,156,50,0,1,0,49
531,2025-01-08,157,26,0,0,0,26
532,2025-01-08,158,51,0,2,0,49
533,2025-01-08,159,42,0,2,0,40
534,2025-01-08,160,29,0,0,0,29
535,2025-01-08,161,30,0,0,0,30
536,2025-01-08,162,0,0,0,0,0
537,2025-01-08,163,15,0,1,0,14
538,2025-01-08,164,25,0,0,0,25
539,2025-01-08,165,15,0,0,0,15
540,2025-01-08,166,49,0,0,0,49
541,2025-01-08,167,46,0,1,0,45
542,2025-01-08,168,26,0,0,0,26
543,2025-01-08,169,14,0,0,0,14
544,2025-01-08,170,56,0,2,0,54
545,2025-01-09,101,27,0,1,0,26
546,2025-01-09,102,0,0,0,0,0
547,2025-01-09,103,0,0,0,0,0
548,2025-01-09,104,28,0,1,0,27
549,2025-01-09,105,25,0,0,0,25
550,2025-01-09,106,48,0,3,0,45
551,2025-01-09,108,15,0,0,0,15
552,2025-01-09,109,27,0,0,0,27
553,2025-01-09,110,47,0,0,0,47
554,2025-01-09,112,57,0,3,0,54
555,2025-01-09,113,0,0,0,0,0
556,2025-01-09,114,10,0,0,0,10
557,2025-01-09,115,0,0,0,0,0
558,2025-01-09,116,30,0,1,0,29
559,2025-01-09,117,24,0,0,0,24
560,2025-01-09,118,52,0,1,0,51
561,2025-01-09,119,46,0,0,0,46
562,2025-01-09,120,0,0,0,0,0
563,2025-01-09,121,0,0,0,0,0
564,2025-01-09,122,12,0,0,0,12
565,2025-01-09,123,29,0,1,0,28
566,2025-01-09,124,0,0,0,0,0
567,2025-01-09,125,10,0,0,0,10
568,2025-01-09,126,12,0,0,0,12
569,2025-01-09,127,23,0,0,0,23
570,2025-01-09,128,0,0,0,0,0
571,2025-01-09,129,13,0,0,0,13
572,2025-01-09,130,15,0,0,0,15
573,2025-01-09,131,56,0,1,0,55
574,2025-01-09,132,0,0,0,0,0
575,2025-01-09,133,0,0,0,0,0
576,2025-01-09,134,23,0,1,0,22
577,2025-01-09,135,20,0,0,0,20
578,2025-01-09,136,0,0,0,0,0
579,2025-01-09,137,0,0,0,0,0
580,2025-01-09,138,24,0,0,0,24
581,2025-01-09,139,23,0,0,0,23
582,2025-01-09,140,0,0,0,0,0
583,2025-01-09,141,33,0,0,0,33
584,2025-01-09,142,55,0,2,0,53
585,2025-01-09,143,51,0,3,0,48
586,2025-01-09,144,0,0,0,0,0
587,2025-01-09,145,24,0,1,0,23
588,2025-01-09,146,14,0,0,0,14
589,2025-01-09,147,0,0,0,0,0
590,2025-01-09,148,12,0,0,0,12
591,2025-01-09,149,21,0,1,0,20
592,2025-01-09,150,13,0,0,0,13
593,2025-01-09,151,42,0,0,0,42
594,2025-01-09,152,24,0,1,0,23
595,2025-01-09,153,0,0,0,0,0
596,2025-01-09,154,0,0,0,0,0
597,2025-01-09,155,11,0,0,0,11
598,2025-01-09,156,49,0,1,0,48
599,2025-01-09,157,26,0,0,0,26
600,2025-01-09,158,49,0,2,0,47
601,2025-01-09,159,40,0,4,0,36
602,2025-01-09,160,29,0,0,0,29
603,2025-01-09,161,30,0,2,0,28
604,2025-01-09,162,0,0,0,0,0
605,2025-01-09,163,14,0,0,0,14
606,2025-01-09,164,25,0,1,0,24
607,2025-01-09,165,15,0,0,0,15
608,2025-01-09,166,49,0,5,0,44
609,2025-01-09,167,45,0,2,0,43
610,2025-01-09,168,26,0,0,0,26
611,2025-01-09,169,14,0,0,0,14
612,2025-01-09,170,54,0,0,0,54
613,2025-01-10,101,26,0,1,0,25
614,2025-01-10,102,0,0,0,0,0
615,2025-01-10,103,0,0,0,0,0
616,2025-01-10,104,27,0,1,0,26
617,2025-01-10,105,25,0,0,0,25
618,2025-01-10,106,45,0,1,0,44
619,2025-01-10,108,15,0,0,0,15
620,2025-01-10,109,27,0,0,0,27
621,2025-01-10,110,47,0,0,0,47
622,2025-01-10,112,54,0,1,0,53
623,2025-01-10,113,0,0,0,0,0
624,2025-01-10,114,10,0,0,0,10
625,2025-01-10,115,0,0,0,0,0
626,2025-01-10,116,29,0,0,0,29
627,2025-01-10,117,24,0,1,0,23
628,2025-01-10,118,51,0,0,0,51
629,2025-01-10,119,46,0,3,0,43
630,2025-01-10,120,0,0,0,0,0
631,2025-01-10,121,0,0,0,0,0
632,2025-01-10,122,12,0,0,0,12
633,2025-01-10,123,28,0,0,0,28
634,2025-01-10,124,0,0,0,0,0
635,2025-01-10,125,10,0,0,0,10
636,2025-01-10,126,12,0,0,0,12
637,2025-01-10,127,23,0,1,0,22
638,2025-01-10,128,0,0,0,0,0
639,2025-01-10,129,13,0,0,0,13
640,2025-01-10,130,15,0,0,0,15
641,2025-01-10,131,55,0,1,0,54
642,2025-01-10,132,0,0,0,0,0
643,2025-01-10,133,0,0,0,0,0
644,2025-01-10,134,22,0,0,0,22
645,2025-01-10,135,20,0,0,0,20
646,2025-01-10,136,0,0,0,0,0
647,2025-01-10,137,0,0,0,0,0
648,2025-01-10,138,24,0,2,0,22
649,2025-01-10,139,23,0,0,0,23
650,2025-01-10,140,0,0,0,0,0
651,2025-01-10,141,33,0,1,0,32
652,2025-01-10,142,53,0,4,0,49
653,2025-01-10,143,48,0,2,0,46
654,2025-01-10,144,0,0,0,0,0
655,2025-01-10,145,23,0,0,0,23
656,2025-01-10,146,14,0,0,0,14
657,2025-01-10,147,0,0,0,0,0
658,2025-01-10,148,12,0,0,0,12
659,2025-01-10,149,20,0,0,0,20
660,2025-01-10,150,13,0,1,0,12
661,2025-01-10,151,42,0,0,0,42
662,2025-01-10,152,23,0,0,0,23
663,2025-01-10,153,0,0,0,0,0
664,2025-01-10,154,0,0,0,0,0
665,2025-01-10,155,11,0,0,0,11
666,2025-01-10,156,48,0,3,0,45
667,2025-01-10,157,26,0,1,0,25
668,2025-01-10,158,47,0,1,0,46
669,2025-01-10,159,36,0,1,0,35
670,2025-01-10,160,29,0,0,0,29
671,2025-01-10,161,28,0,0,0,28
672,2025-01-10,162,0,0,0,0,0
673,2025-01-10,163,14,0,0,0,14
674,2025-01-10,164,24,0,1,0,23
675,2025-01-10,165,15,0,0,0,15
676,2025-01-10,166,44,0,2,0,42
677,2025-01-10,167,43,0,1,0,42
678,2025-01-10,168,26,0,0,0,26
679,2025-01-10,169,14,0,0,0,14
680,2025-01-10,170,54,0,1,0,53
681,2025-01-11,101,25,0,0,0,25
682,2025-01-11,102,0,0,0,0,0
683,2025-01-11,103,0,0,0,0,0
684,2025-01-11,104,26,0,0,0,26
685,2025-01-11,105,25,0,0,0,25
686,2025-01-11,106,44,0,1,0,43
687,2025-01-11,108,15,0,0,0,15
688,2025-01-11,109,27,0,0,0,27
689,2025-01-11,110,47,0,1,0,46
690,2025-01-11,112,53,0,2,0,51
691,2025-01-11,113,0,0,0,0,0
692,2025-01-11,114,10,0,0,0,10
693,2025-01-11,115,0,0,0,0,0
694,2025-01-11,116,29,0,1,0,28
695,2025-01-11,117,23,0,1,0,22
696,2025-01-11,118,51,0,1,0,50
697,2025-01-11,119,43,0,1,0,42
698,2025-01-11,120,0,0,0,0,0
699,2025-01-11,121,0,0,0,0,0
700,2025-01-11,122,12,0,0,0,12
701,2025-01-11,123,28,0,0,0,28
702,2025-01-11,124,0,0,0,0,0
703,2025-01-11,125,10,0,0,0,10
704,2025-01-11,126,12,0,0,0,12
705,2025-01-11,127,22,0,0,0,22
706,2025-01-11,128,0,0,0,0,0
707,2025-01-11,129,13,0,0,0,13
708,2025-01-11,130,15,0,1,0,14
709,2025-01-11,131,54,0,0,0,54
710,2025-01-11,132,0,0,0,0,0
711,2025-01-11,133,0,0,0,0,0
712,2025-01-11,134,22,0,1,0,21
713,2025-01-11,135,20,0,1,0,19
714,2025-01-11,136,0,0,0,0,0
715,2025-01-11,137,0,0,0,0,0
716,2025-01-11,138,22,0,1,0,21
717,2025-01-11,139,23,0,0,0,23
718,2025-01-11,140,0,0,0,0,0
719,2025-01-11,141,32,0,0,0,32
720,2025-01-11,142,49,0,0,0,49
721,2025-01-11,143,46,0,0,0,46
722,2025-01-11,144,0,0,0,0,0
723,2025-01-11,145,23,0,0,0,23
724,2025-01-11,146,14,0,0,0,14
725,2025-01-11,147,0,0,0,0,0
726,2025-01-11,148,12,0,0,0,12
727,2025-01-11,149,20,0,0,0,20
728,2025-01-11,150,12,0,0,0,12
729,2025-01-11,151,42,0,1,0,41
730,2025-01-11,152,23,0,1,0,22
731,2025-01-11,153,0,0,0,0,0
732,2025-01-11,154,0,0,0,0,0
733,2025-01-11,155,11,0,1,0,10
734,2025-01-11,156,45,0,2,0,43
735,2025-01-11,157,25,0,0,0,25
736,2025-01-11,158,46,0,0,0,46
737,2025-01-11,159,35,0,0,0,35
738,2025-01-11,160,29,0,0,0,29
739,2025-01-11,161,28,0,0,0,28
740,2025-01-11,162,0,0,0,0,0
741,2025-01-11,163,14,0,0,0,14
742,2025-01-11,164,23,0,0,0,23
743,2025-01-11,165,15,0,0,0,15
744,2025-01-11,166,42,0,1,0,41
745,2025-01-11,167,42,0,0,0,42
746,2025-01-11,168,26,0,3,0,23
747,2025-01-11,169,14,0,0,0,14
748,2025-01-11,170,53,0,3,0,50
749,2025-01-12,101,25,0,1,0,24
750,2025-01-12,102,0,0,0,0,0
751,2025-01-12,103,0,0,0,0,0
752,2025-01-12,104,26,0,0,0,26
753,2025-01-12,105,25,0,1,0,24
754,2025-01-12,106,43,0,0,0,43
755,2025-01-12,108,15,0,0,0,15
756,2025-01-12,109,27,0,1,0,26
757,2025-01-12,110,46,0,1,0,45
758,2025-01-12,112,51,0,0,0,51
759,2025-01-12,113,0,0,0,0,0
760,2025-01-12,114,10,0,0,0,10
761,2025-01-12,115,0,0,0,0,0
762,2025-01-12,116,28,0,0,0,28
763,2025-01-12,117,22,0,0,0,22
764,2025-01-12,118,50,0,1,0,49
765,2025-01-12,119,42,0,1,0,41
766,2025-01-12,120,0,0,0,0,0
767,2025-01-12,121,0,0,0,0,0
768,2025-01-12,122,12,0,0,0,12
769,2025-01-12,123,28,0,1,0,27
770,2025-01-12,124,0,0,0,0,0
771,2025-01-12,125,10,0,0,0,10
772,2025-01-12,126,12,0,0,0,12
773,2025-01-12,127,22,0,0,0,22
774,2025-01-12,128,0,0,0,0,0
775,2025-01-12,129,13,0,0,0,13
776,2025-01-12,130,14,0,0,0,14
777,2025-01-12,131,54,0,0,0,54
778,2025-01-12,132,0,0,0,0,0
779,2025-01-12,133,0,0,0,0,0
780,2025-01-12,134,21,0,1,0,20
781,2025-01-12,135,19,0,1,0,18
782,2025-01-12,136,0,0,0,0,0
783,2025-01-12,137,0,0,0,0,0
784,2025-01-12,138,21,0,0,0,21
785,2025-01-12,139,23,0,0,0,23
786,2025-01-12,140,0,0,0,0,0
787,2025-01-12,141,32,0,1,0,31
788,2025-01-12,142,49,0,2,0,47
789,2025-01-12,143,46,0,0,0,46
790,2025-01-12,144,0,0,0,0,0
791,2025-01-12,145,23,0,0,0,23
792,2025-01-12,146,14,0,0,0,14
793,2025-01-12,147,0,0,0,0,0
794,2025-01-12,148,12,0,0,0,12
795,2025-01-12,149,20,0,2,0,18
796,2025-01-12,150,12,0,0,0,12
797,2025-01-12,151,41,0,0,0,41
798,2025-01-12,152,22,0,0,0,22
799,2025-01-12,153,0,0,0,0,0
800,2025-01-12,154,0,0,0,0,0
801,2025-01-12,155,10,0,0,0,10
802,2025-01-12,156,43,0,1,0,42
803,2025-01-12,157,25,0,0,0,25
804,2025-01-12,158,46,0,2,0,44
805,2025-01-12,159,35,0,1,0,34
806,2025-01-12,160,29,0,0,0,29
807,2025-01-12,161,28,0,0,0,28
808,2025-01-12,162,0,0,0,0,0
809,2025-01-12,163,14,0,0,0,14
810,2025-01-12,164,23,0,1,0,22
811,2025-01-12,165,15,0,0,0,15
812,2025-01-12,166,41,0,1,0,40
813,2025-01-12,167,42,0,3,0,39
814,2025-01-12,168,23,0,2,0,21
815,2025-01-12,169,14,0,0,0,14
816,2025-01-12,170,50,0,2,0,48
817,2025-01-13,101,24,0,1,0,23
818,2025-01-13,102,0,0,0,0,0
819,2025-01-13,103,0,0,0,0,0
820,2025-01-13,104,26,0,2,0,24
821,2025-01-13,105,24,0,0,0,24
822,2025-01-13,106,43,0,1,0,42
823,2025-01-13,108,15,0,0,0,15
824,2025-01-13,109,26,0,0,0,26
825,2025-01-13,110,45,0,2,0,43
826,2025-01-13,112,51,0,3,0,48
827,2025-01-13,113,0,0,0,0,0
828,2025-01-13,114,10,0,0,0,10
829,2025-01-13,115,0,0,0,0,0
830,2025-01-13,116,28,0,0,-3,25
831,2025-01-13,117,22,0,2,0,20
832,2025-01-13,118,49,0,1,0,48
833,2025-01-13,119,41,0,1,0,40
834,2025-01-13,120,0,0,0,0,0
835,2025-01-13,121,0,0,0,0,0
836,2025-01-13,122,12,0,1,0,11
837,2025-01-13,123,27,0,0,0,27
838,2025-01-13,124,0,0,0,0,0
839,2025-01-13,125,10,0,0,0,10
840,2025-01-13,126,12,0,0,0,12
841,2025-01-13,127,22,0,1,0,21
842,2025-01-13,128,0,0,0,0,0
843,2025-01-13,129,13,0,0,0,13
844,2025-01-13,130,14,0,0,0,14
845,2025-01-13,131,54,0,0,0,54
846,2025-01-13,132,0,0,0,0,0
847,2025-01-13,133,0,0,0,0,0
848,2025-01-13,134,20,0,0,0,20
849,2025-01-13,135,18,0,1,0,17
850,2025-01-13,136,0,0,0,0,0
851,2025-01-13,137,0,0,0,0,0
852,2025-01-13,138,21,0,0,0,21
853,2025-01-13,139,23,0,2,0,21
854,2025-01-13,140,0,0,0,0,0
855,2025-01-13,141,31,0,0,0,31
856,2025-01-13,142,47,0,0,0,47
857,2025-01-13,143,46,0,1,0,45
858,2025-01-13,144,0,0,0,0,0
859,2025-01-13,145,23,0,2,0,21
860,2025-01-13,146,14,0,0,0,14
861,2025-01-13,147,0,0,0,0,0
862,2025-01-13,148,12,0,0,0,12
863,2025-01-13,149,18,0,0,0,18
864,2025-01-13,150,12,0,0,0,12
865,2025-01-13,151,41,0,1,0,40
866,2025-01-13,152,22,0,0,0,22
867,2025-01-13,153,0,0,0,0,0
868,2025-01-13,154,0,0,0,0,0
869,2025-01-13,155,10,0,1,0,9
870,2025-01-13,156,42,0,0,0,42
871,2025-01-13,157,25,0,0,0,25
872,2025-01-13,158,44,0,1,0,43
873,2025-01-13,159,34,0,0,0,34
874,2025-01-13,160,29,0,0,0,29
875,2025-01-13,161,28,0,1,0,27
876,2025-01-13,162,0,0,0,0,0
877,2025-01-13,163,14,0,0,0,14
878,2025-01-13,164,22,0,0,-3,19
879,2025-01-13,165,15,0,0,0,15
880,2025-01-13,166,40,0,1,0,39
881,2025-01-13,167,39,0,0,0,39
882,2025-01-13,168,21,0,1,0,20
883,2025-01-13,169,14,0,0,0,14
884,2025-01-13,170,48,0,0,0,48
885,2025-01-14,101,23,0,0,0,23
886,2025-01-14,102,0,0,0,0,0
887,2025-01-14,103,0,0,0,0,0
888,2025-01-14,104,24,0,1,0,23
889,2025-01-14,105,24,0,2,0,22
890,2025-01-14,106,42,0,1,0,41
891,2025-01-14,108,15,0,0,0,15
892,2025-01-14,109,26,0,0,0,26
893,2025-01-14,110,43,0,1,0,42
894,2025-01-14,112,48,0,1,0,47
895,2025-01-14,113,0,0,0,0,0
896,2025-01-14,114,10,0,0,0,10
897,2025-01-14,115,0,0,0,0,0
898,2025-01-14,116,25,0,1,0,24
899,2025-01-14,117,20,0,1,0,19
900,2025-01-14,118,48,0,4,0,44
901,2025-01-14,119,40,0,3,0,37
902,2025-01-14,120,0,0,0,0,0
903,2025-01-14,121,0,0,0,0,0
904,2025-01-14,122,11,0,0,0,11
905,2025-01-14,123,27,0,0,0,27
906,2025-01-14,124,0,0,0,0,0
907,2025-01-14,125,10,0,0,0,10
908,2025-01-14,126,12,0,0,0,12
909,2025-01-14,127,21,0,0,0,21
910,2025-01-14,128,0,0,0,0,0
911,2025-01-14,129,13,0,0,0,13
912,2025-01-14,130,14,0,0,0,14
913,2025-01-14,131,54,0,2,0,52
914,2025-01-14,132,0,0,0,0,0
915,2025-01-14,133,0,0,0,0,0
916,2025-01-14,134,20,0,0,0,20
917,2025-01-14,135,17,0,0,0,17
918,2025-01-14,136,0,0,0,0,0
919,2025-01-14,137,0,0,0,0,0
920,2025-01-14,138,21,0,1,0,20
921,2025-01-14,139,21,0,0,0,21
922,2025-01-14,140,0,0,0,0,0
923,2025-01-14,141,31,0,1,0,30
924,2025-01-14,142,47,0,1,0,46
925,2025-01-14,143,45,0,2,0,43
926,2025-01-14,144,0,0,0,0,0
927,2025-01-14,145,21,0,0,0,21
928,2025-01-14,146,14,0,0,0,14
929,2025-01-14,147,0,0,0,0,0
930,2025-01-14,148,12,0,0,0,12
931,2025-01-14,149,18,0,0,0,18
932,2025-01-14,150,12,0,0,0,12
933,2025-01-14,151,40,0,2,0,38
934,2025-01-14,152,22,0,1,0,21
935,2025-01-14,153,0,0,0,0,0
936,2025-01-14,154,0,0,0,0,0
937,2025-01-14,155,9,0,1,0,8
938,2025-01-14,156,42,0,1,0,41
939,2025-01-14,157,25,0,0,0,25
940,2025-01-14,158,43,0,3,0,40
941,2025-01-14,159,34,0,4,0,30
942,2025-01-14,160,29,0,0,0,29
943,2025-01-14,161,27,0,0,0,27
944,2025-01-14,162,0,0,0,0,0
945,2025-01-14,163,14,0,0,0,14
946,2025-01-14,164,19,0,0,0,19
947,2025-01-14,165,15,0,0,0,15
948,2025-01-14,166,39,0,1,0,38
949,2025-01-14,167,39,0,0,0,39
950,2025-01-14,168,20,0,2,0,18
951,2025-01-14,169,14,0,0,0,14
952,2025-01-14,170,48,0,0,0,48
953,2025-01-15,101,23,0,1,0,22
954,2025-01-15,102,0,0,0,0,0
955,2025-01-15,103,0,0,0,0,0
956,2025-01-15,104,23,0,0,0,23
957,2025-01-15,105,22,0,0,0,22
958,2025-01-15,106,41,0,1,0,40
959,2025-01-15,108,15,0,0,0,15
960,2025-01-15,109,26,0,0,0,26
961,2025-01-15,110,42,0,1,0,41
962,2025-01-15,112,47,0,2,0,45
963,2025-01-15,113,0,0,0,0,0
964,2025-01-15,114,10,0,0,0,10
965,2025-01-15,115,0,0,0,0,0
966,2025-01-15,116,24,0,0,0,24
967,2025-01-15,117,19,0,1,0,18
968,2025-01-15,118,44,0,2,0,42
969,2025-01-15,119,37,0,0,0,37
970,2025-01-15,120,0,0,0,0,0
971,2025-01-15,121,0,0,0,0,0
972,2025-01-15,122,11,0,1,0,10
973,2025-01-15,123,27,0,2,0,25
974,2025-01-15,124,0,0,0,0,0
975,2025-01-15,125,10,0,0,0,10
976,2025-01-15,126,12,0,0,0,12
977,2025-01-15,127,21,0,0,0,21
978,2025-01-15,128,0,0,0,0,0
979,2025-01-15,129,13,0,0,0,13
980,2025-01-15,130,14,0,0,0,14
981,2025-01-15,131,52,0,1,0,51
982,2025-01-15,132,0,0,0,0,0
983,2025-01-15,133,0,0,0,0,0
984,2025-01-15,134,20,0,0,0,20
985,2025-01-15,135,17,0,2,0,15
986,2025-01-15,136,0,0,0,0,0
987,2025-01-15,137,0,0,0,0,0
988,2025-01-15,138,20,0,1,0,19
989,2025-01-15,139,21,0,2,0,19
990,2025-01-15,140,0,0,0,0,0
991,2025-01-15,141,30,0,0,0,30
992,2025-01-15,142,46,0,0,0,46
993,2025-01-15,143,43,0,1,0,42
994,2025-01-15,144,0,0,0,0,0
995,2025-01-15,145,21,0,0,0,21
996,2025-01-15,146,14,0,0,0,14
997,2025-01-15,147,0,0,0,0,0
998,2025-01-15,148,12,0,0,0,12
999,2025-01-15,149,18,0,0,0,18
1000,2025-01-15,150,12,0,1,0,11
1001,2025-01-15,151,38,0,2,0,36
1002,2025-01-15,152,21,0,0,0,21
1003,2025-01-15,153,0,0,0,0,0
1004,2025-01-15,154,0,0,0,0,0
1005,2025-01-15,155,8,0,0,0,8
1006,2025-01-15,156,41,0,1,0,40
1007,2025-01-15,157,25,0,0,0,25
1008,2025-01-15,158,40,0,2,0,38
1009,2025-01-15,159,30,0,0,0,30
1010,2025-01-15,160,29,0,0,0,29
1011,2025-01-15,161,27,0,1,0,26
1012,2025-01-15,162,0,0,0,0,0
1013,2025-01-15,163,14,0,0,0,14
1014,2025-01-15,164,19,0,2,0,17
1015,2025-01-15,165,15,0,1,0,14
1016,2025-01-15,166,38,0,3,0,35
1017,2025-01-15,167,39,0,0,0,39
1018,2025-01-15,168,18,0,1,0,17
1019,2025-01-15,169,14,0,0,0,14
1020,2025-01-15,170,48,0,2,0,46
1021,2025-01-16,101,22,0,0,0,22
1022,2025-01-16,102,0,0,0,0,0
1023,2025-01-16,103,0,0,0,0,0
1024,2025-01-16,104,23,0,0,0,23
1025,2025-01-16,105,22,0,0,0,22
1026,2025-01-16,106,40,0,1,0,39
1027,2025-01-16,108,15,0,0,0,15
1028,2025-01-16,109,26,0,2,0,24
1029,2025-01-16,110,41,0,1,0,40
1030,2025-01-16,112,45,0,1,0,44
1031,2025-01-16,113,0,0,0,0,0
1032,2025-01-16,114,10,0,1,0,9
1033,2025-01-16,115,0,0,0,0,0
1034,2025-01-16,116,24,0,2,0,22
1035,2025-01-16,117,18,0,0,0,18
1036,2025-01-16,118,42,0,3,0,39
1037,2025-01-16,119,37,0,3,0,34
1038,2025-01-16,120,0,0,0,0,0
1039,2025-01-16,121,0,0,0,0,0
1040,2025-01-16,122,10,0,0,0,10
1041,2025-01-16,123,25,0,0,0,25
1042,2025-01-16,124,0,0,0,0,0
1043,2025-01-16,125,10,0,0,0,10
1044,2025-01-16,126,12,0,0,0,12
1045,2025-01-16,127,21,0,1,0,20
1046,2025-01-16,128,0,0,0,0,0
1047,2025-01-16,129,13,0,0,0,13
1048,2025-01-16,130,14,0,0,0,14
1049,2025-01-16,131,51,0,0,0,51
1050,2025-01-16,132,0,0,0,0,0
1051,2025-01-16,133,0,0,0,0,0
1052,2025-01-16,134,20,0,1,0,19
1053,2025-01-16,135,15,0,1,0,14
1054,2025-01-16,136,0,0,0,0,0
1055,2025-01-16,137,0,0,0,0,0
1056,2025-01-16,138,19,0,0,0,19
1057,2025-01-16,139,19,0,0,0,19
1058,2025-01-16,140,0,0,0,0,0
1059,2025-01-16,141,30,0,0,0,30
1060,2025-01-16,142,46,0,2,0,44
1061,2025-01-16,143,42,0,0,0,42
1062,2025-01-16,144,0,0,0,0,0
1063,2025-01-16,145,21,0,0,0,21
1064,2025-01-16,146,14,0,0,0,14
1065,2025-01-16,147,0,0,0,0,0
1066,2025-01-16,148,12,0,0,0,12
1067,2025-01-16,149,18,0,0,0,18
1068,2025-01-16,150,11,0,0,0,11
1069,2025-01-16,151,36,0,5,0,31
1070,2025-01-16,152,21,0,1,0,20
1071,2025-01-16,153,0,0,0,0,0
1072,2025-01-16,154,0,0,0,0,0
1073,2025-01-16,155,8,0,0,0,8
1074,2025-01-16,156,40,0,2,0,38
1075,2025-01-16,157,25,0,0,0,25
1076,2025-01-16,158,38,0,1,0,37
1077,2025-01-16,159,30,0,1,0,29
1078,2025-01-16,160,29,0,0,0,29
1079,2025-01-16,161,26,0,0,0,26
1080,2025-01-16,162,0,0,0,0,0
1081,2025-01-16,163,14,0,0,0,14
1082,2025-01-16,164,17,0,0,0,17
1083,2025-01-16,165,14,0,0,0,14
1084,2025-01-16,166,35,0,3,0,32
1085,2025-01-16,167,39,0,4,0,35
1086,2025-01-16,168,17,0,2,0,15
1087,2025-01-16,169,14,0,0,0,14
1088,2025-01-16,170,46,0,0,0,46
1089,2025-01-17,101,22,0,1,0,21
1090,2025-01-17,102,0,0,0,0,0
1091,2025-01-17,103,0,0,0,0,0
1092,2025-01-17,104,23,0,0,0,23
1093,2025-01-17,105,22,0,1,0,21
1094,2025-01-17,106,39,0,1,0,38
1095,2025-01-17,108,15,0,0,0,15
1096,2025-01-17,109,24,0,0,0,24
1097,2025-01-17,110,40,0,0,0,40
1098,2025-01-17,112,44,0,3,0,41
1099,2025-01-17,113,0,0,0,0,0
1100,2025-01-17,114,9,0,0,0,9
1101,2025-01-17,115,0,0,0,0,0
1102,2025-01-17,116,22,0,0,0,22
1103,2025-01-17,117,18,0,1,0,17
1104,2025-01-17,118,39,0,1,0,38
1105,2025-01-17,119,34,0,0,0,34
1106,2025-01-17,120,0,0,0,0,0
1107,2025-01-17,121,0,0,0,0,0
1108,2025-01-17,122,10,0,0,0,10
1109,2025-01-17,123,25,0,0,0,25
1110,2025-01-17,124,0,0,0,0,0
1111,2025-01-17,125,10,0,0,0,10
1112,2025-01-17,126,12,0,0,0,12
1113,2025-01-17,127,20,0,0,0,20
1114,2025-01-17,128,0,0,0,0,0
1115,2025-01-17,129,13,0,0,0,13
1116,2025-01-17,130,14,0,0,0,14
1117,2025-01-17,131,51,0,2,0,49
1118,2025-01-17,132,0,0,0,0,0
1119,2025-01-17,133,0,0,0,0,0
1120,2025-01-17,134,19,0,0,0,19
1121,2025-01-17,135,14,0,0,0,14
1122,2025-01-17,136,0,0,0,0,0
1123,2025-01-17,137,0,0,0,0,0
1124,2025-01-17,138,19,0,0,0,19
1125,2025-01-17,139,19,0,0,0,19
1126,2025-01-17,140,0,0,0,0,0
1127,2025-01-17,141,30,0,0,0,30
1128,2025-01-17,142,44,0,0,0,44
1129,2025-01-17,143,42,0,1,0,41
1130,2025-01-17,144,0,0,0,0,0
1131,2025-01-17,145,21,0,0,0,21
1132,2025-01-17,146,14,0,0,0,14
1133,2025-01-17,147,0,0,0,0,0
1134,2025-01-17,148,12,0,0,-1,11
1135,2025-01-17,149,18,0,0,0,18
1136,2025-01-17,150,11,0,0,0,11
1137,2025-01-17,151,31,0,0,0,31
1138,2025-01-17,152,20,0,1,0,19
1139,2025-01-17,153,0,0,0,0,0
1140,2025-01-17,154,0,0,0,0,0
1141,2025-01-17,155,8,0,0,0,8
1142,2025-01-17,156,38,0,3,0,35
1143,2025-01-17,157,25,0,0,0,25
1144,2025-01-17,158,37,0,1,0,36
1145,2025-01-17,159,29,0,0,0,29
1146,2025-01-17,160,29,0,0,0,29
1147,2025-01-17,161,26,0,1,0,25
1148,2025-01-17,162,0,0,0,0,0
1149,2025-01-17,163,14,0,0,0,14
1150,2025-01-17,164,17,0,0,0,17
1151,2025-01-17,165,14,0,0,0,14
1152,2025-01-17,166,32,0,0,0,32
1153,2025-01-17,167,35,0,1,0,34
1154,2025-01-17,168,15,0,1,0,14
1155,2025-01-17,169,14,0,0,0,14
1156,2025-01-17,170,46,0,2,0,44
1157,2025-01-18,101,21,0,1,0,20
1158,2025-01-18,102,0,0,0,0,0
1159,2025-01-18,103,0,0,0,0,0
1160,2025-01-18,104,23,0,0,0,23
1161,2025-01-18,105,21,0,1,0,20
1162,2025-01-18,106,38,0,0,0,38
1163,2025-01-18,108,15,0,0,0,15
1164,2025-01-18,109,24,0,0,0,24
1165,2025-01-18,110,40,0,0,0,40
1166,2025-01-18,112,41,0,1,0,40
1167,2025-01-18,113,0,0,0,0,0
1168,2025-01-18,114,9,0,1,0,8
1169,2025-01-18,115,0,0,0,0,0
1170,2025-01-18,116,22,0,1,0,21
1171,2025-01-18,117,17,0,0,0,17
1172,2025-01-18,118,38,0,0,0,38
1173,2025-01-18,119,34,0,0,0,34
1174,2025-01-18,120,0,0,0,0,0
1175,2025-01-18,121,0,0,0,0,0
1176,2025-01-18,122,10,0,0,0,10
1177,2025-01-18,123,25,0,0,0,25
1178,2025-01-18,124,0,0,0,0,0
1179,2025-01-18,125,10,0,0,0,10
1180,2025-01-18,126,12,0,0,0,12
1181,2025-01-18,127,20,0,0,0,20
1182,2025-01-18,128,0,0,0,0,0
1183,2025-01-18,129,13,0,0,0,13
1184,2025-01-18,130,14,0,0,0,14
1185,2025-01-18,131,49,0,2,0,47
1186,2025-01-18,132,0,0,0,0,0
1187,2025-01-18,133,0,0,0,0,0
1188,2025-01-18,134,19,0,2,0,17
1189,2025-01-18,135,14,0,0,0,14
1190,2025-01-18,136,0,0,0,0,0
1191,2025-01-18,137,0,0,0,0,0
1192,2025-01-18,138,19,0,0,0,19
1193,2025-01-18,139,19,0,0,0,19
1194,2025-01-18,140,0,0,0,0,0
1195,2025-01-18,141,30,0,0,0,30
1196,2025-01-18,142,44,0,2,0,42
1197,2025-01-18,143,41,0,1,0,40
1198,2025-01-18,144,0,0,0,0,0
1199,2025-01-18,145,21,0,0,0,21
1200,2025-01-18,146,14,0,0,0,14
1201,2025-01-18,147,0,0,0,0,0
1202,2025-01-18,148,11,0,0,0,11
1203,2025-01-18,149,18,0,1,0,17
1204,2025-01-18,150,11,0,0,0,11
1205,2025-01-18,151,31,0,0,0,31
1206,2025-01-18,152,19,0,0,0,19
1207,2025-01-18,153,0,0,0,0,0
1208,2025-01-18,154,0,0,0,0,0
1209,2025-01-18,155,8,0,0,0,8
1210,2025-01-18,156,35,0,0,0,35
1211,2025-01-18,157,25,0,1,0,24
1212,2025-01-18,158,36,0,0,0,36
1213,2025-01-18,159,29,0,2,0,27
1214,2025-01-18,160,29,0,0,0,29
1215,2025-01-18,161,25,0,1,0,24
1216,2025-01-18,162,0,0,0,0,0
1217,2025-01-18,163,14,0,0,0,14
1218,2025-01-18,164,17,0,0,0,17
1219,2025-01-18,165,14,0,1,0,13
1220,2025-01-18,166,32,0,0,0,32
1221,2025-01-18,167,34,0,1,0,33
1222,2025-01-18,168,14,0,1,0,13
1223,2025-01-18,169,14,0,1,0,13
1224,2025-01-18,170,44,0,1,0,43
1225,2025-01-19,101,20,0,0,0,20
1226,2025-01-19,102,0,0,0,0,0
1227,2025-01-19,103,0,0,0,0,0
1228,2025-01-19,104,23,0,1,0,22
1229,2025-01-19,105,20,0,0,0,20
1230,2025-01-19,106,38,0,0,0,38
1231,2025-01-19,108,15,0,0,0,15
1232,2025-01-19,109,24,0,0,0,24
1233,2025-01-19,110,40,0,1,0,39
1234,2025-01-19,112,40,0,0,0,40
1235,2025-01-19,113,0,0,0,0,0
1236,2025-01-19,114,8,0,0,0,8
1237,2025-01-19,115,0,0,0,0,0
1238,2025-01-19,116,21,0,2,0,19
1239,2025-01-19,117,17,0,1,0,16
1240,2025-01-19,118,38,0,1,0,37
1241,2025-01-19,119,34,0,0,0,34
1242,2025-01-19,120,0,0,0,0,0
1243,2025-01-19,121,0,0,0,0,0
1244,2025-01-19,122,10,0,0,0,10
1245,2025-01-19,123,25,0,0,0,25
1246,2025-01-19,124,0,0,0,0,0
1247,2025-01-19,125,10,0,0,0,10
1248,2025-01-19,126,12,0,1,0,11
1249,2025-01-19,127,20,0,2,0,18
1250,2025-01-19,128,0,0,0,0,0
1251,2025-01-19,129,13,0,0,0,13
1252,2025-01-19,130,14,0,0,0,14
1253,2025-01-19,131,47,0,1,0,46
1254,2025-01-19,132,0,0,0,0,0
1255,2025-01-19,133,0,0,0,0,0
1256,2025-01-19,134,17,0,1,0,16
1257,2025-01-19,135,14,0,0,0,14
1258,2025-01-19,136,0,0,0,0,0
1259,2025-01-19,137,0,0,0,0,0
1260,2025-01-19,138,19,0,0,0,19
1261,2025-01-19,139,19,0,0,0,19
1262,2025-01-19,140,0,0,0,0,0
1263,2025-01-19,141,30,0,1,0,29
1264,2025-01-19,142,42,0,1,0,41
1265,2025-01-19,143,40,0,0,0,40
1266,2025-01-19,144,0,0,0,0,0
1267,2025-01-19,145,21,0,0,0,21
1268,2025-01-19,146,14,0,0,0,14
1269,2025-01-19,147,0,0,0,0,0
1270,2025-01-19,148,11,0,0,0,11
1271,2025-01-19,149,17,0,0,0,17
1272,2025-01-19,150,11,0,0,0,11
1273,2025-01-19,151,31,0,2,0,29
1274,2025-01-19,152,19,0,1,0,18
1275,2025-01-19,153,0,0,0,0,0
1276,2025-01-19,154,0,0,0,0,0
1277,2025-01-19,155,8,0,0,0,8
1278,2025-01-19,156,35,0,1,0,34
1279,2025-01-19,157,24,0,1,0,23
1280,2025-01-19,158,36,0,3,0,33
1281,2025-01-19,159,27,0,0,0,27
1282,2025-01-19,160,29,0,0,0,29
1283,2025-01-19,161,24,0,0,0,24
1284,2025-01-19,162,0,0,0,0,0
1285,2025-01-19,163,14,0,0,0,14
1286,2025-01-19,164,17,0,1,0,16
1287,2025-01-19,165,13,0,1,0,12
1288,2025-01-19,166,32,0,2,0,30
1289,2025-01-19,167,33,0,0,0,33
1290,2025-01-19,168,13,0,2,0,11
1291,2025-01-19,169,13,0,0,0,13
1292,2025-01-19,170,43,0,1,-1,41
1293,2025-01-20,101,20,0,0,0,20
1294,2025-01-20,102,0,0,0,0,0
1295,2025-01-20,103,0,0,0,0,0
1296,2025-01-20,104,22,0,0,0,22
1297,2025-01-20,105,20,0,0,0,20
1298,2025-01-20,106,38,0,0,0,38
1299,2025-01-20,108,15,0,1,0,14
1300,2025-01-20,109,24,0,0,0,24
1301,2025-01-20,110,39,0,2,0,37
1302,2025-01-20,112,40,0,1,0,39
1303,2025-01-20,113,0,0,0,0,0
1304,2025-01-20,114,8,0,1,0,7
1305,2025-01-20,115,0,0,0,0,0
1306,2025-01-20,116,19,0,2,0,17
1307,2025-01-20,117,16,0,0,0,16
1308,2025-01-20,118,37,0,0,0,37
1309,2025-01-20,119,34,0,1,0,33
1310,2025-01-20,120,0,0,0,0,0
1311,2025-01-20,121,0,0,0,0,0
1312,2025-01-20,122,10,0,0,0,10
1313,2025-01-20,123,25,0,1,0,24
1314,2025-01-20,124,0,0,0,0,0
1315,2025-01-20,125,10,0,0,0,10
1316,2025-01-20,126,11,0,0,0,11
1317,2025-01-20,127,18,0,1,0,17
1318,2025-01-20,128,0,0,0,0,0
1319,2025-01-20,129,13,0,0,0,13
1320,2025-01-20,130,14,0,0,0,14
1321,2025-01-20,131,46,0,1,0,45
1322,2025-01-20,132,0,0,0,0,0
1323,2025-01-20,133,0,0,0,0,0
1324,2025-01-20,134,16,0,0,0,16
1325,2025-01-20,135,14,0,0,0,14
1326,2025-01-20,136,0,0,0,0,0
1327,2025-01-20,137,0,0,0,0,0
1328,2025-01-20,138,19,0,1,0,18
1329,2025-01-20,139,19,0,0,0,19
1330,2025-01-20,140,0,0,0,0,0
1331,2025-01-20,141,29,0,0,0,29
1332,2025-01-20,142,41,0,1,0,40
1333,2025-01-20,143,40,0,2,0,38
1334,2025-01-20,144,0,0,0,0,0
1335,2025-01-20,145,21,0,1,0,20
1336,2025-01-20,146,14,0,0,0,14
1337,2025-01-20,147,0,0,0,0,0
1338,2025-01-20,148,11,0,0,0,11
1339,2025-01-20,149,17,0,0,0,17
1340,2025-01-20,150,11,0,0,0,11
1341,2025-01-20,151,29,0,1,0,28
1342,2025-01-20,152,18,0,0,0,18
1343,2025-01-20,153,0,0,0,0,0
1344,2025-01-20,154,0,0,0,0,0
1345,2025-01-20,155,8,0,0,0,8
1346,2025-01-20,156,34,0,1,0,33
1347,2025-01-20,157,23,0,1,0,22
1348,2025-01-20,158,33,0,3,0,30
1349,2025-01-20,159,27,0,0,0,27
1350,2025-01-20,160,29,0,0,0,29
1351,2025-01-20,161,24,0,0,0,24
1352,2025-01-20,162,0,0,0,0,0
1353,2025-01-20,163,14,0,0,0,14
1354,2025-01-20,164,16,0,0,0,16
1355,2025-01-20,165,12,0,0,0,12
1356,2025-01-20,166,30,0,2,0,28
1357,2025-01-20,167,33,0,3,0,30
1358,2025-01-20,168,11,0,1,0,10
1359,2025-01-20,169,13,0,1,0,12
1360,2025-01-20,170,41,0,0,0,41
1361,2025-01-21,101,20,0,1,0,19
1362,2025-01-21,102,0,0,0,0,0
1363,2025-01-21,103,0,0,0,0,0
1364,2025-01-21,104,22,0,1,0,21
1365,2025-01-21,105,20,0,0,0,20
1366,2025-01-21,106,38,0,1,0,37
1367,2025-01-21,108,14,0,0,0,14
1368,2025-01-21,109,24,0,0,0,24
1369,2025-01-21,110,37,0,3,0,34
1370,2025-01-21,112,39,0,1,0,38
1371,2025-01-21,113,0,0,0,0,0
1372,2025-01-21,114,7,0,0,0,7
1373,2025-01-21,115,0,0,0,0,0
1374,2025-01-21,116,17,0,0,0,17
1375,2025-01-21,117,16,0,0,0,16
1376,2025-01-21,118,37,0,1,0,36
1377,2025-01-21,119,33,0,2,0,31
1378,2025-01-21,120,0,0,0,0,0
1379,2025-01-21,121,0,0,0,0,0
1380,2025-01-21,122,10,0,0,0,10
1381,2025-01-21,123,24,0,1,0,23
1382,2025-01-21,124,0,0,0,0,0
1383,2025-01-21,125,10,0,0,0,10
1384,2025-01-21,126,11,0,0,0,11
1385,2025-01-21,127,17,0,0,0,17
1386,2025-01-21,128,0,0,0,0,0
1387,2025-01-21,129,13,0,0,0,13
1388,2025-01-21,130,14,0,0,0,14
1389,2025-01-21,131,45,0,1,0,44
1390,2025-01-21,132,0,0,0,0,0
1391,2025-01-21,133,0,0,0,0,0
1392,2025-01-21,134,16,0,1,0,15
1393,2025-01-21,135,14,0,0,0,14
1394,2025-01-21,136,0,0,0,0,0
1395,2025-01-21,137,0,0,0,0,0
1396,2025-01-21,138,18,0,1,0,17
1397,2025-01-21,139,19,0,1,0,18
1398,2025-01-21,140,0,0,0,0,0
1399,2025-01-21,141,29,0,0,0,29
1400,2025-01-21,142,40,0,1,0,39
1401,2025-01-21,143,38,0,2,0,36
1402,2025-01-21,144,0,0,0,0,0
1403,2025-01-21,145,20,0,1,0,19
1404,2025-01-21,146,14,0,0,0,14
1405,2025-01-21,147,0,0,0,0,0
1406,2025-01-21,148,11,0,1,0,10
1407,2025-01-21,149,17,0,0,0,17
1408,2025-01-21,150,11,0,1,0,10
1409,2025-01-21,151,28,0,1,0,27
1410,2025-01-21,152,18,0,1,0,17
1411,2025-01-21,153,0,0,0,0,0
1412,2025-01-21,154,0,0,0,0,0
1413,2025-01-21,155,8,0,0,0,8
1414,2025-01-21,156,33,0,4,0,29
1415,2025-01-21,157,22,0,0,0,22
1416,2025-01-21,158,30,0,0,0,30
1417,2025-01-21,159,27,0,0,0,27
1418,2025-01-21,160,29,0,0,0,29
1419,2025-01-21,161,24,0,1,0,23
1420,2025-01-21,162,0,0,0,0,0
1421,2025-01-21,163,14,0,1,0,13
1422,2025-01-21,164,16,0,0,0,16
1423,2025-01-21,165,12,0,0,0,12
1424,2025-01-21,166,28,0,4,0,24
1425,2025-01-21,167,30,0,0,0,30
1426,2025-01-21,168,10,0,0,0,10
1427,2025-01-21,169,12,0,0,-2,10
1428,2025-01-21,170,41,0,0,0,41
1429,2025-01-22,101,19,0,0,0,19
1430,2025-01-22,102,0,0,0,0,0
1431,2025-01-22,103,0,0,0,0,0
1432,2025-01-22,104,21,0,1,0,20
1433,2025-01-22,105,20,0,1,0,19
1434,2025-01-22,106,37,0,2,0,35
1435,2025-01-22,108,14,0,1,0,13
1436,2025-01-22,109,24,0,1,0,23
1437,2025-01-22,110,34,0,2,0,32
1438,2025-01-22,112,38,0,3,0,35
1439,2025-01-22,113,0,0,0,0,0
1440,2025-01-22,114,7,0,1,0,6
1441,2025-01-22,115,0,0,0,0,0
1442,2025-01-22,116,17,0,0,0,17
1443,2025-01-22,117,16,0,0,0,16
1444,2025-01-22,118,36,0,4,0,32
1445,2025-01-22,119,31,0,3,0,28
1446,2025-01-22,120,0,0,0,0,0
1447,2025-01-22,121,0,0,0,0,0
1448,2025-01-22,122,10,0,0,0,10
1449,2025-01-22,123,23,0,0,0,23
1450,2025-01-22,124,0,0,0,0,0
1451,2025-01-22,125,10,0,0,0,10
1452,2025-01-22,126,11,0,0,0,11
1453,2025-01-22,127,17,0,2,0,15
1454,2025-01-22,128,0,0,0,0,0
1455,2025-01-22,129,13,0,0,0,13
1456,2025-01-22,130,14,0,0,-2,12
1457,2025-01-22,131,44,0,2,0,42
1458,2025-01-22,132,0,0,0,0,0
1459,2025-01-22,133,0,0,0,0,0
1460,2025-01-22,134,15,0,1,0,14
1461,2025-01-22,135,14,0,5,0,9
1462,2025-01-22,136,0,0,0,0,0
1463,2025-01-22,137,0,0,0,0,0
1464,2025-01-22,138,17,0,0,0,17
1465,2025-01-22,139,18,0,1,0,17
1466,2025-01-22,140,0,0,0,0,0
1467,2025-01-22,141,29,0,0,0,29
1468,2025-01-22,142,39,0,1,0,38
1469,2025-01-22,143,36,0,0,0,36
1470,2025-01-22,144,0,0,0,0,0
1471,2025-01-22,145,19,0,0,0,19
1472,2025-01-22,146,14,0,0,0,14
1473,2025-01-22,147,0,0,0,0,0
1474,2025-01-22,148,10,0,0,0,10
1475,2025-01-22,149,17,0,1,0,16
1476,2025-01-22,150,10,0,0,0,10
1477,2025-01-22,151,27,0,3,0,24
1478,2025-01-22,152,17,0,0,0,17
1479,2025-01-22,153,0,0,0,0,0
1480,2025-01-22,154,0,0,0,0,0
1481,2025-01-22,155,8,0,1,0,7
1482,2025-01-22,156,29,0,2,0,27
1483,2025-01-22,157,22,0,0,0,22
1484,2025-01-22,158,30,0,3,0,27
1485,2025-01-22,159,27,0,2,0,25
1486,2025-01-22,160,29,0,2,0,27
1487,2025-01-22,161,23,0,0,0,23
1488,2025-01-22,162,0,0,0,0,0
1489,2025-01-22,163,13,0,0,0,13
1490,2025-01-22,164,16,0,0,0,16
1491,2025-01-22,165,12,0,0,0,12
1492,2025-01-22,166,24,0,0,0,24
1493,2025-01-22,167,30,0,0,0,30
1494,2025-01-22,168,10,0,1,0,9
1495,2025-01-22,169,10,0,0,0,10
1496,2025-01-22,170,41,0,1,0,40
1497,2025-01-23,101,19,0,1,0,18
1498,2025-01-23,102,0,0,0,0,0
1499,2025-01-23,103,0,0,0,0,0
1500,2025-01-23,104,20,0,4,0,16
1501,2025-01-23,105,19,0,0,0,19
1502,2025-01-23,106,35,0,0,0,35
1503,2025-01-23,108,13,0,0,0,13
1504,2025-01-23,109,23,0,0,0,23
1505,2025-01-23,110,32,0,0,0,32
1506,2025-01-23,112,35,0,1,0,34
1507,2025-01-23,113,0,0,0,0,0
1508,2025-01-23,114,6,0,0,0,6
1509,2025-01-23,115,0,0,0,0,0
1510,2025-01-23,116,17,0,0,0,17
1511,2025-01-23,117,16,0,0,0,16
1512,2025-01-23,118,32,0,1,0,31
1513,2025-01-23,119,28,0,4,0,24
1514,2025-01-23,120,0,0,0,0,0
1515,2025-01-23,121,0,0,0,0,0
1516,2025-01-23,122,10,0,0,0,10
1517,2025-01-23,123,23,0,2,0,21
1518,2025-01-23,124,0,0,0,0,0
1519,2025-01-23,125,10,0,0,0,10
1520,2025-01-23,126,11,0,0,0,11
1521,2025-01-23,127,15,0,0,0,15
1522,2025-01-23,128,0,0,0,0,0
1523,2025-01-23,129,13,0,0,0,13
1524,2025-01-23,130,12,0,0,0,12
1525,2025-01-23,131,42,0,1,0,41
1526,2025-01-23,132,0,0,0,0,0
1527,2025-01-23,133,0,0,0,0,0
1528,2025-01-23,134,14,0,0,0,14
1529,2025-01-23,135,9,0,0,0,9
1530,2025-01-23,136,0,0,0,0,0
1531,2025-01-23,137,0,0,0,0,0
1532,2025-01-23,138,17,0,0,0,17
1533,2025-01-23,139,17,0,0,0,17
1534,2025-01-23,140,0,0,0,0,0
1535,2025-01-23,141,29,0,0,0,29
1536,2025-01-23,142,38,0,1,0,37
1537,2025-01-23,143,36,0,3,0,33
1538,2025-01-23,144,0,0,0,0,0
1539,2025-01-23,145,19,0,0,0,19
1540,2025-01-23,146,14,0,0,0,14
1541,2025-01-23,147,0,0,0,0,0
1542,2025-01-23,148,10,0,0,0,10
1543,2025-01-23,149,16,0,0,0,16
1544,2025-01-23,150,10,0,0,0,10
1545,2025-01-23,151,24,0,1,0,23
1546,2025-01-23,152,17,0,0,0,17
1547,2025-01-23,153,0,0,0,0,0
1548,2025-01-23,154,0,0,0,0,0
1549,2025-01-23,155,7,0,0,0,7
1550,2025-01-23,156,27,0,1,0,26
1551,2025-01-23,157,22,0,0,0,22
1552,2025-01-23,158,27,0,1,0,26
1553,2025-01-23,159,25,0,1,0,24
1554,2025-01-23,160,27,0,1,0,26
1555,2025-01-23,161,23,0,0,0,23
1556,2025-01-23,162,0,0,0,0,0
1557,2025-01-23,163,13,0,0,0,13
1558,2025-01-23,164,16,0,0,0,16
1559,2025-01-23,165,12,0,0,0,12
1560,2025-01-23,166,24,0,0,0,24
1561,2025-01-23,167,30,0,2,0,28
1562,2025-01-23,168,9,0,2,0,7
1563,2025-01-23,169,10,0,0,0,10
1564,2025-01-23,170,40,0,3,0,37
1565,2025-01-24,101,18,0,1,0,17
1566,2025-01-24,102,0,0,0,0,0
1567,2025-01-24,103,0,0,0,0,0
1568,2025-01-24,104,16,0,2,0,14
1569,2025-01-24,105,19,0,3,0,16
1570,2025-01-24,106,35,0,0,0,35
1571,2025-01-24,108,13,0,0,0,13
1572,2025-01-24,109,23,0,1,0,22
1573,2025-01-24,110,32,0,0,0,32
1574,2025-01-24,112,34,0,1,0,33
1575,2025-01-24,113,0,0,0,0,0
1576,2025-01-24,114,6,0,0,0,6
1577,2025-01-24,115,0,0,0,0,0
1578,2025-01-24,116,17,0,0,0,17
1579,2025-01-24,117,16,0,0,0,16
1580,2025-01-24,118,31,0,2,0,29
1581,2025-01-24,119,24,0,0,0,24
1582,2025-01-24,120,0,0,0,0,0
1583,2025-01-24,121,0,0,0,0,0
1584,2025-01-24,122,10,0,1,0,9
1585,2025-01-24,123,21,0,0,0,21
1586,2025-01-24,124,0,0,0,0,0
1587,2025-01-24,125,10,0,0,0,10
1588,2025-01-24,126,11,0,0,0,11
1589,2025-01-24,127,15,0,0,0,15
1590,2025-01-24,128,0,0,0,0,0
1591,2025-01-24,129,13,0,0,0,13
1592,2025-01-24,130,12,0,1,0,11
1593,2025-01-24,131,41,0,3,0,38
1594,2025-01-24,132,0,0,0,0,0
1595,2025-01-24,133,0,0,0,0,0
1596,2025-01-24,134,14,0,1,0,13
1597,2025-01-24,135,9,0,1,0,8
1598,2025-01-24,136,0,0,0,0,0
1599,2025-01-24,137,0,0,0,0,0
1600,2025-01-24,138,17,0,0,0,17
1601,2025-01-24,139,17,0,0,0,17
1602,2025-01-24,140,0,0,0,0,0
1603,2025-01-24,141,29,0,0,0,29
1604,2025-01-24,142,37,0,2,0,35
1605,2025-01-24,143,33,0,1,0,32
1606,2025-01-24,144,0,0,0,0,0
1607,2025-01-24,145,19,0,0,0,19
1608,2025-01-24,146,14,0,0,0,14
1609,2025-01-24,147,0,0,0,0,0
1610,2025-01-24,148,10,0,0,0,10
1611,2025-01-24,149,16,0,2,0,14
1612,2025-01-24,150,10,0,0,0,10
1613,2025-01-24,151,23,0,0,0,23
1614,2025-01-24,152,17,0,0,0,17
1615,2025-01-24,153,0,0,0,0,0
1616,2025-01-24,154,0,0,0,0,0
1617,2025-01-24,155,7,0,0,0,7
1618,2025-01-24,156,26,0,3,0,23
1619,2025-01-24,157,22,0,1,0,21
1620,2025-01-24,158,26,0,2,0,24
1621,2025-01-24,159,24,0,1,0,23
1622,2025-01-24,160,26,0,0,0,26
1623,2025-01-24,161,23,0,1,0,22
1624,2025-01-24,162,0,0,0,0,0
1625,2025-01-24,163,13,0,0,0,13
1626,2025-01-24,164,16,0,1,0,15
1627,2025-01-24,165,12,0,1,0,11
1628,2025-01-24,166,24,0,1,0,23
1629,2025-01-24,167,28,0,1,0,27
1630,2025-01-24,168,7,24,0,0,31
1631,2025-01-24,169,10,0,0,0,10
1632,2025-01-24,170,37,0,2,0,35
1633,2025-01-25,101,17,0,0,0,17
1634,2025-01-25,102,0,0,0,0,0
1635,2025-01-25,103,0,0,0,0,0
1636,2025-01-25,104,14,0,0,0,14
1637,2025-01-25,105,16,0,0,0,16
1638,2025-01-25,106,35,0,0,0,35
1639,2025-01-25,108,13,0,0,0,13
1640,2025-01-25,109,22,0,0,0,22
1641,2025-01-25,110,32,0,0,0,32
1642,2025-01-25,112,33,0,1,0,32
1643,2025-01-25,113,0,0,0,0,0
1644,2025-01-25,114,6,0,0,0,6
1645,2025-01-25,115,0,0,0,0,0
1646,2025-01-25,116,17,0,2,0,15
1647,2025-01-25,117,16,0,1,0,15
1648,2025-01-25,118,29,0,2,0,27
1649,2025-01-25,119,24,0,2,0,22
1650,2025-01-25,120,0,0,0,0,0
1651,2025-01-25,121,0,0,0,0,0
1652,2025-01-25,122,9,0,0,0,9
1653,2025-01-25,123,21,0,0,0,21
1654,2025-01-25,124,0,0,0,0,0
1655,2025-01-25,125,10,0,0,0,10
1656,2025-01-25,126,11,0,0,0,11
1657,2025-01-25,127,15,0,0,0,15
1658,2025-01-25,128,0,0,0,0,0
1659,2025-01-25,129,13,0,0,0,13
1660,2025-01-25,130,11,0,1,0,10
1661,2025-01-25,131,38,0,1,0,37
1662,2025-01-25,132,0,0,0,0,0
1663,2025-01-25,133,0,0,0,0,0
1664,2025-01-25,134,13,0,0,0,13
1665,2025-01-25,135,8,0,0,0,8
1666,2025-01-25,136,0,0,0,0,0
1667,2025-01-25,137,0,0,0,0,0
1668,2025-01-25,138,17,0,0,0,17
1669,2025-01-25,139,17,0,0,0,17
1670,2025-01-25,140,0,0,0,0,0
1671,2025-01-25,141,29,0,1,0,28
1672,2025-01-25,142,35,0,0,0,35
1673,2025-01-25,143,32,0,2,0,30
1674,2025-01-25,144,0,0,0,0,0
1675,2025-01-25,145,19,0,0,0,19
1676,2025-01-25,146,14,0,0,0,14
1677,2025-01-25,147,0,0,0,0,0
1678,2025-01-25,148,10,0,0,0,10
1679,2025-01-25,149,14,0,0,0,14
1680,2025-01-25,150,10,0,0,0,10
1681,2025-01-25,151,23,0,0,0,23
1682,2025-01-25,152,17,0,0,0,17
1683,2025-01-25,153,0,0,0,0,0
1684,2025-01-25,154,0,0,0,0,0
1685,2025-01-25,155,7,0,0,0,7
1686,2025-01-25,156,23,0,0,0,23
1687,2025-01-25,157,21,0,1,0,20
1688,2025-01-25,158,24,0,3,0,21
1689,2025-01-25,159,23,0,2,0,21
1690,2025-01-25,160,26,0,0,0,26
1691,2025-01-25,161,22,0,1,0,21
1692,2025-01-25,162,0,0,0,0,0
1693,2025-01-25,163,13,0,0,0,13
1694,2025-01-25,164,15,0,0,0,15
1695,2025-01-25,165,11,0,0,0,11
1696,2025-01-25,166,23,0,0,0,23
1697,2025-01-25,167,27,0,0,0,27
1698,2025-01-25,168,31,0,0,0,31
1699,2025-01-25,169,10,0,0,0,10
1700,2025-01-25,170,35,0,1,0,34
1701,2025-01-26,101,17,0,0,0,17
1702,2025-01-26,102,0,0,0,0,0
1703,2025-01-26,103,0,0,0,0,0
1704,2025-01-26,104,14,0,0,0,14
1705,2025-01-26,105,16,0,0,0,16
1706,2025-01-26,106,35,0,4,0,31
1707,2025-01-26,108,13,0,0,0,13
1708,2025-01-26,109,22,0,0,0,22
1709,2025-01-26,110,32,0,1,0,31
1710,2025-01-26,112,32,0,1,0,31
1711,2025-01-26,113,0,0,0,0,0
1712,2025-01-26,114,6,0,0,0,6
1713,2025-01-26,115,0,0,0,0,0
1714,2025-01-26,116,15,0,0,0,15
1715,2025-01-26,117,15,0,0,0,15
1716,2025-01-26,118,27,0,0,0,27
1717,2025-01-26,119,22,0,1,0,21
1718,2025-01-26,120,0,0,0,0,0
1719,2025-01-26,121,0,0,0,0,0
1720,2025-01-26,122,9,0,0,0,9
1721,2025-01-26,123,21,0,0,0,21
1722,2025-01-26,124,0,0,0,0,0
1723,2025-01-26,125,10,0,0,0,10
1724,2025-01-26,126,11,0,0,0,11
1725,2025-01-26,127,15,0,3,0,12
1726,2025-01-26,128,0,0,0,0,0
1727,2025-01-26,129,13,0,0,0,13
1728,2025-01-26,130,10,0,0,0,10
1729,2025-01-26,131,37,0,2,0,35
1730,2025-01-26,132,0,0,0,0,0
1731,2025-01-26,133,0,0,0,0,0
1732,2025-01-26,134,13,0,0,0,13
1733,2025-01-26,135,8,0,0,0,8
1734,2025-01-26,136,0,0,0,0,0
1735,2025-01-26,137,0,0,0,0,0
1736,2025-01-26,138,17,0,0,0,17
1737,2025-01-26,139,17,0,0,0,17
1738,2025-01-26,140,0,0,0,0,0
1739,2025-01-26,141,28,0,0,0,28
1740,2025-01-26,142,35,0,0,0,35
1741,2025-01-26,143,30,0,1,0,29
1742,2025-01-26,144,0,0,0,0,0
1743,2025-01-26,145,19,0,1,0,18
1744,2025-01-26,146,14,0,0,0,14
1745,2025-01-26,147,0,0,0,0,0
1746,2025-01-26,148,10,0,0,0,10
1747,2025-01-26,149,14,0,0,0,14
1748,2025-01-26,150,10,0,1,0,9
1749,2025-01-26,151,23,0,1,0,22
1750,2025-01-26,152,17,0,0,0,17
1751,2025-01-26,153,0,0,0,0,0
1752,2025-01-26,154,0,0,0,0,0
1753,2025-01-26,155,7,0,1,0,6
1754,2025-01-26,156,23,0,1,0,22
1755,2025-01-26,157,20,0,0,0,20
1756,2025-01-26,158,21,0,2,0,19
1757,2025-01-26,159,21,0,1,0,20
1758,2025-01-26,160,26,0,0,0,26
1759,2025-01-26,161,21,0,1,0,20
1760,2025-01-26,162,0,0,0,0,0
1761,2025-01-26,163,13,0,0,0,13
1762,2025-01-26,164,15,0,0,0,15
1763,2025-01-26,165,11,0,0,0,11
1764,2025-01-26,166,23,0,0,0,23
1765,2025-01-26,167,27,0,2,0,25
1766,2025-01-26,168,31,0,0,0,31
1767,2025-01-26,169,10,0,0,0,10
1768,2025-01-26,170,34,0,1,0,33
1769,2025-01-27,101,17,0,2,0,15
1770,2025-01-27,102,0,0,0,0,0
1771,2025-01-27,103,0,0,0,0,0
1772,2025-01-27,104,14,0,2,0,12
1773,2025-01-27,105,16,0,0,0,16
1774,2025-01-27,106,31,0,2,0,29
1775,2025-01-27,108,13,0,0,0,13
1776,2025-01-27,109,22,0,0,0,22
1777,2025-01-27,110,31,0,0,0,31
1778,2025-01-27,112,31,0,3,0,28
1779,2025-01-27,113,0,0,0,0,0
1780,2025-01-27,114,6,0,0,0,6
1781,2025-01-27,115,0,0,0,0,0
1782,2025-01-27,116,15,0,0,0,15
1783,2025-01-27,117,15,0,0,0,15
1784,2025-01-27,118,27,0,2,0,25
1785,2025-01-27,119,21,0,0,0,21
1786,2025-01-27,120,0,0,0,0,0
1787,2025-01-27,121,0,0,0,0,0
1788,2025-01-27,122,9,0,0,0,9
1789,2025-01-27,123,21,0,0,0,21
1790,2025-01-27,124,0,0,0,0,0
1791,2025-01-27,125,10,0,0,0,10
1792,2025-01-27,126,11,0,0,0,11
1793,2025-01-27,127,12,0,0,0,12
1794,2025-01-27,128,0,0,0,0,0
1795,2025-01-27,129,13,0,0,-2,11
1796,2025-01-27,130,10,0,0,0,10
1797,2025-01-27,131,35,0,0,0,35
1798,2025-01-27,132,0,0,0,0,0
1799,2025-01-27,133,0,0,0,0,0
1800,2025-01-27,134,13,0,0,0,13
1801,2025-01-27,135,8,0,0,0,8
1802,2025-01-27,136,0,0,0,0,0
1803,2025-01-27,137,0,0,0,0,0
1804,2025-01-27,138,17,0,0,0,17
1805,2025-01-27,139,17,0,0,0,17
1806,2025-01-27,140,0,0,0,0,0
1807,2025-01-27,141,28,0,0,0,28
1808,2025-01-27,142,35,0,2,0,33
1809,2025-01-27,143,29,0,3,0,26
1810,2025-01-27,144,0,0,0,0,0
1811,2025-01-27,145,18,0,1,0,17
1812,2025-01-27,146,14,0,0,0,14
1813,2025-01-27,147,0,0,0,0,0
1814,2025-01-27,148,10,0,0,0,10
1815,2025-01-27,149,14,0,0,0,14
1816,2025-01-27,150,9,0,0,0,9
1817,2025-01-27,151,22,0,3,0,19
1818,2025-01-27,152,17,0,0,0,17
1819,2025-01-27,153,0,0,0,0,0
1820,2025-01-27,154,0,0,0,0,0
1821,2025-01-27,155,6,0,0,0,6
1822,2025-01-27,156,22,0,0,0,22
1823,2025-01-27,157,20,0,0,0,20
1824,2025-01-27,158,19,0,2,0,17
1825,2025-01-27,159,20,0,1,0,19
1826,2025-01-27,160,26,0,0,0,26
1827,2025-01-27,161,20,0,1,0,19
1828,2025-01-27,162,0,0,0,0,0
1829,2025-01-27,163,13,0,0,0,13
1830,2025-01-27,164,15,0,0,0,15
1831,2025-01-27,165,11,0,0,0,11
1832,2025-01-27,166,23,0,2,0,21
1833,2025-01-27,167,25,0,0,0,25
1834,2025-01-27,168,31,0,0,0,31
1835,2025-01-27,169,10,0,0,0,10
1836,2025-01-27,170,33,0,0,0,33
1837,2025-01-28,101,15,0,1,0,14
1838,2025-01-28,102,0,0,0,0,0
1839,2025-01-28,103,0,0,0,0,0
1840,2025-01-28,104,12,0,2,0,10
1841,2025-01-28,105,16,0,1,0,15
1842,2025-01-28,106,29,0,0,0,29
1843,2025-01-28,108,13,0,0,0,13
1844,2025-01-28,109,22,0,0,0,22
1845,2025-01-28,110,31,0,2,0,29
1846,2025-01-28,112,28,0,2,0,26
1847,2025-01-28,113,0,0,0,0,0
1848,2025-01-28,114,6,0,1,0,5
1849,2025-01-28,115,0,0,0,0,0
1850,2025-01-28,116,15,0,1,0,14
1851,2025-01-28,117,15,0,2,0,13
1852,2025-01-28,118,25,0,3,0,22
1853,2025-01-28,119,21,0,2,0,19
1854,2025-01-28,120,0,0,0,0,0
1855,2025-01-28,121,0,0,0,0,0
1856,2025-01-28,122,9,0,0,0,9
1857,2025-01-28,123,21,0,1,0,20
1858,2025-01-28,124,0,0,0,0,0
1859,2025-01-28,125,10,0,0,0,10
1860,2025-01-28,126,11,0,0,0,11
1861,2025-01-28,127,12,0,1,0,11
1862,2025-01-28,128,0,0,0,0,0
1863,2025-01-28,129,11,0,0,0,11
1864,2025-01-28,130,10,0,0,0,10
1865,2025-01-28,131,35,0,1,0,34
1866,2025-01-28,132,0,0,0,0,0
1867,2025-01-28,133,0,0,0,0,0
1868,2025-01-28,134,13,0,1,0,12
1869,2025-01-28,135,8,0,1,0,7
1870,2025-01-28,136,0,0,0,0,0
1871,2025-01-28,137,0,0,0,0,0
1872,2025-01-28,138,17,0,0,0,17
1873,2025-01-28,139,17,0,0,0,17
1874,2025-01-28,140,0,0,0,0,0
1875,2025-01-28,141,28,0,1,0,27
1876,2025-01-28,142,33,0,0,0,33
1877,2025-01-28,143,26,0,0,0,26
1878,2025-01-28,144,0,0,0,0,0
1879,2025-01-28,145,17,0,3,0,14
1880,2025-01-28,146,14,0,0,0,14
1881,2025-01-28,147,0,0,0,0,0
1882,2025-01-28,148,10,0,0,0,10
1883,2025-01-28,149,14,0,0,0,14
1884,2025-01-28,150,9,0,0,0,9
1885,2025-01-28,151,19,0,1,0,18
1886,2025-01-28,152,17,0,0,0,17
1887,2025-01-28,153,0,0,0,0,0
1888,2025-01-28,154,0,0,0,0,0
1889,2025-01-28,155,6,0,0,0,6
1890,2025-01-28,156,22,0,0,0,22
1891,2025-01-28,157,20,0,0,0,20
1892,2025-01-28,158,17,0,0,0,17
1893,2025-01-28,159,19,0,1,0,18
1894,2025-01-28,160,26,0,3,0,23
1895,2025-01-28,161,19,0,0,0,19
1896,2025-01-28,162,0,0,0,0,0
1897,2025-01-28,163,13,0,0,0,13
1898,2025-01-28,164,15,0,3,0,12
1899,2025-01-28,165,11,0,0,0,11
1900,2025-01-28,166,21,0,3,0,18
1901,2025-01-28,167,25,0,2,0,23
1902,2025-01-28,168,31,0,0,0,31
1903,2025-01-28,169,10,0,0,0,10
1904,2025-01-28,170,33,0,1,0,32
1905,2025-01-29,101,14,0,0,0,14
1906,2025-01-29,102,0,0,0,0,0
1907,2025-01-29,103,0,0,0,0,0
1908,2025-01-29,104,10,0,0,0,10
1909,2025-01-29,105,15,0,0,0,15
1910,2025-01-29,106,29,0,3,0,26
1911,2025-01-29,108,13,0,0,0,13
1912,2025-01-29,109,22,0,0,0,22
1913,2025-01-29,110,29,0,2,0,27
1914,2025-01-29,112,26,0,0,0,26
1915,2025-01-29,113,0,0,0,0,0
1916,2025-01-29,114,5,0,0,0,5
1917,2025-01-29,115,0,0,0,0,0
1918,2025-01-29,116,14,0,2,0,12
1919,2025-01-29,117,13,0,0,0,13
1920,2025-01-29,118,22,0,3,0,19
1921,2025-01-29,119,19,0,0,0,19
1922,2025-01-29,120,0,0,0,0,0
1923,2025-01-29,121,0,0,0,0,0
1924,2025-01-29,122,9,0,0,0,9
1925,2025-01-29,123,20,0,1,0,19
1926,2025-01-29,124,0,0,0,0,0
1927,2025-01-29,125,10,0,0,0,10
1928,2025-01-29,126,11,0,0,0,11
1929,2025-01-29,127,11,0,1,0,10
1930,2025-01-29,128,0,0,0,0,0
1931,2025-01-29,129,11,0,0,0,11
1932,2025-01-29,130,10,0,0,0,10
1933,2025-01-29,131,34,0,0,0,34
1934,2025-01-29,132,0,0,0,0,0
1935,2025-01-29,133,0,0,0,0,0
1936,2025-01-29,134,12,0,2,0,10
1937,2025-01-29,135,7,21,0,0,28
1938,2025-01-29,136,0,0,0,0,0
1939,2025-01-29,137,0,0,0,0,0
1940,2025-01-29,138,17,0,0,0,17
1941,2025-01-29,139,17,0,0,0,17
1942,2025-01-29,140,0,0,0,0,0
1943,2025-01-29,141,27,0,0,0,27
1944,2025-01-29,142,33,0,1,0,32
1945,2025-01-29,143,26,0,1,0,25
1946,2025-01-29,144,0,0,0,0,0
1947,2025-01-29,145,14,0,0,0,14
1948,2025-01-29,146,14,0,1,0,13
1949,2025-01-29,147,0,0,0,0,0
1950,2025-01-29,148,10,0,0,0,10
1951,2025-01-29,149,14,0,0,0,14
1952,2025-01-29,150,9,0,0,0,9
1953,2025-01-29,151,18,0,1,0,17
1954,2025-01-29,152,17,0,1,0,16
1955,2025-01-29,153,0,0,0,0,0
1956,2025-01-29,154,0,0,0,0,0
1957,2025-01-29,155,6,0,0,0,6
1958,2025-01-29,156,22,0,1,0,21
1959,2025-01-29,157,20,0,0,0,20
1960,2025-01-29,158,17,0,0,0,17
1961,2025-01-29,159,18,0,2,0,16
1962,2025-01-29,160,23,0,1,0,22
1963,2025-01-29,161,19,0,0,0,19
1964,2025-01-29,162,0,0,0,0,0
1965,2025-01-29,163,13,0,0,0,13
1966,2025-01-29,164,12,0,0,0,12
1967,2025-01-29,165,11,0,0,0,11
1968,2025-01-29,166,18,0,0,0,18
1969,2025-01-29,167,23,0,1,0,22
1970,2025-01-29,168,31,0,2,0,29
1971,2025-01-29,169,10,0,0,0,10
1972,2025-01-29,170,32,0,0,0,32
1973,2025-01-30,101,14,0,0,0,14
1974,2025-01-30,102,0,0,0,0,0
1975,2025-01-30,103,0,0,0,0,0
1976,2025-01-30,104,10,0,1,0,9
1977,2025-01-30,105,15,0,0,0,15
1978,2025-01-30,106,26,0,1,0,25
1979,2025-01-30,108,13,0,0,0,13
1980,2025-01-30,109,22,0,0,0,22
1981,2025-01-30,110,27,0,3,0,24
1982,2025-01-30,112,26,0,0,0,26
1983,2025-01-30,113,0,0,0,0,0
1984,2025-01-30,114,5,0,0,0,5
1985,2025-01-30,115,0,0,0,0,0
1986,2025-01-30,116,12,0,1,0,11
1987,2025-01-30,117,13,0,0,0,13
1988,2025-01-30,118,19,0,1,0,18
1989,2025-01-30,119,19,0,2,0,17
1990,2025-01-30,120,0,0,0,0,0
1991,2025-01-30,121,0,0,0,0,0
1992,2025-01-30,122,9,0,0,0,9
1993,2025-01-30,123,19,0,1,0,18
1994,2025-01-30,124,0,0,0,0,0
1995,2025-01-30,125,10,0,0,0,10
1996,2025-01-30,126,11,0,0,0,11
1997,2025-01-30,127,10,0,0,0,10
1998,2025-01-30,128,0,0,0,0,0
1999,2025-01-30,129,11,0,1,0,10
2000,2025-01-30,130,10,0,0,0,10
2001,2025-01-30,131,34,0,2,0,32
2002,2025-01-30,132,0,0,0,0,0
2003,2025-01-30,133,0,0,0,0,0
2004,2025-01-30,134,10,0,0,0,10
2005,2025-01-30,135,28,0,1,0,27
2006,2025-01-30,136,0,0,0,0,0
2007,2025-01-30,137,0,0,0,0,0
2008,2025-01-30,138,17,0,1,0,16
2009,2025-01-30,139,17,0,0,0,17
2010,2025-01-30,140,0,0,0,0,0
2011,2025-01-30,141,27,0,0,0,27
2012,2025-01-30,142,32,0,5,0,27
2013,2025-01-30,143,25,0,2,0,23
2014,2025-01-30,144,0,0,0,0,0
2015,2025-01-30,145,14,0,1,0,13
2016,2025-01-30,146,13,0,1,0,12
2017,2025-01-30,147,0,0,0,0,0
2018,2025-01-30,148,10,0,0,0,10
2019,2025-01-30,149,14,0,1,0,13
2020,2025-01-30,150,9,0,0,0,9
2021,2025-01-30,151,17,0,2,0,15
2022,2025-01-30,152,16,0,1,0,15
2023,2025-01-30,153,0,0,0,0,0
2024,2025-01-30,154,0,0,0,0,0
2025,2025-01-30,155,6,0,0,0,6
2026,2025-01-30,156,21,0,1,0,20
2027,2025-01-30,157,20,0,0,0,20
2028,2025-01-30,158,17,0,2,0,15
2029,2025-01-30,159,16,0,2,0,14
2030,2025-01-30,160,22,0,0,0,22
2031,2025-01-30,161,19,0,0,0,19
2032,2025-01-30,162,0,0,0,0,0
2033,2025-01-30,163,13,0,0,0,13
2034,2025-01-30,164,12,0,0,0,12
2035,2025-01-30,165,11,0,0,0,11
2036,2025-01-30,166,18,0,0,-1,17
2037,2025-01-30,167,22,0,0,0,22
2038,2025-01-30,168,29,0,2,0,27
2039,2025-01-30,169,10,0,0,0,10
2040,2025-01-30,170,32,0,1,0,31
2041,2025-01-31,101,14,0,0,0,14
2042,2025-01-31,102,0,0,0,0,0
2043,2025-01-31,103,0,0,0,0,0
2044,2025-01-31,104,9,0,1,0,8
2045,2025-01-31,105,15,0,0,0,15
2046,2025-01-31,106,25,0,2,0,23
2047,2025-01-31,108,13,0,0,0,13
2048,2025-01-31,109,22,0,0,0,22
2049,2025-01-31,110,24,0,1,0,23
2050,2025-01-31,112,26,0,0,0,26
2051,2025-01-31,113,0,0,0,0,0
2052,2025-01-31,114,5,0,0,0,5
2053,2025-01-31,115,0,0,0,0,0
2054,2025-01-31,116,11,0,0,0,11
2055,2025-01-31,117,13,0,0,0,13
2056,2025-01-31,118,18,0,1,0,17
2057,2025-01-31,119,17,0,1,0,16
2058,2025-01-31,120,0,0,0,0,0
2059,2025-01-31,121,0,0,0,0,0
2060,2025-01-31,122,9,0,0,0,9
2061,2025-01-31,123,18,0,0,0,18
2062,2025-01-31,124,0,0,0,0,0
2063,2025-01-31,125,10,0,0,0,10
2064,2025-01-31,126,11,0,0,0,11
2065,2025-01-31,127,10,0,0,0,10
2066,2025-01-31,128,0,0,0,0,0
2067,2025-01-31,129,10,0,0,0,10
2068,2025-01-31,130,10,0,0,0,10
2069,2025-01-31,131,32,0,1,0,31
2070,2025-01-31,132,0,0,0,0,0
2071,2025-01-31,133,0,0,0,0,0
2072,2025-01-31,134,10,0,0,0,10
2073,2025-01-31,135,27,0,0,0,27
2074,2025-01-31,136,0,0,0,0,0
2075,2025-01-31,137,0,0,0,0,0
2076,2025-01-31,138,16,0,1,0,15
2077,2025-01-31,139,17,0,1,0,16
2078,2025-01-31,140,0,0,0,0,0
2079,2025-01-31,141,27,0,0,0,27
2080,2025-01-31,142,27,0,1,0,26
2081,2025-01-31,143,23,0,1,0,22
2082,2025-01-31,144,0,0,0,0,0
2083,2025-01-31,145,13,0,0,0,13
2084,2025-01-31,146,12,0,0,0,12
2085,2025-01-31,147,0,0,0,0,0
2086,2025-01-31,148,10,0,0,0,10
2087,2025-01-31,149,13,0,0,0,13
2088,2025-01-31,150,9,0,0,0,9
2089,2025-01-31,151,15,0,3,0,12
2090,2025-01-31,152,15,0,1,0,14
2091,2025-01-31,153,0,0,0,0,0
2092,2025-01-31,154,0,0,0,0,0
2093,2025-01-31,155,6,0,0,0,6
2094,2025-01-31,156,20,0,0,0,20
2095,2025-01-31,157,20,0,0,0,20
2096,2025-01-31,158,15,40,1,0,54
2097,2025-01-31,159,14,0,1,0,13
2098,2025-01-31,160,22,0,1,0,21
2099,2025-01-31,161,19,0,1,0,18
2100,2025-01-31,162,0,0,0,0,0
2101,2025-01-31,163,13,0,0,0,13
2102,2025-01-31,164,12,0,1,0,11
2103,2025-01-31,165,11,0,0,0,11
2104,2025-01-31,166,17,0,1,0,16
2105,2025-01-31,167,22,0,0,0,22
2106,2025-01-31,168,27,0,0,0,27
2107,2025-01-31,169,10,0,0,0,10
2108,2025-01-31,170,31,0,3,0,28
2109,2025-02-01,101,14,0,1,0,13
2110,2025-02-01,102,0,0,0,0,0
2111,2025-02-01,103,0,0,0,0,0
2112,2025-02-01,104,8,0,0,0,8
2113,2025-02-01,105,15,0,0,0,15
2114,2025-02-01,106,23,0,0,0,23
2115,2025-02-01,108,13,0,0,0,13
2116,2025-02-01,109,22,0,0,0,22
2117,2025-02-01,110,23,0,2,0,21
2118,2025-02-01,112,26,0,0,0,26
2119,2025-02-01,113,0,0,0,0,0
2120,2025-02-01,114,5,0,0,0,5
2121,2025-02-01,115,0,0,0,0,0
2122,2025-02-01,116,11,0,0,0,11
2123,2025-02-01,117,13,0,0,0,13
2124,2025-02-01,118,17,0,2,0,15
2125,2025-02-01,119,16,0,1,0,15
2126,2025-02-01,120,0,0,0,0,0
2127,2025-02-01,121,0,0,0,0,0
2128,2025-02-01,122,9,0,0,0,9
2129,2025-02-01,123,18,0,0,0,18
2130,2025-02-01,124,0,0,0,0,0
2131,2025-02-01,125,10,0,0,0,10
2132,2025-02-01,126,11,0,0,0,11
2133,2025-02-01,127,10,0,0,0,10
2134,2025-02-01,128,0,0,0,0,0
2135,2025-02-01,129,10,0,0,0,10
2136,2025-02-01,130,10,0,1,0,9
2137,2025-02-01,131,31,0,2,0,29
2138,2025-02-01,132,0,0,0,0,0
2139,2025-02-01,133,0,0,0,0,0
2140,2025-02-01,134,10,0,0,0,10
2141,2025-02-01,135,27,0,0,0,27
2142,2025-02-01,136,0,0,0,0,0
2143,2025-02-01,137,0,0,0,0,0
2144,2025-02-01,138,15,0,1,0,14
2145,2025-02-01,139,16,0,0,0,16
2146,2025-02-01,140,0,0,0,0,0
2147,2025-02-01,141,27,0,0,0,27
2148,2025-02-01,142,26,0,1,0,25
2149,2025-02-01,143,22,0,0,0,22
2150,2025-02-01,144,0,0,0,0,0
2151,2025-02-01,145,13,0,1,0,12
2152,2025-02-01,146,12,0,1,0,11
2153,2025-02-01,147,0,0,0,0,0
2154,2025-02-01,148,10,0,0,0,10
2155,2025-02-01,149,13,0,0,0,13
2156,2025-02-01,150,9,0,0,0,9
2157,2025-02-01,151,12,0,1,0,11
2158,2025-02-01,152,14,0,0,0,14
2159,2025-02-01,153,0,0,0,0,0
2160,2025-02-01,154,0,0,0,0,0
2161,2025-02-01,155,6,0,0,0,6
2162,2025-02-01,156,20,0,0,0,20
2163,2025-02-01,157,20,0,0,0,20
2164,2025-02-01,158,54,0,1,0,53
2165,2025-02-01,159,13,0,1,0,12
2166,2025-02-01,160,21,0,0,0,21
2167,2025-02-01,161,18,0,0,0,18
2168,2025-02-01,162,0,0,0,0,0
2169,2025-02-01,163,13,0,0,0,13
2170,2025-02-01,164,11,0,1,0,10
2171,2025-02-01,165,11,0,0,0,11
2172,2025-02-01,166,16,0,1,0,15
2173,2025-02-01,167,22,0,1,0,21
2174,2025-02-01,168,27,0,2,0,25
2175,2025-02-01,169,10,0,0,0,10
2176,2025-02-01,170,28,0,3,0,25
2177,2025-02-02,101,13,0,0,0,13
2178,2025-02-02,102,0,0,0,0,0
2179,2025-02-02,103,0,0,0,0,0
2180,2025-02-02,104,8,22,0,0,30
2181,2025-02-02,105,15,0,1,0,14
2182,2025-02-02,106,23,0,3,0,20
2183,2025-02-02,108,13,0,0,0,13
2184,2025-02-02,109,22,0,1,0,21
2185,2025-02-02,110,21,0,0,0,21
2186,2025-02-02,112,26,0,1,0,25
2187,2025-02-02,113,0,0,0,0,0
2188,2025-02-02,114,5,0,0,0,5
2189,2025-02-02,115,0,0,0,0,0
2190,2025-02-02,116,11,0,0,0,11
2191,2025-02-02,117,13,0,0,0,13
2192,2025-02-02,118,15,0,2,0,13
2193,2025-02-02,119,15,41,0,0,56
2194,2025-02-02,120,0,0,0,0,0
2195,2025-02-02,121,0,0,0,0,0
2196,2025-02-02,122,9,0,1,0,8
2197,2025-02-02,123,18,0,0,0,18
2198,2025-02-02,124,0,0,0,0,0
2199,2025-02-02,125,10,0,0,0,10
2200,2025-02-02,126,11,0,0,0,11
2201,2025-02-02,127,10,0,0,0,10
2202,2025-02-02,128,0,0,0,0,0
2203,2025-02-02,129,10,0,0,0,10
2204,2025-02-02,130,9,0,0,0,9
2205,2025-02-02,131,29,0,1,0,28
2206,2025-02-02,132,0,0,0,0,0
2207,2025-02-02,133,0,0,0,0,0
2208,2025-02-02,134,10,0,0,0,10
2209,2025-02-02,135,27,0,0,0,27
2210,2025-02-02,136,0,0,0,0,0
2211,2025-02-02,137,0,0,0,0,0
2212,2025-02-02,138,14,0,0,0,14
2213,2025-02-02,139,16,0,0,0,16
2214,2025-02-02,140,0,0,0,0,0
2215,2025-02-02,141,27,0,0,0,27
2216,2025-02-02,142,25,0,0,0,25
2217,2025-02-02,143,22,0,2,0,20
2218,2025-02-02,144,0,0,0,0,0
2219,2025-02-02,145,12,0,0,0,12
2220,2025-02-02,146,11,0,1,0,10
2221,2025-02-02,147,0,0,0,0,0
2222,2025-02-02,148,10,0,0,0,10
2223,2025-02-02,149,13,0,0,0,13
2224,2025-02-02,150,9,0,0,0,9
2225,2025-02-02,151,11,37,1,-2,45
2226,2025-02-02,152,14,0,1,0,13
2227,2025-02-02,153,0,0,0,0,0
2228,2025-02-02,154,0,0,0,0,0
2229,2025-02-02,155,6,0,0,0,6
2230,2025-02-02,156,20,0,0,0,20
2231,2025-02-02,157,20,0,0,0,20
2232,2025-02-02,158,53,0,0,0,53
2233,2025-02-02,159,12,42,1,0,53
2234,2025-02-02,160,21,0,0,0,21
2235,2025-02-02,161,18,0,1,0,17
2236,2025-02-02,162,0,0,0,0,0
2237,2025-02-02,163,13,0,0,0,13
2238,2025-02-02,164,10,0,0,0,10
2239,2025-02-02,165,11,0,0,0,11
2240,2025-02-02,166,15,31,1,0,45
2241,2025-02-02,167,21,0,3,0,18
2242,2025-02-02,168,25,0,1,0,24
2243,2025-02-02,169,10,0,0,0,10
2244,2025-02-02,170,25,0,0,-3,22
2245,2025-02-03,101,13,0,0,0,13
2246,2025-02-03,102,0,0,0,0,0
2247,2025-02-03,103,0,0,0,0,0
2248,2025-02-03,104,30,0,1,0,29
2249,2025-02-03,105,14,0,0,0,14
2250,2025-02-03,106,20,0,1,0,19
2251,2025-02-03,108,13,0,0,0,13
2252,2025-02-03,109,21,0,0,0,21
2253,2025-02-03,110,21,0,0,0,21
2254,2025-02-03,112,25,0,0,0,25
2255,2025-02-03,113,0,0,0,0,0
2256,2025-02-03,114,5,0,0,0,5
2257,2025-02-03,115,0,0,0,0,0
2258,2025-02-03,116,11,0,0,0,11
2259,2025-02-03,117,13,0,1,0,12
2260,2025-02-03,118,13,44,2,0,55
2261,2025-02-03,119,56,0,0,0,56
2262,2025-02-03,120,0,0,0,0,0
2263,2025-02-03,121,0,0,0,0,0
2264,2025-02-03,122,8,0,0,0,8
2265,2025-02-03,123,18,0,1,0,17
2266,2025-02-03,124,0,0,0,0,0
2267,2025-02-03,125,10,0,0,0,10
2268,2025-02-03,126,11,0,0,0,11
2269,2025-02-03,127,10,0,0,0,10
2270,2025-02-03,128,0,0,0,0,0
2271,2025-02-03,129,10,0,1,0,9
2272,2025-02-03,130,9,0,0,0,9
2273,2025-02-03,131,28,0,1,0,27
2274,2025-02-03,132,0,0,0,0,0
2275,2025-02-03,133,0,0,0,0,0
2276,2025-02-03,134,10,0,0,0,10
2277,2025-02-03,135,27,0,1,0,26
2278,2025-02-03,136,0,0,0,0,0
2279,2025-02-03,137,0,0,0,0,0
2280,2025-02-03,138,14,0,0,0,14
2281,2025-02-03,139,16,0,0,0,16
2282,2025-02-03,140,0,0,0,0,0
2283,2025-02-03,141,27,0,1,0,26
2284,2025-02-03,142,25,0,3,0,22
2285,2025-02-03,143,20,0,2,0,18
2286,2025-02-03,144,0,0,0,0,0
2287,2025-02-03,145,12,0,0,0,12
2288,2025-02-03,146,10,0,0,0,10
2289,2025-02-03,147,0,0,0,0,0
2290,2025-02-03,148,10,0,0,0,10
2291,2025-02-03,149,13,0,2,0,11
2292,2025-02-03,150,9,0,0,0,9
2293,2025-02-03,151,45,0,0,0,45
2294,2025-02-03,152,13,0,1,0,12
2295,2025-02-03,153,0,0,0,0,0
2296,2025-02-03,154,0,0,0,0,0
2297,2025-02-03,155,6,0,0,0,6
2298,2025-02-03,156,20,0,0,0,20
2299,2025-02-03,157,20,0,0,0,20
2300,2025-02-03,158,53,0,2,0,51
2301,2025-02-03,159,53,0,2,0,51
2302,2025-02-03,160,21,0,0,0,21
2303,2025-02-03,161,17,0,1,0,16
2304,2025-02-03,162,0,0,0,0,0
2305,2025-02-03,163,13,0,0,0,13
2306,2025-02-03,164,10,0,0,0,10
2307,2025-02-03,165,11,0,1,0,10
2308,2025-02-03,166,45,0,1,0,44
2309,2025-02-03,167,18,0,1,0,17
2310,2025-02-03,168,24,0,0,0,24
2311,2025-02-03,169,10,0,0,0,10
2312,2025-02-03,170,22,0,3,0,19
2313,2025-02-04,101,13,0,1,0,12
2314,2025-02-04,102,0,0,0,0,0
2315,2025-02-04,103,0,0,0,0,0
2316,2025-02-04,104,29,0,1,0,28
2317,2025-02-04,105,14,0,0,0,14
2318,2025-02-04,106,19,0,0,0,19
2319,2025-02-04,108,13,0,0,0,13
2320,2025-02-04,109,21,0,0,0,21
2321,2025-02-04,110,21,0,1,0,20
2322,2025-02-04,112,25,0,0,0,25
2323,2025-02-04,113,0,0,0,0,0
2324,2025-02-04,114,5,0,0,0,5
2325,2025-02-04,115,0,0,0,0,0
2326,2025-02-04,116,11,0,1,0,10
2327,2025-02-04,117,12,0,1,0,11
2328,2025-02-04,118,55,0,3,0,52
2329,2025-02-04,119,56,0,1,0,55
2330,2025-02-04,120,0,0,0,0,0
2331,2025-02-04,121,0,0,0,0,0
2332,2025-02-04,122,8,0,0,0,8
2333,2025-02-04,123,17,0,0,0,17
2334,2025-02-04,124,0,0,0,0,0
2335,2025-02-04,125,10,0,0,0,10
2336,2025-02-04,126,11,0,0,0,11
2337,2025-02-04,127,10,0,0,0,10
2338,2025-02-04,128,0,0,0,0,0
2339,2025-02-04,129,9,0,2,0,7
2340,2025-02-04,130,9,0,0,0,9
2341,2025-02-04,131,27,0,1,0,26
2342,2025-02-04,132,0,0,0,0,0
2343,2025-02-04,133,0,0,0,0,0
2344,2025-02-04,134,10,0,0,0,10
2345,2025-02-04,135,26,0,0,0,26
2346,2025-02-04,136,0,0,0,0,0
2347,2025-02-04,137,0,0,0,0,0
2348,2025-02-04,138,14,0,0,0,14
2349,2025-02-04,139,16,0,0,0,16
2350,2025-02-04,140,0,0,0,0,0
2351,2025-02-04,141,26,0,0,0,26
2352,2025-02-04,142,22,0,2,0,20
2353,2025-02-04,143,18,0,1,0,17
2354,2025-02-04,144,0,0,0,0,0
2355,2025-02-04,145,12,0,0,0,12
2356,2025-02-04,146,10,0,0,0,10
2357,2025-02-04,147,0,0,0,0,0
2358,2025-02-04,148,10,0,0,0,10
2359,2025-02-04,149,11,0,0,0,11
2360,2025-02-04,150,9,0,0,0,9
2361,2025-02-04,151,45,0,0,0,45
2362,2025-02-04,152,12,0,0,0,12
2363,2025-02-04,153,0,0,0,0,0
2364,2025-02-04,154,0,0,0,0,0
2365,2025-02-04,155,6,0,0,0,6
2366,2025-02-04,156,20,0,3,0,17
2367,2025-02-04,157,20,0,0,0,20
2368,2025-02-04,158,51,0,1,0,50
2369,2025-02-04,159,51,0,5,0,46
2370,2025-02-04,160,21,0,0,0,21
2371,2025-02-04,161,16,0,1,0,15
2372,2025-02-04,162,0,0,0,0,0
2373,2025-02-04,163,13,0,0,0,13
2374,2025-02-04,164,10,0,0,0,10
2375,2025-02-04,165,10,0,0,0,10
2376,2025-02-04,166,44,0,0,0,44
2377,2025-02-04,167,17,0,1,0,16
2378,2025-02-04,168,24,0,1,0,23
2379,2025-02-04,169,10,0,1,0,9
2380,2025-02-04,170,19,0,0,0,19
2381,2025-02-05,101,12,0,1,0,11
2382,2025-02-05,102,0,0,0,0,0
2383,2025-02-05,103,0,0,0,0,0
2384,2025-02-05,104,28,0,0,0,28
2385,2025-02-05,105,14,0,1,0,13
2386,2025-02-05,106,19,0,1,0,18
2387,2025-02-05,108,13,0,0,0,13
2388,2025-02-05,109,21,0,0,0,21
2389,2025-02-05,110,20,0,0,0,20
2390,2025-02-05,112,25,0,1,0,24
2391,2025-02-05,113,0,0,0,0,0
2392,2025-02-05,114,5,0,0,0,5
2393,2025-02-05,115,0,0,0,0,0
2394,2025-02-05,116,10,0,0,0,10
2395,2025-02-05,117,11,0,0,0,11
2396,2025-02-05,118,52,0,2,0,50
2397,2025-02-05,119,55,0,1,0,54
2398,2025-02-05,120,0,0,0,0,0
2399,2025-02-05,121,0,0,0,0,0
2400,2025-02-05,122,8,0,0,0,8
2401,2025-02-05,123,17,0,2,0,15
2402,2025-02-05,124,0,0,0,0,0
2403,2025-02-05,125,10,0,0,0,10
2404,2025-02-05,126,11,0,1,0,10
2405,2025-02-05,127,10,0,0,0,10
2406,2025-02-05,128,0,0,0,0,0
2407,2025-02-05,129,7,0,0,0,7
2408,2025-02-05,130,9,0,0,0,9
2409,2025-02-05,131,26,0,4,0,22
2410,2025-02-05,132,0,0,0,0,0
2411,2025-02-05,133,0,0,0,0,0
2412,2025-02-05,134,10,0,0,0,10
2413,2025-02-05,135,26,0,1,0,25
2414,2025-02-05,136,0,0,0,0,0
2415,2025-02-05,137,0,0,0,0,0
2416,2025-02-05,138,14,0,0,0,14
2417,2025-02-05,139,16,0,2,0,14
2418,2025-02-05,140,0,0,0,0,0
2419,2025-02-05,141,26,0,1,0,25
2420,2025-02-05,142,20,0,1,0,19
2421,2025-02-05,143,17,0,2,0,15
2422,2025-02-05,144,0,0,0,0,0
2423,2025-02-05,145,12,0,0,0,12
2424,2025-02-05,146,10,0,0,0,10
2425,2025-02-05,147,0,0,0,0,0
2426,2025-02-05,148,10,0,0,0,10
2427,2025-02-05,149,11,0,0,0,11
2428,2025-02-05,150,9,0,0,0,9
2429,2025-02-05,151,45,0,2,0,43
2430,2025-02-05,152,12,0,1,0,11
2431,2025-02-05,153,0,0,0,0,0
2432,2025-02-05,154,0,0,0,0,0
2433,2025-02-05,155,6,0,0,0,6
2434,2025-02-05,156,17,0,1,0,16
2435,2025-02-05,157,20,0,1,0,19
2436,2025-02-05,158,50,0,0,0,50
2437,2025-02-05,159,46,0,1,0,45
2438,2025-02-05,160,21,0,0,0,21
2439,2025-02-05,161,15,0,0,0,15
2440,2025-02-05,162,0,0,0,0,0
2441,2025-02-05,163,13,0,0,0,13
2442,2025-02-05,164,10,0,1,0,9
2443,2025-02-05,165,10,0,1,0,9
2444,2025-02-05,166,44,0,1,0,43
2445,2025-02-05,167,16,0,0,0,16
2446,2025-02-05,168,23,0,2,0,21
2447,2025-02-05,169,9,0,0,0,9
2448,2025-02-05,170,19,0,2,0,17
2449,2025-02-06,101,11,0,0,0,11
2450,2025-02-06,102,0,0,0,0,0
2451,2025-02-06,103,0,0,0,0,0
2452,2025-02-06,104,28,0,0,0,28
2453,2025-02-06,105,13,0,0,0,13
2454,2025-02-06,106,18,0,4,0,14
2455,2025-02-06,108,13,0,0,0,13
2456,2025-02-06,109,21,0,1,0,20
2457,2025-02-06,110,20,0,1,0,19
2458,2025-02-06,112,24,0,0,0,24
2459,2025-02-06,113,0,0,0,0,0
2460,2025-02-06,114,5,0,0,0,5
2461,2025-02-06,115,0,0,0,0,0
2462,2025-02-06,116,10,0,0,0,10
2463,2025-02-06,117,11,0,0,0,11
2464,2025-02-06,118,50,0,1,0,49
2465,2025-02-06,119,54,0,0,0,54
2466,2025-02-06,120,0,0,0,0,0
2467,2025-02-06,121,0,0,0,0,0
2468,2025-02-06,122,8,0,0,0,8
2469,2025-02-06,123,15,0,0,0,15
2470,2025-02-06,124,0,0,0,0,0
2471,2025-02-06,125,10,0,0,0,10
2472,2025-02-06,126,10,0,0,0,10
2473,2025-02-06,127,10,0,1,-3,6
2474,2025-02-06,128,0,0,0,0,0
2475,2025-02-06,129,7,0,1,0,6
2476,2025-02-06,130,9,0,0,0,9
2477,2025-02-06,131,22,0,1,0,21
2478,2025-02-06,132,0,0,0,0,0
2479,2025-02-06,133,0,0,0,0,0
2480,2025-02-06,134,10,0,0,0,10
2481,2025-02-06,135,25,0,0,0,25
2482,2025-02-06,136,0,0,0,0,0
2483,2025-02-06,137,0,0,0,0,0
2484,2025-02-06,138,14,0,0,0,14
2485,2025-02-06,139,14,0,0,0,14
2486,2025-02-06,140,0,0,0,0,0
2487,2025-02-06,141,25,0,0,0,25
2488,2025-02-06,142,19,0,2,0,17
2489,2025-02-06,143,15,43,0,0,58
2490,2025-02-06,144,0,0,0,0,0
2491,2025-02-06,145,12,0,0,0,12
2492,2025-02-06,146,10,0,0,0,10
2493,2025-02-06,147,0,0,0,0,0
2494,2025-02-06,148,10,0,0,0,10
2495,2025-02-06,149,11,0,0,0,11
2496,2025-02-06,150,9,0,0,0,9
2497,2025-02-06,151,43,0,2,0,41
2498,2025-02-06,152,11,0,0,0,11
2499,2025-02-06,153,0,0,0,0,0
2500,2025-02-06,154,0,0,0,0,0
2501,2025-02-06,155,6,0,1,0,5
2502,2025-02-06,156,16,0,2,0,14
2503,2025-02-06,157,19,0,1,0,18
2504,2025-02-06,158,50,0,1,0,49
2505,2025-02-06,159,45,0,2,0,43
2506,2025-02-06,160,21,0,0,0,21
2507,2025-02-06,161,15,0,1,0,14
2508,2025-02-06,162,0,0,0,0,0
2509,2025-02-06,163,13,0,0,0,13
2510,2025-02-06,164,9,0,0,0,9
2511,2025-02-06,165,9,0,0,0,9
2512,2025-02-06,166,43,0,1,0,42
2513,2025-02-06,167,16,0,0,0,16
2514,2025-02-06,168,21,0,0,0,21
2515,2025-02-06,169,9,0,0,0,9
2516,2025-02-06,170,17,45,0,0,62
2517,2025-02-07,101,11,0,0,0,11
2518,2025-02-07,102,0,0,0,0,0
2519,2025-02-07,103,0,0,0,0,0
2520,2025-02-07,104,28,0,1,0,27
2521,2025-02-07,105,13,0,0,0,13
2522,2025-02-07,106,14,0,1,0,13
2523,2025-02-07,108,13,0,0,0,13
2524,2025-02-07,109,20,0,1,0,19
2525,2025-02-07,110,19,0,1,0,18
2526,2025-02-07,112,24,0,2,0,22
2527,2025-02-07,113,0,0,0,0,0
2528,2025-02-07,114,5,0,0,0,5
2529,2025-02-07,115,0,0,0,0,0
2530,2025-02-07,116,10,0,1,-3,6
2531,2025-02-07,117,11,0,0,0,11
2532,2025-02-07,118,49,0,1,0,48
2533,2025-02-07,119,54,0,3,0,51
2534,2025-02-07,120,0,0,0,0,0
2535,2025-02-07,121,0,0,0,0,0
2536,2025-02-07,122,8,0,0,0,8
2537,2025-02-07,123,15,0,0,0,15
2538,2025-02-07,124,0,0,0,0,0
2539,2025-02-07,125,10,0,0,0,10
2540,2025-02-07,126,10,0,0,0,10
2541,2025-02-07,127,6,0,0,0,6
2542,2025-02-07,128,0,0,0,0,0
2543,2025-02-07,129,6,0,0,0,6
2544,2025-02-07,130,9,0,0,0,9
2545,2025-02-07,131,21,0,2,0,19
2546,2025-02-07,132,0,0,0,0,0
2547,2025-02-07,133,0,0,0,0,0
2548,2025-02-07,134,10,0,0,0,10
2549,2025-02-07,135,25,0,0,0,25
2550,2025-02-07,136,0,0,0,0,0
2551,2025-02-07,137,0,0,0,0,0
2552,2025-02-07,138,14,0,0,0,14
2553,2025-02-07,139,14,0,0,0,14
2554,2025-02-07,140,0,0,0,0,0
2555,2025-02-07,141,25,0,0,0,25
2556,2025-02-07,142,17,0,2,0,15
2557,2025-02-07,143,58,0,1,0,57
2558,2025-02-07,144,0,0,0,0,0
2559,2025-02-07,145,12,0,0,0,12
2560,2025-02-07,146,10,0,0,0,10
2561,2025-02-07,147,0,0,0,0,0
2562,2025-02-07,148,10,0,0,0,10
2563,2025-02-07,149,11,0,0,0,11
2564,2025-02-07,150,9,0,0,0,9
2565,2025-02-07,151,41,0,1,0,40
2566,2025-02-07,152,11,0,0,0,11
2567,2025-02-07,153,0,0,0,0,0
2568,2025-02-07,154,0,0,0,0,0
2569,2025-02-07,155,5,0,0,0,5
2570,2025-02-07,156,14,0,0,0,14
2571,2025-02-07,157,18,0,0,0,18
2572,2025-02-07,158,49,0,4,0,45
2573,2025-02-07,159,43,0,2,0,41
2574,2025-02-07,160,21,0,1,0,20
2575,2025-02-07,161,14,0,0,0,14
2576,2025-02-07,162,0,0,0,0,0
2577,2025-02-07,163,13,0,0,0,13
2578,2025-02-07,164,9,0,0,0,9
2579,2025-02-07,165,9,0,0,0,9
2580,2025-02-07,166,42,0,2,0,40
2581,2025-02-07,167,16,0,2,0,14
2582,2025-02-07,168,21,0,2,0,19
2583,2025-02-07,169,9,0,0,0,9
2584,2025-02-07,170,62,0,2,0,60
2585,2025-02-08,101,11,0,1,0,10
2586,2025-02-08,102,0,0,0,0,0
2587,2025-02-08,103,0,0,0,0,0
2588,2025-02-08,104,27,0,1,0,26
2589,2025-02-08,105,13,0,1,0,12
2590,2025-02-08,106,13,44,2,0,55
2591,2025-02-08,108,13,0,0,0,13
2592,2025-02-08,109,19,0,0,0,19
2593,2025-02-08,110,18,0,3,0,15
2594,2025-02-08,112,22,0,2,0,20
2595,2025-02-08,113,0,0,0,0,0
2596,2025-02-08,114,5,0,0,0,5
2597,2025-02-08,115,0,0,0,0,0
2598,2025-02-08,116,6,0,1,0,5
2599,2025-02-08,117,11,0,1,0,10
2600,2025-02-08,118,48,0,1,0,47
2601,2025-02-08,119,51,0,3,0,48
2602,2025-02-08,120,0,0,0,0,0
2603,2025-02-08,121,0,0,0,0,0
2604,2025-02-08,122,8,0,0,0,8
2605,2025-02-08,123,15,0,0,0,15
2606,2025-02-08,124,0,0,0,0,0
2607,2025-02-08,125,10,0,0,0,10
2608,2025-02-08,126,10,0,0,0,10
2609,2025-02-08,127,6,0,0,0,6
2610,2025-02-08,128,0,0,0,0,0
2611,2025-02-08,129,6,0,0,0,6
2612,2025-02-08,130,9,0,0,0,9
2613,2025-02-08,131,19,0,1,0,18
2614,2025-02-08,132,0,0,0,0,0
2615,2025-02-08,133,0,0,0,0,0
2616,2025-02-08,134,10,0,1,0,9
2617,2025-02-08,135,25,0,0,0,25
2618,2025-02-08,136,0,0,0,0,0
2619,2025-02-08,137,0,0,0,0,0
2620,2025-02-08,138,14,0,0,0,14
2621,2025-02-08,139,14,0,1,0,13
2622,2025-02-08,140,0,0,0,0,0
2623,2025-02-08,141,25,0,0,0,25
2624,2025-02-08,142,15,46,3,0,58
2625,2025-02-08,143,57,0,3,0,54
2626,2025-02-08,144,0,0,0,0,0
2627,2025-02-08,145,12,0,1,0,11
2628,2025-02-08,146,10,0,0,0,10
2629,2025-02-08,147,0,0,0,0,0
2630,2025-02-08,148,10,0,0,0,10
2631,2025-02-08,149,11,0,1,0,10
2632,2025-02-08,150,9,0,0,0,9
2633,2025-02-08,151,40,0,1,0,39
2634,2025-02-08,152,11,0,1,0,10
2635,2025-02-08,153,0,0,0,0,0
2636,2025-02-08,154,0,0,0,0,0
2637,2025-02-08,155,5,0,0,0,5
2638,2025-02-08,156,14,42,0,0,56
2639,2025-02-08,157,18,0,1,0,17
2640,2025-02-08,158,45,0,0,0,45
2641,2025-02-08,159,41,0,1,0,40
2642,2025-02-08,160,20,0,1,0,19
2643,2025-02-08,161,14,0,0,0,14
2644,2025-02-08,162,0,0,0,0,0
2645,2025-02-08,163,13,0,0,0,13
2646,2025-02-08,164,9,0,0,0,9
2647,2025-02-08,165,9,0,0,0,9
2648,2025-02-08,166,40,0,1,0,39
2649,2025-02-08,167,14,40,0,0,54
2650,2025-02-08,168,19,0,0,0,19
2651,2025-02-08,169,9,0,0,0,9
2652,2025-02-08,170,60,0,1,0,59
2653,2025-02-09,101,10,0,0,0,10
2654,2025-02-09,102,0,0,0,0,0
2655,2025-02-09,103,0,0,0,0,0
2656,2025-02-09,104,26,0,1,0,25
2657,2025-02-09,105,12,0,3,0,9
2658,2025-02-09,106,55,0,0,0,55
2659,2025-02-09,108,13,0,0,0,13
2660,2025-02-09,109,19,0,0,0,19
2661,2025-02-09,110,15,0,1,0,14
2662,2025-02-09,112,20,0,2,0,18
2663,2025-02-09,113,0,0,0,0,0
2664,2025-02-09,114,5,0,0,0,5
2665,2025-02-09,115,0,0,0,0,0
2666,2025-02-09,116,5,0,0,0,5
2667,2025-02-09,117,10,0,0,0,10
2668,2025-02-09,118,47,0,1,0,46
2669,2025-02-09,119,48,0,0,0,48
2670,2025-02-09,120,0,0,0,0,0
2671,2025-02-09,121,0,0,0,0,0
2672,2025-02-09,122,8,0,0,0,8
2673,2025-02-09,123,15,0,1,0,14
2674,2025-02-09,124,0,0,0,0,0
2675,2025-02-09,125,10,0,0,0,10
2676,2025-02-09,126,10,0,1,0,9
2677,2025-02-09,127,6,22,0,0,28
2678,2025-02-09,128,0,0,0,0,0
2679,2025-02-09,129,6,0,0,0,6
2680,2025-02-09,130,9,0,0,0,9
2681,2025-02-09,131,18,0,2,0,16
2682,2025-02-09,132,0,0,0,0,0
2683,2025-02-09,133,0,0,0,0,0
2684,2025-02-09,134,9,0,0,0,9
2685,2025-02-09,135,25,0,1,0,24
2686,2025-02-09,136,0,0,0,0,0
2687,2025-02-09,137,0,0,0,0,0
2688,2025-02-09,138,14,0,1,0,13
2689,2025-02-09,139,13,0,0,0,13
2690,2025-02-09,140,0,0,0,0,0
2691,2025-02-09,141,25,0,0,0,25
2692,2025-02-09,142,58,0,0,0,58
2693,2025-02-09,143,54,0,3,0,51
2694,2025-02-09,144,0,0,0,0,0
2695,2025-02-09,145,11,0,0,-2,9
2696,2025-02-09,146,10,0,0,0,10
2697,2025-02-09,147,0,0,0,0,0
2698,2025-02-09,148,10,0,0,0,10
2699,2025-02-09,149,10,0,2,0,8
2700,2025-02-09,150,9,0,1,0,8
2701,2025-02-09,151,39,0,0,0,39
2702,2025-02-09,152,10,0,0,0,10
2703,2025-02-09,153,0,0,0,0,0
2704,2025-02-09,154,0,0,0,0,0
2705,2025-02-09,155,5,0,0,0,5
2706,2025-02-09,156,56,0,3,0,53
2707,2025-02-09,157,17,0,0,0,17
2708,2025-02-09,158,45,0,0,0,45
2709,2025-02-09,159,40,0,1,0,39
2710,2025-02-09,160,19,0,0,0,19
2711,2025-02-09,161,14,0,0,0,14
2712,2025-02-09,162,0,0,0,0,0
2713,2025-02-09,163,13,0,0,0,13
2714,2025-02-09,164,9,0,0,0,9
2715,2025-02-09,165,9,0,0,0,9
2716,2025-02-09,166,39,0,0,0,39
2717,2025-02-09,167,54,0,0,0,54
2718,2025-02-09,168,19,0,0,0,19
2719,2025-02-09,169,9,0,0,0,9
2720,2025-02-09,170,59,0,1,0,58
2721,2025-02-10,101,10,0,0,0,10
2722,2025-02-10,102,0,0,0,0,0
2723,2025-02-10,103,0,0,0,0,0
2724,2025-02-10,104,25,0,1,0,24
2725,2025-02-10,105,9,0,0,0,9
2726,2025-02-10,106,55,0,2,0,53
2727,2025-02-10,108,13,0,0,0,13
2728,2025-02-10,109,19,0,0,0,19
2729,2025-02-10,110,14,0,2,0,12
2730,2025-02-10,112,18,0,4,0,14
2731,2025-02-10,113,0,0,0,0,0
2732,2025-02-10,114,5,0,0,0,5
2733,2025-02-10,115,0,0,0,0,0
2734,2025-02-10,116,5,0,1,0,4
2735,2025-02-10,117,10,0,0,0,10
2736,2025-02-10,118,46,0,0,0,46
2737,2025-02-10,119,48,0,5,0,43
2738,2025-02-10,120,0,0,0,0,0
2739,2025-02-10,121,0,0,0,0,0
2740,2025-02-10,122,8,0,0,0,8
2741,2025-02-10,123,14,0,0,0,14
2742,2025-02-10,124,0,0,0,0,0
2743,2025-02-10,125,10,0,1,0,9
2744,2025-02-10,126,9,0,2,0,7
2745,2025-02-10,127,28,0,2,0,26
2746,2025-02-10,128,0,0,0,0,0
2747,2025-02-10,129,6,0,1,0,5
2748,2025-02-10,130,9,0,0,0,9
2749,2025-02-10,131,16,38,0,0,54
2750,2025-02-10,132,0,0,0,0,0
2751,2025-02-10,133,0,0,0,0,0
2752,2025-02-10,134,9,0,2,0,7
2753,2025-02-10,135,24,0,1,0,23
2754,2025-02-10,136,0,0,0,0,0
2755,2025-02-10,137,0,0,0,0,0
2756,2025-02-10,138,13,0,0,0,13
2757,2025-02-10,139,13,0,0,0,13
2758,2025-02-10,140,0,0,0,0,0
2759,2025-02-10,141,25,0,0,0,25
2760,2025-02-10,142,58,0,1,0,57
2761,2025-02-10,143,51,0,0,0,51
2762,2025-02-10,144,0,0,0,0,0
2763,2025-02-10,145,9,0,0,0,9
2764,2025-02-10,146,10,0,1,0,9
2765,2025-02-10,147,0,0,0,0,0
2766,2025-02-10,148,10,0,0,0,10
2767,2025-02-10,149,8,0,0,0,8
2768,2025-02-10,150,8,0,0,0,8
2769,2025-02-10,151,39,0,1,0,38
2770,2025-02-10,152,10,0,0,0,10
2771,2025-02-10,153,0,0,0,0,0
2772,2025-02-10,154,0,0,0,0,0
2773,2025-02-10,155,5,0,0,0,5
2774,2025-02-10,156,53,0,2,0,51
2775,2025-02-10,157,17,0,1,0,16
2776,2025-02-10,158,45,0,1,0,44
2777,2025-02-10,159,39,0,2,0,37
2778,2025-02-10,160,19,0,1,0,18
2779,2025-02-10,161,14,0,1,0,13
2780,2025-02-10,162,0,0,0,0,0
2781,2025-02-10,163,13,0,0,0,13
2782,2025-02-10,164,9,0,0,0,9
2783,2025-02-10,165,9,0,0,0,9
2784,2025-02-10,166,39,0,0,0,39
2785,2025-02-10,167,54,0,4,0,50
2786,2025-02-10,168,19,0,1,0,18
2787,2025-02-10,169,9,0,0,0,9
2788,2025-02-10,170,58,0,2,0,56
2789,2025-02-11,101,10,0,1,0,9
2790,2025-02-11,102,0,0,0,0,0
2791,2025-02-11,103,0,0,0,0,0
2792,2025-02-11,104,24,0,0,0,24
2793,2025-02-11,105,9,0,0,-3,6
2794,2025-02-11,106,53,0,1,0,52
2795,2025-02-11,108,13,0,0,0,13
2796,2025-02-11,109,19,0,0,0,19
2797,2025-02-11,110,12,0,1,0,11
2798,2025-02-11,112,14,0,0,0,14
2799,2025-02-11,113,0,0,0,0,0
2800,2025-02-11,114,5,0,0,0,5
2801,2025-02-11,115,0,0,0,0,0
2802,2025-02-11,116,4,0,1,0,3
2803,2025-02-11,117,10,0,2,0,8
2804,2025-02-11,118,46,0,0,-1,45
2805,2025-02-11,119,43,0,2,0,41
2806,2025-02-11,120,0,0,0,0,0
2807,2025-02-11,121,0,0,0,0,0
2808,2025-02-11,122,8,0,1,0,7
2809,2025-02-11,123,14,0,1,0,13
2810,2025-02-11,124,0,0,0,0,0
2811,2025-02-11,125,9,0,1,0,8
2812,2025-02-11,126,7,0,0,0,7
2813,2025-02-11,127,26,0,2,0,24
2814,2025-02-11,128,0,0,0,0,0
2815,2025-02-11,129,5,0,0,0,5
2816,2025-02-11,130,9,0,0,0,9
2817,2025-02-11,131,54,0,1,0,53
2818,2025-02-11,132,0,0,0,0,0
2819,2025-02-11,133,0,0,0,0,0
2820,2025-02-11,134,7,0,1,0,6
2821,2025-02-11,135,23,0,1,0,22
2822,2025-02-11,136,0,0,0,0,0
2823,2025-02-11,137,0,0,0,0,0
2824,2025-02-11,138,13,0,0,0,13
2825,2025-02-11,139,13,0,0,0,13
2826,2025-02-11,140,0,0,0,0,0
2827,2025-02-11,141,25,0,1,0,24
2828,2025-02-11,142,57,0,2,0,55
2829,2025-02-11,143,51,0,0,0,51
2830,2025-02-11,144,0,0,0,0,0
2831,2025-02-11,145,9,0,1,0,8
2832,2025-02-11,146,9,0,0,0,9
2833,2025-02-11,147,0,0,0,0,0
2834,2025-02-11,148,10,0,0,0,10
2835,2025-02-11,149,8,0,0,0,8
2836,2025-02-11,150,8,0,0,0,8
2837,2025-02-11,151,38,0,1,0,37
2838,2025-02-11,152,10,0,0,0,10
2839,2025-02-11,153,0,0,0,0,0
2840,2025-02-11,154,0,0,0,0,0
2841,2025-02-11,155,5,0,0,0,5
2842,2025-02-11,156,51,0,1,0,50
2843,2025-02-11,157,16,0,1,0,15
2844,2025-02-11,158,44,0,0,0,44
2845,2025-02-11,159,37,0,0,0,37
2846,2025-02-11,160,18,0,1,0,17
2847,2025-02-11,161,13,0,1,0,12
2848,2025-02-11,162,0,0,0,0,0
2849,2025-02-11,163,13,0,0,0,13
2850,2025-02-11,164,9,0,0,0,9
2851,2025-02-11,165,9,0,1,0,8
2852,2025-02-11,166,39,0,1,0,38
2853,2025-02-11,167,50,0,3,0,47
2854,2025-02-11,168,18,0,0,0,18
2855,2025-02-11,169,9,0,1,0,8
2856,2025-02-11,170,56,0,2,0,54
2857,2025-02-12,101,9,0,1,0,8
2858,2025-02-12,102,0,0,0,0,0
2859,2025-02-12,103,0,0,0,0,0
2860,2025-02-12,104,24,0,0,0,24
2861,2025-02-12,105,6,0,1,0,5
2862,2025-02-12,106,52,0,1,0,51
2863,2025-02-12,108,13,0,0,0,13
2864,2025-02-12,109,19,0,1,0,18
2865,2025-02-12,110,11,40,0,0,51
2866,2025-02-12,112,14,0,3,0,11
2867,2025-02-12,113,0,0,0,0,0
2868,2025-02-12,114,5,0,0,0,5
2869,2025-02-12,115,0,0,0,0,0
2870,2025-02-12,116,3,27,2,0,28
2871,2025-02-12,117,8,0,1,0,7
2872,2025-02-12,118,45,0,1,0,44
2873,2025-02-12,119,41,0,1,0,40
2874,2025-02-12,120,0,0,0,0,0
2875,2025-02-12,121,0,0,0,0,0
2876,2025-02-12,122,7,0,0,0,7
2877,2025-02-12,123,13,0,1,0,12
2878,2025-02-12,124,0,0,0,0,0
2879,2025-02-12,125,8,0,0,0,8
2880,2025-02-12,126,7,0,1,0,6
2881,2025-02-12,127,24,0,0,0,24
2882,2025-02-12,128,0,0,0,0,0
2883,2025-02-12,129,5,0,0,0,5
2884,2025-02-12,130,9,0,0,0,9
2885,2025-02-12,131,53,0,2,0,51
2886,2025-02-12,132,0,0,0,0,0
2887,2025-02-12,133,0,0,0,0,0
2888,2025-02-12,134,6,0,0,0,6
2889,2025-02-12,135,22,0,1,0,21
2890,2025-02-12,136,0,0,0,0,0
2891,2025-02-12,137,0,0,0,0,0
2892,2025-02-12,138,13,0,0,0,13
2893,2025-02-12,139,13,0,0,0,13
2894,2025-02-12,140,0,0,0,0,0
2895,2025-02-12,141,24,0,1,0,23
2896,2025-02-12,142,55,0,1,0,54
2897,2025-02-12,143,51,0,4,0,47
2898,2025-02-12,144,0,0,0,0,0
2899,2025-02-12,145,8,0,2,0,6
2900,2025-02-12,146,9,0,0,0,9
2901,2025-02-12,147,0,0,0,0,0
2902,2025-02-12,148,10,0,0,0,10
2903,2025-02-12,149,8,0,0,0,8
2904,2025-02-12,150,8,0,0,0,8
2905,2025-02-12,151,37,0,1,0,36
2906,2025-02-12,152,10,0,1,0,9
2907,2025-02-12,153,0,0,0,0,0
2908,2025-02-12,154,0,0,0,0,0
2909,2025-02-12,155,5,0,1,0,4
2910,2025-02-12,156,50,0,0,0,50
2911,2025-02-12,157,15,0,2,0,13
2912,2025-02-12,158,44,0,1,0,43
2913,2025-02-12,159,37,0,1,0,36
2914,2025-02-12,160,17,0,0,0,17
2915,2025-02-12,161,12,0,1,0,11
2916,2025-02-12,162,0,0,0,0,0
2917,2025-02-12,163,13,0,0,0,13
2918,2025-02-12,164,9,0,0,0,9
2919,2025-02-12,165,8,0,1,0,7
2920,2025-02-12,166,38,0,1,0,37
2921,2025-02-12,167,47,0,3,0,44
2922,2025-02-12,168,18,0,1,0,17
2923,2025-02-12,169,8,0,0,0,8
2924,2025-02-12,170,54,0,0,0,54
2925,2025-02-13,101,8,21,1,0,28
2926,2025-02-13,102,0,0,0,0,0
2927,2025-02-13,103,0,0,0,0,0
2928,2025-02-13,104,24,0,0,0,24
2929,2025-02-13,105,5,0,1,0,4
2930,2025-02-13,106,51,0,1,0,50
2931,2025-02-13,108,13,0,0,0,13
2932,2025-02-13,109,18,0,1,0,17
2933,2025-02-13,110,51,0,2,0,49
2934,2025-02-13,112,11,0,0,0,11
2935,2025-02-13,113,0,0,0,0,0
2936,2025-02-13,114,5,0,0,0,5
2937,2025-02-13,115,0,0,0,0,0
2938,2025-02-13,116,28,0,0,0,28
2939,2025-02-13,117,7,0,0,0,7
2940,2025-02-13,118,44,0,1,0,43
2941,2025-02-13,119,40,0,1,0,39
2942,2025-02-13,120,0,0,0,0,0
2943,2025-02-13,121,0,0,0,0,0
2944,2025-02-13,122,7,0,0,0,7
2945,2025-02-13,123,12,0,2,0,10
2946,2025-02-13,124,0,0,0,0,0
2947,2025-02-13,125,8,0,0,0,8
2948,2025-02-13,126,6,0,0,0,6
2949,2025-02-13,127,24,0,0,0,24
2950,2025-02-13,128,0,0,0,0,0
2951,2025-02-13,129,5,0,0,0,5
2952,2025-02-13,130,9,0,0,0,9
2953,2025-02-13,131,51,0,2,0,49
2954,2025-02-13,132,0,0,0,0,0
2955,2025-02-13,133,0,0,0,0,0
2956,2025-02-13,134,6,0,0,0,6
2957,2025-02-13,135,21,0,1,0,20
2958,2025-02-13,136,0,0,0,0,0
2959,2025-02-13,137,0,0,0,0,0
2960,2025-02-13,138,13,0,1,0,12
2961,2025-02-13,139,13,0,2,0,11
2962,2025-02-13,140,0,0,0,0,0
2963,2025-02-13,141,23,0,1,0,22
2964,2025-02-13,142,54,0,0,0,54
2965,2025-02-13,143,47,0,1,0,46
2966,2025-02-13,144,0,0,0,0,0
2967,2025-02-13,145,6,0,1,0,5
2968,2025-02-13,146,9,0,0,0,9
2969,2025-02-13,147,0,0,0,0,0
2970,2025-02-13,148,10,0,1,0,9
2971,2025-02-13,149,8,0,0,0,8
2972,2025-02-13,150,8,0,0,0,8
2973,2025-02-13,151,36,0,1,0,35
2974,2025-02-13,152,9,0,0,0,9
2975,2025-02-13,153,0,0,0,0,0
2976,2025-02-13,154,0,0,0,0,0
2977,2025-02-13,155,4,0,0,0,4
2978,2025-02-13,156,50,0,2,0,48
2979,2025-02-13,157,13,0,2,0,11
2980,2025-02-13,158,43,0,0,0,43
2981,2025-02-13,159,36,0,2,0,34
2982,2025-02-13,160,17,0,1,0,16
2983,2025-02-13,161,11,0,1,0,10
2984,2025-02-13,162,0,0,0,0,0
2985,2025-02-13,163,13,0,0,0,13
2986,2025-02-13,164,9,0,0,0,9
2987,2025-02-13,165,7,0,0,0,7
2988,2025-02-13,166,37,0,2,0,35
2989,2025-02-13,167,44,0,0,0,44
2990,2025-02-13,168,17,0,2,0,15
2991,2025-02-13,169,8,0,0,0,8
2992,2025-02-13,170,54,0,2,0,52
2993,2025-02-14,101,28,0,0,0,28
2994,2025-02-14,102,0,0,0,0,0
2995,2025-02-14,103,0,0,0,0,0
2996,2025-02-14,104,24,0,0,0,24
2997,2025-02-14,105,4,0,1,0,3
2998,2025-02-14,106,50,0,1,0,49
2999,2025-02-14,108,13,0,0,0,13
3000,2025-02-14,109,17,0,0,0,17
3001,2025-02-14,110,49,0,2,0,47
3002,2025-02-14,112,11,48,0,0,59
3003,2025-02-14,113,0,0,0,0,0
3004,2025-02-14,114,5,0,0,0,5
3005,2025-02-14,115,0,0,0,0,0
3006,2025-02-14,116,28,0,1,0,27
3007,2025-02-14,117,7,0,0,0,7
3008,2025-02-14,118,43,0,3,0,40
3009,2025-02-14,119,39,0,1,0,38
3010,2025-02-14,120,0,0,0,0,0
3011,2025-02-14,121,0,0,0,0,0
3012,2025-02-14,122,7,0,0,0,7
3013,2025-02-14,123,10,0,4,0,6
3014,2025-02-14,124,0,0,0,0,0
3015,2025-02-14,125,8,0,1,0,7
3016,2025-02-14,126,6,0,0,0,6
3017,2025-02-14,127,24,0,2,0,22
3018,2025-02-14,128,0,0,0,0,0
3019,2025-02-14,129,5,0,0,0,5
3020,2025-02-14,130,9,0,0,0,9
3021,2025-02-14,131,49,0,0,0,49
3022,2025-02-14,132,0,0,0,0,0
3023,2025-02-14,133,0,0,0,0,0
3024,2025-02-14,134,6,18,0,0,24
3025,2025-02-14,135,20,0,0,0,20
3026,2025-02-14,136,0,0,0,0,0
3027,2025-02-14,137,0,0,0,0,0
3028,2025-02-14,138,12,0,0,0,12
3029,2025-02-14,139,11,0,0,0,11
3030,2025-02-14,140,0,0,0,0,0
3031,2025-02-14,141,22,0,0,0,22
3032,2025-02-14,142,54,0,0,0,54
3033,2025-02-14,143,46,0,0,0,46
3034,2025-02-14,144,0,0,0,0,0
3035,2025-02-14,145,5,0,1,0,4
3036,2025-02-14,146,9,0,0,0,9
3037,2025-02-14,147,0,0,0,0,0
3038,2025-02-14,148,9,0,0,0,9
3039,2025-02-14,149,8,0,0,0,8
3040,2025-02-14,150,8,0,0,0,8
3041,2025-02-14,151,35,0,0,0,35
3042,2025-02-14,152,9,0,1,0,8
3043,2025-02-14,153,0,0,0,0,0
3044,2025-02-14,154,0,0,0,0,0
3045,2025-02-14,155,4,0,0,0,4
3046,2025-02-14,156,48,0,2,0,46
3047,2025-02-14,157,11,0,0,0,11
3048,2025-02-14,158,43,0,1,0,42
3049,2025-02-14,159,34,0,0,0,34
3050,2025-02-14,160,16,0,0,0,16
3051,2025-02-14,161,10,0,2,0,8
3052,2025-02-14,162,0,0,0,0,0
3053,2025-02-14,163,13,0,0,0,13
3054,2025-02-14,164,9,0,0,0,9
3055,2025-02-14,165,7,0,0,0,7
3056,2025-02-14,166,35,0,0,0,35
3057,2025-02-14,167,44,0,2,0,42
3058,2025-02-14,168,15,0,0,0,15
3059,2025-02-14,169,8,0,0,0,8
3060,2025-02-14,170,52,0,1,0,51
3061,2025-02-15,101,28,0,1,0,27
3062,2025-02-15,102,0,0,0,0,0
3063,2025-02-15,103,0,0,0,0,0
3064,2025-02-15,104,24,0,1,0,23
3065,2025-02-15,105,3,0,1,0,2
3066,2025-02-15,106,49,0,3,0,46
3067,2025-02-15,108,13,0,0,0,13
3068,2025-02-15,109,17,0,1,0,16
3069,2025-02-15,110,47,0,1,0,46
3070,2025-02-15,112,59,0,1,0,58
3071,2025-02-15,113,0,0,0,0,0
3072,2025-02-15,114,5,0,1,0,4
3073,2025-02-15,115,0,0,0,0,0
3074,2025-02-15,116,27,0,0,0,27
3075,2025-02-15,117,7,16,0,0,23
3076,2025-02-15,118,40,0,0,0,40
3077,2025-02-15,119,38,0,3,0,35
3078,2025-02-15,120,0,0,0,0,0
3079,2025-02-15,121,0,0,0,0,0
3080,2025-02-15,122,7,0,0,0,7
3081,2025-02-15,123,6,0,0,0,6
3082,2025-02-15,124,0,0,0,0,0
3083,2025-02-15,125,7,0,0,0,7
3084,2025-02-15,126,6,0,0,0,6
3085,2025-02-15,127,22,0,0,0,22
3086,2025-02-15,128,0,0,0,0,0
3087,2025-02-15,129,5,0,0,0,5
3088,2025-02-15,130,9,0,0,0,9
3089,2025-02-15,131,49,0,1,0,48
3090,2025-02-15,132,0,0,0,0,0
3091,2025-02-15,133,0,0,0,0,0
3092,2025-02-15,134,24,0,0,0,24
3093,2025-02-15,135,20,0,1,0,19
3094,2025-02-15,136,0,0,0,0,0
3095,2025-02-15,137,0,0,0,0,0
3096,2025-02-15,138,12,0,0,0,12
3097,2025-02-15,139,11,0,0,0,11
3098,2025-02-15,140,0,0,0,0,0
3099,2025-02-15,141,22,0,0,0,22
3100,2025-02-15,142,54,0,1,0,53
3101,2025-02-15,143,46,0,0,0,46
3102,2025-02-15,144,0,0,0,0,0
3103,2025-02-15,145,4,0,2,0,2
3104,2025-02-15,146,9,0,0,0,9
3105,2025-02-15,147,0,0,0,0,0
3106,2025-02-15,148,9,0,0,0,9
3107,2025-02-15,149,8,0,0,0,8
3108,2025-02-15,150,8,0,1,0,7
3109,2025-02-15,151,35,0,2,0,33
3110,2025-02-15,152,8,0,0,0,8
3111,2025-02-15,153,0,0,0,0,0
3112,2025-02-15,154,0,0,0,0,0
3113,2025-02-15,155,4,0,0,0,4
3114,2025-02-15,156,46,0,2,0,44
3115,2025-02-15,157,11,0,0,0,11
3116,2025-02-15,158,42,0,1,0,41
3117,2025-02-15,159,34,0,1,0,33
3118,2025-02-15,160,16,0,0,0,16
3119,2025-02-15,161,8,0,1,0,7
3120,2025-02-15,162,0,0,0,0,0
3121,2025-02-15,163,13,0,0,0,13
3122,2025-02-15,164,9,0,1,0,8
3123,2025-02-15,165,7,0,0,0,7
3124,2025-02-15,166,35,0,1,0,34
3125,2025-02-15,167,42,0,2,0,40
3126,2025-02-15,168,15,0,1,0,14
3127,2025-02-15,169,8,0,0,0,8
3128,2025-02-15,170,51,0,1,0,50
3129,2025-02-16,101,27,0,0,0,27
3130,2025-02-16,102,0,0,0,0,0
3131,2025-02-16,103,0,0,0,0,0
3132,2025-02-16,104,23,0,0,0,23
3133,2025-02-16,105,2,0,2,0,0
3134,2025-02-16,106,46,0,0,0,46
3135,2025-02-16,108,13,0,0,0,13
3136,2025-02-16,109,16,0,1,0,15
3137,2025-02-16,110,46,0,1,0,45
3138,2025-02-16,112,58,0,2,0,56
3139,2025-02-16,113,0,0,0,0,0
3140,2025-02-16,114,4,0,0,0,4
3141,2025-02-16,115,0,0,0,0,0
3142,2025-02-16,116,27,0,2,0,25
3143,2025-02-16,117,23,0,0,0,23
3144,2025-02-16,118,40,0,0,0,40
3145,2025-02-16,119,35,0,1,0,34
3146,2025-02-16,120,0,0,0,0,0
3147,2025-02-16,121,0,0,0,0,0
3148,2025-02-16,122,7,0,1,0,6
3149,2025-02-16,123,6,0,0,0,6
3150,2025-02-16,124,0,0,0,0,0
3151,2025-02-16,125,7,0,0,0,7
3152,2025-02-16,126,6,0,0,0,6
3153,2025-02-16,127,22,0,0,0,22
3154,2025-02-16,128,0,0,0,0,0
3155,2025-02-16,129,5,0,1,0,4
3156,2025-02-16,130,9,0,0,0,9
3157,2025-02-16,131,48,0,2,0,46
3158,2025-02-16,132,0,0,0,0,0
3159,2025-02-16,133,0,0,0,0,0
3160,2025-02-16,134,24,0,0,0,24
3161,2025-02-16,135,19,0,0,0,19
3162,2025-02-16,136,0,0,0,0,0
3163,2025-02-16,137,0,0,0,0,0
3164,2025-02-16,138,12,0,0,0,12
3165,2025-02-16,139,11,0,0,0,11
3166,2025-02-16,140,0,0,0,0,0
3167,2025-02-16,141,22,0,1,0,21
3168,2025-02-16,142,53,0,3,0,50
3169,2025-02-16,143,46,0,2,0,44
3170,2025-02-16,144,0,0,0,0,0
3171,2025-02-16,145,2,0,0,0,2
3172,2025-02-16,146,9,0,0,0,9
3173,2025-02-16,147,0,0,0,0,0
3174,2025-02-16,148,9,0,0,0,9
3175,2025-02-16,149,8,0,1,0,7
3176,2025-02-16,150,7,0,0,0,7
3177,2025-02-16,151,33,0,2,0,31
3178,2025-02-16,152,8,19,0,0,27
3179,2025-02-16,153,0,0,0,0,0
3180,2025-02-16,154,0,0,0,0,0
3181,2025-02-16,155,4,0,0,0,4
3182,2025-02-16,156,44,0,1,0,43
3183,2025-02-16,157,11,0,0,0,11
3184,2025-02-16,158,41,0,2,0,39
3185,2025-02-16,159,33,0,1,0,32
3186,2025-02-16,160,16,0,1,0,15
3187,2025-02-16,161,7,0,0,0,7
3188,2025-02-16,162,0,0,0,0,0
3189,2025-02-16,163,13,0,0,0,13
3190,2025-02-16,164,8,0,1,0,7
3191,2025-02-16,165,7,0,0,0,7
3192,2025-02-16,166,34,0,0,0,34
3193,2025-02-16,167,40,0,1,0,39
3194,2025-02-16,168,14,0,0,0,14
3195,2025-02-16,169,8,0,0,0,8
3196,2025-02-16,170,50,0,4,0,46
3197,2025-02-17,101,27,0,1,0,26
3198,2025-02-17,102,0,0,0,0,0
3199,2025-02-17,103,0,0,0,0,0
3200,2025-02-17,104,23,0,0,0,23
3201,2025-02-17,105,0,0,0,0,0
3202,2025-02-17,106,46,0,1,0,45
3203,2025-02-17,108,13,0,0,0,13
3204,2025-02-17,109,15,0,0,0,15
3205,2025-02-17,110,45,0,2,0,43
3206,2025-02-17,112,56,0,2,0,54
3207,2025-02-17,113,0,0,0,0,0
3208,2025-02-17,114,4,0,0,0,4
3209,2025-02-17,115,0,0,0,0,0
3210,2025-02-17,116,25,0,3,0,22
3211,2025-02-17,117,23,0,0,0,23
3212,2025-02-17,118,40,0,1,-2,37
3213,2025-02-17,119,34,0,0,0,34
3214,2025-02-17,120,0,0,0,0,0
3215,2025-02-17,121,0,0,0,0,0
3216,2025-02-17,122,6,0,1,0,5
3217,2025-02-17,123,6,25,2,0,29
3218,2025-02-17,124,0,0,0,0,0
3219,2025-02-17,125,7,0,0,0,7
3220,2025-02-17,126,6,0,1,0,5
3221,2025-02-17,127,22,0,1,0,21
3222,2025-02-17,128,0,0,0,0,0
3223,2025-02-17,129,4,0,0,-1,3
3224,2025-02-17,130,9,0,0,0,9
3225,2025-02-17,131,46,0,1,0,45
3226,2025-02-17,132,0,0,0,0,0
3227,2025-02-17,133,0,0,0,0,0
3228,2025-02-17,134,24,0,0,0,24
3229,2025-02-17,135,19,0,0,0,19
3230,2025-02-17,136,0,0,0,0,0
3231,2025-02-17,137,0,0,0,0,0
3232,2025-02-17,138,12,0,0,0,12
3233,2025-02-17,139,11,0,2,0,9
3234,2025-02-17,140,0,0,0,0,0
3235,2025-02-17,141,21,0,1,-2,18
3236,2025-02-17,142,50,0,0,0,50
3237,2025-02-17,143,44,0,0,0,44
3238,2025-02-17,144,0,0,0,0,0
3239,2025-02-17,145,2,0,1,0,1
3240,2025-02-17,146,9,0,1,0,8
3241,2025-02-17,147,0,0,0,0,0
3242,2025-02-17,148,9,0,0,0,9
3243,2025-02-17,149,7,0,0,0,7
3244,2025-02-17,150,7,0,1,0,6
3245,2025-02-17,151,31,0,1,0,30
3246,2025-02-17,152,27,0,0,0,27
3247,2025-02-17,153,0,0,0,0,0
3248,2025-02-17,154,0,0,0,0,0
3249,2025-02-17,155,4,0,0,0,4
3250,2025-02-17,156,43,0,2,0,41
3251,2025-02-17,157,11,0,0,0,11
3252,2025-02-17,158,39,0,0,0,39
3253,2025-02-17,159,32,0,0,0,32
3254,2025-02-17,160,15,0,2,0,13
3255,2025-02-17,161,7,24,1,0,30
3256,2025-02-17,162,0,0,0,0,0
3257,2025-02-17,163,13,0,0,0,13
3258,2025-02-17,164,7,0,1,0,6
3259,2025-02-17,165,7,0,1,0,6
3260,2025-02-17,166,34,0,3,0,31
3261,2025-02-17,167,39,0,2,0,37
3262,2025-02-17,168,14,0,0,0,14
3263,2025-02-17,169,8,0,0,0,8
3264,2025-02-17,170,46,0,2,0,44
3265,2025-02-18,101,26,0,0,0,26
3266,2025-02-18,102,0,0,0,0,0
3267,2025-02-18,103,0,0,0,0,0
3268,2025-02-18,104,23,0,0,0,23
3269,2025-02-18,105,0,0,0,0,0
3270,2025-02-18,106,45,0,0,0,45
3271,2025-02-18,108,13,0,0,0,13
3272,2025-02-18,109,15,0,0,0,15
3273,2025-02-18,110,43,0,0,0,43
3274,2025-02-18,112,54,0,2,0,52
3275,2025-02-18,113,0,0,0,0,0
3276,2025-02-18,114,4,10,1,0,13
3277,2025-02-18,115,0,0,0,0,0
3278,2025-02-18,116,22,0,0,0,22
3279,2025-02-18,117,23,0,0,-1,22
3280,2025-02-18,118,37,0,1,0,36
3281,2025-02-18,119,34,0,1,0,33
3282,2025-02-18,120,0,0,0,0,0
3283,2025-02-18,121,0,0,0,0,0
3284,2025-02-18,122,5,0,0,0,5
3285,2025-02-18,123,29,0,1,0,28
3286,2025-02-18,124,0,0,0,0,0
3287,2025-02-18,125,7,0,0,0,7
3288,2025-02-18,126,5,0,0,0,5
3289,2025-02-18,127,21,0,1,0,20
3290,2025-02-18,128,0,0,0,0,0
3291,2025-02-18,129,3,0,0,0,3
3292,2025-02-18,130,9,0,0,0,9
3293,2025-02-18,131,45,0,1,0,44
3294,2025-02-18,132,0,0,0,0,0
3295,2025-02-18,133,0,0,0,0,0
3296,2025-02-18,134,24,0,1,0,23
3297,2025-02-18,135,19,0,2,0,17
3298,2025-02-18,136,0,0,0,0,0
3299,2025-02-18,137,0,0,0,0,0
3300,2025-02-18,138,12,0,3,0,9
3301,2025-02-18,139,9,0,1,0,8
3302,2025-02-18,140,0,0,0,0,0
3303,2025-02-18,141,18,0,2,0,16
3304,2025-02-18,142,50,0,0,0,50
3305,2025-02-18,143,44,0,0,0,44
3306,2025-02-18,144,0,0,0,0,0
3307,2025-02-18,145,1,0,0,0,1
3308,2025-02-18,146,8,0,0,0,8
3309,2025-02-18,147,0,0,0,0,0
3310,2025-02-18,148,9,0,0,0,9
3311,2025-02-18,149,7,19,2,0,24
3312,2025-02-18,150,6,0,0,0,6
3313,2025-02-18,151,30,0,1,0,29
3314,2025-02-18,152,27,0,0,0,27
3315,2025-02-18,153,0,0,0,0,0
3316,2025-02-18,154,0,0,0,0,0
3317,2025-02-18,155,4,0,0,0,4
3318,2025-02-18,156,41,0,1,0,40
3319,2025-02-18,157,11,0,0,0,11
3320,2025-02-18,158,39,0,1,0,38
3321,2025-02-18,159,32,0,2,0,30
3322,2025-02-18,160,13,0,0,0,13
3323,2025-02-18,161,30,0,1,0,29
3324,2025-02-18,162,0,0,0,0,0
3325,2025-02-18,163,13,0,0,0,13
3326,2025-02-18,164,6,0,1,0,5
3327,2025-02-18,165,6,0,0,0,6
3328,2025-02-18,166,31,0,1,0,30
3329,2025-02-18,167,37,0,1,0,36
3330,2025-02-18,168,14,0,0,0,14
3331,2025-02-18,169,8,0,0,0,8
3332,2025-02-18,170,44,0,1,0,43
3333,2025-02-19,101,26,0,0,0,26
3334,2025-02-19,102,0,0,0,0,0
3335,2025-02-19,103,0,0,0,0,0
3336,2025-02-19,104,23,0,1,0,22
3337,2025-02-19,105,0,0,0,0,0
3338,2025-02-19,106,45,0,2,0,43
3339,2025-02-19,108,13,0,0,0,13
3340,2025-02-19,109,15,0,0,0,15
3341,2025-02-19,110,43,0,2,0,41
3342,2025-02-19,112,52,0,1,0,51
3343,2025-02-19,113,0,0,0,0,0
3344,2025-02-19,114,13,0,0,0,13
3345,2025-02-19,115,0,0,0,0,0
3346,2025-02-19,116,22,0,0,0,22
3347,2025-02-19,117,22,0,1,0,21
3348,2025-02-19,118,36,0,3,0,33
3349,2025-02-19,119,33,0,2,0,31
3350,2025-02-19,120,0,0,0,0,0
3351,2025-02-19,121,0,0,0,0,0
3352,2025-02-19,122,5,0,0,0,5
3353,2025-02-19,123,28,0,2,0,26
3354,2025-02-19,124,0,0,0,0,0
3355,2025-02-19,125,7,0,1,0,6
3356,2025-02-19,126,5,0,0,0,5
3357,2025-02-19,127,20,0,0,0,20
3358,2025-02-19,128,0,0,0,0,0
3359,2025-02-19,129,3,0,0,0,3
3360,2025-02-19,130,9,0,0,0,9
3361,2025-02-19,131,44,0,0,0,44
3362,2025-02-19,132,0,0,0,0,0
3363,2025-02-19,133,0,0,0,0,0
3364,2025-02-19,134,23,0,3,0,20
3365,2025-02-19,135,17,0,0,0,17
3366,2025-02-19,136,0,0,0,0,0
3367,2025-02-19,137,0,0,0,0,0
3368,2025-02-19,138,9,0,0,0,9
3369,2025-02-19,139,8,0,0,0,8
3370,2025-02-19,140,0,0,0,0,0
3371,2025-02-19,141,16,0,2,0,14
3372,2025-02-19,142,50,0,2,0,48
3373,2025-02-19,143,44,0,1,0,43
3374,2025-02-19,144,0,0,0,0,0
3375,2025-02-19,145,1,0,0,0,1
3376,2025-02-19,146,8,0,0,0,8
3377,2025-02-19,147,0,0,0,0,0
3378,2025-02-19,148,9,0,0,0,9
3379,2025-02-19,149,24,0,0,0,24
3380,2025-02-19,150,6,0,0,0,6
3381,2025-02-19,151,29,0,3,0,26
3382,2025-02-19,152,27,0,0,0,27
3383,2025-02-19,153,0,0,0,0,0
3384,2025-02-19,154,0,0,0,0,0
3385,2025-02-19,155,4,0,1,0,3
3386,2025-02-19,156,40,0,1,0,39
3387,2025-02-19,157,11,0,0,0,11
3388,2025-02-19,158,38,0,2,0,36
3389,2025-02-19,159,30,0,0,0,30
3390,2025-02-19,160,13,0,0,0,13
3391,2025-02-19,161,29,0,1,0,28
3392,2025-02-19,162,0,0,0,0,0
3393,2025-02-19,163,13,0,0,0,13
3394,2025-02-19,164,5,0,0,0,5
3395,2025-02-19,165,6,0,0,0,6
3396,2025-02-19,166,30,0,0,0,30
3397,2025-02-19,167,36,0,2,0,34
3398,2025-02-19,168,14,0,0,0,14
3399,2025-02-19,169,8,0,0,0,8
3400,2025-02-19,170,43,0,3,0,40
3401,2025-02-20,101,26,0,0,0,26
3402,2025-02-20,102,0,0,0,0,0
3403,2025-02-20,103,0,0,0,0,0
3404,2025-02-20,104,22,0,2,0,20
3405,2025-02-20,105,0,19,0,0,19
3406,2025-02-20,106,43,0,1,0,42
3407,2025-02-20,108,13,0,1,0,12
3408,2025-02-20,109,15,0,0,0,15
3409,2025-02-20,110,41,0,1,0,40
3410,2025-02-20,112,51,0,2,0,49
3411,2025-02-20,113,0,0,0,0,0
3412,2025-02-20,114,13,0,0,0,13
3413,2025-02-20,115,0,0,0,0,0
3414,2025-02-20,116,22,0,0,0,22
3415,2025-02-20,117,21,0,2,0,19
3416,2025-02-20,118,33,0,2,0,31
3417,2025-02-20,119,31,0,0,0,31
3418,2025-02-20,120,0,0,0,0,0
3419,2025-02-20,121,0,0,0,0,0
3420,2025-02-20,122,5,0,0,0,5
3421,2025-02-20,123,26,0,0,0,26
3422,2025-02-20,124,0,0,0,0,0
3423,2025-02-20,125,6,0,0,0,6
3424,2025-02-20,126,5,0,0,0,5
3425,2025-02-20,127,20,0,1,0,19
3426,2025-02-20,128,0,0,0,0,0
3427,2025-02-20,129,3,0,0,0,3
3428,2025-02-20,130,9,0,0,0,9
3429,2025-02-20,131,44,0,1,0,43
3430,2025-02-20,132,0,0,0,0,0
3431,2025-02-20,133,0,0,0,0,0
3432,2025-02-20,134,20,0,0,0,20
3433,2025-02-20,135,17,0,0,0,17
3434,2025-02-20,136,0,0,0,0,0
3435,2025-02-20,137,0,0,0,0,0
3436,2025-02-20,138,9,0,0,0,9
3437,2025-02-20,139,8,0,0,0,8
3438,2025-02-20,140,0,0,0,0,0
3439,2025-02-20,141,14,0,2,0,12
3440,2025-02-20,142,48,0,0,-3,45
3441,2025-02-20,143,43,0,1,0,42
3442,2025-02-20,144,0,0,0,0,0
3443,2025-02-20,145,1,0,0,0,1
3444,2025-02-20,146,8,0,1,0,7
3445,2025-02-20,147,0,0,0,0,0
3446,2025-02-20,148,9,0,0,0,9
3447,2025-02-20,149,24,0,1,0,23
3448,2025-02-20,150,6,0,0,0,6
3449,2025-02-20,151,26,0,0,0,26
3450,2025-02-20,152,27,0,0,0,27
3451,2025-02-20,153,0,0,0,0,0
3452,2025-02-20,154,0,0,0,0,0
3453,2025-02-20,155,3,0,1,0,2
3454,2025-02-20,156,39,0,1,0,38
3455,2025-02-20,157,11,0,0,0,11
3456,2025-02-20,158,36,0,0,0,36
3457,2025-02-20,159,30,0,1,0,29
3458,2025-02-20,160,13,0,0,0,13
3459,2025-02-20,161,28,0,1,0,27
3460,2025-02-20,162,0,0,0,0,0
3461,2025-02-20,163,13,0,0,0,13
3462,2025-02-20,164,5,20,0,0,25
3463,2025-02-20,165,6,0,0,0,6
3464,2025-02-20,166,30,0,2,0,28
3465,2025-02-20,167,34,0,2,0,32
3466,2025-02-20,168,14,0,0,0,14
3467,2025-02-20,169,8,0,0,0,8
3468,2025-02-20,170,40,0,3,0,37
3469,2025-02-21,101,26,0,1,0,25
3470,2025-02-21,102,0,0,0,0,0
3471,2025-02-21,103,0,0,0,0,0
3472,2025-02-21,104,20,0,1,0,19
3473,2025-02-21,105,19,0,1,0,18
3474,2025-02-21,106,42,0,4,0,38
3475,2025-02-21,108,12,0,0,0,12
3476,2025-02-21,109,15,0,0,0,15
3477,2025-02-21,110,40,0,3,0,37
3478,2025-02-21,112,49,0,0,0,49
3479,2025-02-21,113,0,0,0,0,0
3480,2025-02-21,114,13,0,0,0,13
3481,2025-02-21,115,0,0,0,0,0
3482,2025-02-21,116,22,0,0,0,22
3483,2025-02-21,117,19,0,0,0,19
3484,2025-02-21,118,31,0,2,0,29
3485,2025-02-21,119,31,0,0,0,31
3486,2025-02-21,120,0,0,0,0,0
3487,2025-02-21,121,0,0,0,0,0
3488,2025-02-21,122,5,0,0,0,5
3489,2025-02-21,123,26,0,2,0,24
3490,2025-02-21,124,0,0,0,0,0
3491,2025-02-21,125,6,0,0,0,6
3492,2025-02-21,126,5,0,0,0,5
3493,2025-02-21,127,19,0,1,0,18
3494,2025-02-21,128,0,0,0,0,0
3495,2025-02-21,129,3,11,0,0,14
3496,2025-02-21,130,9,0,0,-1,8
3497,2025-02-21,131,43,0,1,0,42
3498,2025-02-21,132,0,0,0,0,0
3499,2025-02-21,133,0,0,0,0,0
3500,2025-02-21,134,20,0,2,0,18
3501,2025-02-21,135,17,0,3,0,14
3502,2025-02-21,136,0,0,0,0,0
3503,2025-02-21,137,0,0,0,0,0
3504,2025-02-21,138,9,0,0,0,9
3505,2025-02-21,139,8,0,1,0,7
3506,2025-02-21,140,0,0,0,0,0
3507,2025-02-21,141,12,0,2,0,10
3508,2025-02-21,142,45,0,1,0,44
3509,2025-02-21,143,42,0,1,0,41
3510,2025-02-21,144,0,0,0,0,0
3511,2025-02-21,145,1,18,0,0,19
3512,2025-02-21,146,7,0,0,0,7
3513,2025-02-21,147,0,0,0,0,0
3514,2025-02-21,148,9,0,0,0,9
3515,2025-02-21,149,23,0,1,0,22
3516,2025-02-21,150,6,0,1,0,5
3517,2025-02-21,151,26,0,2,0,24
3518,2025-02-21,152,27,0,0,0,27
3519,2025-02-21,153,0,0,0,0,0
3520,2025-02-21,154,0,0,0,0,0
3521,2025-02-21,155,2,0,2,0,0
3522,2025-02-21,156,38,0,3,0,35
3523,2025-02-21,157,11,0,2,0,9
3524,2025-02-21,158,36,0,1,0,35
3525,2025-02-21,159,29,0,1,0,28
3526,2025-02-21,160,13,0,0,0,13
3527,2025-02-21,161,27,0,0,0,27
3528,2025-02-21,162,0,0,0,0,0
3529,2025-02-21,163,13,0,1,0,12
3530,2025-02-21,164,25,0,1,0,24
3531,2025-02-21,165,6,0,1,0,5
3532,2025-02-21,166,28,0,0,0,28
3533,2025-02-21,167,32,0,2,0,30
3534,2025-02-21,168,14,0,1,0,13
3535,2025-02-21,169,8,0,0,0,8
3536,2025-02-21,170,37,0,0,0,37
3537,2025-02-22,101,25,0,0,0,25
3538,2025-02-22,102,0,0,0,0,0
3539,2025-02-22,103,0,0,0,0,0
3540,2025-02-22,104,19,0,1,0,18
3541,2025-02-22,105,18,0,0,0,18
3542,2025-02-22,106,38,0,3,0,35
3543,2025-02-22,108,12,0,0,0,12
3544,2025-02-22,109,15,0,1,0,14
3545,2025-02-22,110,37,0,2,0,35
3546,2025-02-22,112,49,0,2,0,47
3547,2025-02-22,113,0,0,0,0,0
3548,2025-02-22,114,13,0,0,0,13
3549,2025-02-22,115,0,0,0,0,0
3550,2025-02-22,116,22,0,0,0,22
3551,2025-02-22,117,19,0,4,0,15
3552,2025-02-22,118,29,0,1,0,28
3553,2025-02-22,119,31,0,2,0,29
3554,2025-02-22,120,0,0,0,0,0
3555,2025-02-22,121,0,0,0,0,0
3556,2025-02-22,122,5,0,0,0,5
3557,2025-02-22,123,24,0,0,0,24
3558,2025-02-22,124,0,0,0,0,0
3559,2025-02-22,125,6,0,0,0,6
3560,2025-02-22,126,5,0,0,0,5
3561,2025-02-22,127,18,0,0,0,18
3562,2025-02-22,128,0,0,0,0,0
3563,2025-02-22,129,14,0,0,0,14
3564,2025-02-22,130,8,0,0,0,8
3565,2025-02-22,131,42,0,1,0,41
3566,2025-02-22,132,0,0,0,0,0
3567,2025-02-22,133,0,0,0,0,0
3568,2025-02-22,134,18,0,0,0,18
3569,2025-02-22,135,14,0,1,0,13
3570,2025-02-22,136,0,0,0,0,0
3571,2025-02-22,137,0,0,0,0,0
3572,2025-02-22,138,9,0,0,0,9
3573,2025-02-22,139,7,0,0,0,7
3574,2025-02-22,140,0,0,0,0,0
3575,2025-02-22,141,10,0,0,0,10
3576,2025-02-22,142,44,0,2,0,42
3577,2025-02-22,143,41,0,0,0,41
3578,2025-02-22,144,0,0,0,0,0
3579,2025-02-22,145,19,0,1,0,18
3580,2025-02-22,146,7,0,0,0,7
3581,2025-02-22,147,0,0,0,0,0
3582,2025-02-22,148,9,0,0,0,9
3583,2025-02-22,149,22,0,0,0,22
3584,2025-02-22,150,5,0,0,0,5
3585,2025-02-22,151,24,0,1,0,23
3586,2025-02-22,152,27,0,0,0,27
3587,2025-02-22,153,0,0,0,0,0
3588,2025-02-22,154,0,0,0,0,0
3589,2025-02-22,155,0,0,0,0,0
3590,2025-02-22,156,35,0,4,0,31
3591,2025-02-22,157,9,0,0,0,9
3592,2025-02-22,158,35,0,1,0,34
3593,2025-02-22,159,28,0,2,0,26
3594,2025-02-22,160,13,0,0,0,13
3595,2025-02-22,161,27,0,0,0,27
3596,2025-02-22,162,0,0,0,0,0
3597,2025-02-22,163,12,0,1,0,11
3598,2025-02-22,164,24,0,1,0,23
3599,2025-02-22,165,5,0,0,0,5
3600,2025-02-22,166,28,0,1,0,27
3601,2025-02-22,167,30,0,0,0,30
3602,2025-02-22,168,13,0,1,0,12
3603,2025-02-22,169,8,0,0,0,8
3604,2025-02-22,170,37,0,2,0,35
3605,2025-02-23,101,25,0,0,0,25
3606,2025-02-23,102,0,0,0,0,0
3607,2025-02-23,103,0,0,0,0,0
3608,2025-02-23,104,18,0,2,0,16
3609,2025-02-23,105,18,0,0,0,18
3610,2025-02-23,106,35,0,1,0,34
3611,2025-02-23,108,12,0,0,0,12
3612,2025-02-23,109,14,0,0,0,14
3613,2025-02-23,110,35,0,1,0,34
3614,2025-02-23,112,47,0,1,0,46
3615,2025-02-23,113,0,0,0,0,0
3616,2025-02-23,114,13,0,0,0,13
3617,2025-02-23,115,0,0,0,0,0
3618,2025-02-23,116,22,0,1,0,21
3619,2025-02-23,117,15,0,0,0,15
3620,2025-02-23,118,28,0,2,0,26
3621,2025-02-23,119,29,0,0,0,29
3622,2025-02-23,120,0,0,0,0,0
3623,2025-02-23,121,0,0,0,0,0
3624,2025-02-23,122,5,0,0,0,5
3625,2025-02-23,123,24,0,0,0,24
3626,2025-02-23,124,0,0,0,0,0
3627,2025-02-23,125,6,0,0,0,6
3628,2025-02-23,126,5,0,0,0,5
3629,2025-02-23,127,18,0,0,0,18
3630,2025-02-23,128,0,0,0,0,0
3631,2025-02-23,129,14,0,0,0,14
3632,2025-02-23,130,8,0,0,0,8
3633,2025-02-23,131,41,0,1,0,40
3634,2025-02-23,132,0,0,0,0,0
3635,2025-02-23,133,0,0,0,0,0
3636,2025-02-23,134,18,0,0,0,18
3637,2025-02-23,135,13,0,0,0,13
3638,2025-02-23,136,0,0,0,0,0
3639,2025-02-23,137,0,0,0,0,0
3640,2025-02-23,138,9,0,1,0,8
3641,2025-02-23,139,7,0,0,0,7
3642,2025-02-23,140,0,0,0,0,0
3643,2025-02-23,141,10,0,0,0,10
3644,2025-02-23,142,42,0,0,0,42
3645,2025-02-23,143,41,0,0,0,41
3646,2025-02-23,144,0,0,0,0,0
3647,2025-02-23,145,18,0,1,0,17
3648,2025-02-23,146,7,0,0,0,7
3649,2025-02-23,147,0,0,0,0,0
3650,2025-02-23,148,9,0,0,0,9
3651,2025-02-23,149,22,0,0,0,22
3652,2025-02-23,150,5,0,0,0,5
3653,2025-02-23,151,23,0,1,0,22
3654,2025-02-23,152,27,0,0,0,27
3655,2025-02-23,153,0,0,0,0,0
3656,2025-02-23,154,0,0,0,0,0
3657,2025-02-23,155,0,0,0,0,0
3658,2025-02-23,156,31,0,0,0,31
3659,2025-02-23,157,9,0,1,0,8
3660,2025-02-23,158,34,0,0,0,34
3661,2025-02-23,159,26,0,1,0,25
3662,2025-02-23,160,13,0,3,0,10
3663,2025-02-23,161,27,0,0,0,27
3664,2025-02-23,162,0,0,0,0,0
3665,2025-02-23,163,11,0,0,0,11
3666,2025-02-23,164,23,0,0,0,23
3667,2025-02-23,165,5,0,0,0,5
3668,2025-02-23,166,27,0,1,0,26
3669,2025-02-23,167,30,0,0,0,30
3670,2025-02-23,168,12,0,0,0,12
3671,2025-02-23,169,8,0,0,0,8
3672,2025-02-23,170,35,0,2,0,33
3673,2025-02-24,101,25,0,1,0,24
3674,2025-02-24,102,0,0,0,0,0
3675,2025-02-24,103,0,0,0,0,0
3676,2025-02-24,104,16,0,1,0,15
3677,2025-02-24,105,18,0,4,0,14
3678,2025-02-24,106,34,0,2,0,32
3679,2025-02-24,108,12,0,0,0,12
3680,2025-02-24,109,14,0,0,0,14
3681,2025-02-24,110,34,0,1,0,33
3682,2025-02-24,112,46,0,1,0,45
3683,2025-02-24,113,0,0,0,0,0
3684,2025-02-24,114,13,0,0,0,13
3685,2025-02-24,115,0,0,0,0,0
3686,2025-02-24,116,21,0,0,0,21
3687,2025-02-24,117,15,0,0,0,15
3688,2025-02-24,118,26,0,1,0,25
3689,2025-02-24,119,29,0,2,0,27
3690,2025-02-24,120,0,0,0,0,0
3691,2025-02-24,121,0,0,0,0,0
3692,2025-02-24,122,5,0,1,0,4
3693,2025-02-24,123,24,0,2,0,22
3694,2025-02-24,124,0,0,0,0,0
3695,2025-02-24,125,6,0,0,0,6
3696,2025-02-24,126,5,0,0,0,5
3697,2025-02-24,127,18,0,0,0,18
3698,2025-02-24,128,0,0,0,0,0
3699,2025-02-24,129,14,0,1,0,13
3700,2025-02-24,130,8,0,0,0,8
3701,2025-02-24,131,40,0,0,0,40
3702,2025-02-24,132,0,0,0,0,0
3703,2025-02-24,133,0,0,0,0,0
3704,2025-02-24,134,18,0,0,0,18
3705,2025-02-24,135,13,0,0,0,13
3706,2025-02-24,136,0,0,0,0,0
3707,2025-02-24,137,0,0,0,0,0
3708,2025-02-24,138,8,0,1,0,7
3709,2025-02-24,139,7,0,2,0,5
3710,2025-02-24,140,0,0,0,0,0
3711,2025-02-24,141,10,0,4,0,6
3712,2025-02-24,142,42,0,5,0,37
3713,2025-02-24,143,41,0,0,0,41
3714,2025-02-24,144,0,0,0,0,0
3715,2025-02-24,145,17,0,0,0,17
3716,2025-02-24,146,7,0,0,0,7
3717,2025-02-24,147,0,0,0,0,0
3718,2025-02-24,148,9,0,0,0,9
3719,2025-02-24,149,22,0,0,0,22
3720,2025-02-24,150,5,0,0,0,5
3721,2025-02-24,151,22,0,3,0,19
3722,2025-02-24,152,27,0,1,0,26
3723,2025-02-24,153,0,0,0,0,0
3724,2025-02-24,154,0,0,0,0,0
3725,2025-02-24,155,0,9,0,0,9
3726,2025-02-24,156,31,0,2,0,29
3727,2025-02-24,157,8,22,0,0,30
3728,2025-02-24,158,34,0,2,0,32
3729,2025-02-24,159,25,0,2,0,23
3730,2025-02-24,160,10,0,1,0,9
3731,2025-02-24,161,27,0,0,-3,24
3732,2025-02-24,162,0,0,0,0,0
3733,2025-02-24,163,11,0,1,0,10
3734,2025-02-24,164,23,0,0,0,23
3735,2025-02-24,165,5,0,0,0,5
3736,2025-02-24,166,26,0,3,0,23
3737,2025-02-24,167,30,0,3,0,27
3738,2025-02-24,168,12,0,3,0,9
3739,2025-02-24,169,8,0,0,0,8
3740,2025-02-24,170,33,0,3,0,30
3741,2025-02-25,101,24,0,0,0,24
3742,2025-02-25,102,0,0,0,0,0
3743,2025-02-25,103,0,0,0,0,0
3744,2025-02-25,104,15,0,1,0,14
3745,2025-02-25,105,14,0,0,0,14
3746,2025-02-25,106,32,0,2,0,30
3747,2025-02-25,108,12,0,2,0,10
3748,2025-02-25,109,14,0,0,0,14
3749,2025-02-25,110,33,0,0,0,33
3750,2025-02-25,112,45,0,1,0,44
3751,2025-02-25,113,0,0,0,0,0
3752,2025-02-25,114,13,0,0,0,13
3753,2025-02-25,115,0,0,0,0,0
3754,2025-02-25,116,21,0,0,0,21
3755,2025-02-25,117,15,0,1,0,14
3756,2025-02-25,118,25,0,0,0,25
3757,2025-02-25,119,27,0,2,0,25
3758,2025-02-25,120,0,0,0,0,0
3759,2025-02-25,121,0,0,0,0,0
3760,2025-02-25,122,4,0,0,0,4
3761,2025-02-25,123,22,0,1,0,21
3762,2025-02-25,124,0,0,0,0,0
3763,2025-02-25,125,6,0,1,0,5
3764,2025-02-25,126,5,0,0,0,5
3765,2025-02-25,127,18,0,2,0,16
3766,2025-02-25,128,0,0,0,0,0
3767,2025-02-25,129,13,0,0,0,13
3768,2025-02-25,130,8,0,0,0,8
3769,2025-02-25,131,40,0,1,0,39
3770,2025-02-25,132,0,0,0,0,0
3771,2025-02-25,133,0,0,0,0,0
3772,2025-02-25,134,18,0,0,0,18
3773,2025-02-25,135,13,0,0,0,13
3774,2025-02-25,136,0,0,0,0,0
3775,2025-02-25,137,0,0,0,0,0
3776,2025-02-25,138,7,0,1,0,6
3777,2025-02-25,139,5,0,2,0,3
3778,2025-02-25,140,0,0,0,0,0
3779,2025-02-25,141,6,0,0,0,6
3780,2025-02-25,142,37,0,1,0,36
3781,2025-02-25,143,41,0,1,0,40
3782,2025-02-25,144,0,0,0,0,0
3783,2025-02-25,145,17,0,0,0,17
3784,2025-02-25,146,7,0,0,0,7
3785,2025-02-25,147,0,0,0,0,0
3786,2025-02-25,148,9,0,0,0,9
3787,2025-02-25,149,22,0,1,0,21
3788,2025-02-25,150,5,0,0,0,5
3789,2025-02-25,151,19,0,4,0,15
3790,2025-02-25,152,26,0,0,0,26
3791,2025-02-25,153,0,0,0,0,0
3792,2025-02-25,154,0,0,0,0,0
3793,2025-02-25,155,9,0,0,0,9
3794,2025-02-25,156,29,0,2,0,27
3795,2025-02-25,157,30,0,2,0,28
3796,2025-02-25,158,32,0,0,0,32
3797,2025-02-25,159,23,0,2,0,21
3798,2025-02-25,160,9,18,0,0,27
3799,2025-02-25,161,24,0,0,0,24
3800,2025-02-25,162,0,0,0,0,0
3801,2025-02-25,163,10,0,0,0,10
3802,2025-02-25,164,23,0,0,0,23
3803,2025-02-25,165,5,0,0,0,5
3804,2025-02-25,166,23,0,2,0,21
3805,2025-02-25,167,27,0,3,0,24
3806,2025-02-25,168,9,0,0,0,9
3807,2025-02-25,169,8,0,1,0,7
3808,2025-02-25,170,30,0,1,0,29
3809,2025-02-26,101,24,0,0,0,24
3810,2025-02-26,102,0,0,0,0,0
3811,2025-02-26,103,0,0,0,0,0
3812,2025-02-26,104,14,0,1,0,13
3813,2025-02-26,105,14,0,1,0,13
3814,2025-02-26,106,30,0,0,0,30
3815,2025-02-26,108,10,0,0,0,10
3816,2025-02-26,109,14,0,1,0,13
3817,2025-02-26,110,33,0,2,0,31
3818,2025-02-26,112,44,0,1,0,43
3819,2025-02-26,113,0,0,0,0,0
3820,2025-02-26,114,13,0,0,0,13
3821,2025-02-26,115,0,0,0,0,0
3822,2025-02-26,116,21,0,0,0,21
3823,2025-02-26,117,14,0,1,0,13
3824,2025-02-26,118,25,0,3,0,22
3825,2025-02-26,119,25,0,4,0,21
3826,2025-02-26,120,0,0,0,0,0
3827,2025-02-26,121,0,0,0,0,0
3828,2025-02-26,122,4,0,0,0,4
3829,2025-02-26,123,21,0,0,0,21
3830,2025-02-26,124,0,0,0,0,0
3831,2025-02-26,125,5,0,0,0,5
3832,2025-02-26,126,5,0,1,0,4
3833,2025-02-26,127,16,0,1,0,15
3834,2025-02-26,128,0,0,0,0,0
3835,2025-02-26,129,13,0,0,0,13
3836,2025-02-26,130,8,0,0,0,8
3837,2025-02-26,131,39,0,4,0,35
3838,2025-02-26,132,0,0,0,0,0
3839,2025-02-26,133,0,0,0,0,0
3840,2025-02-26,134,18,0,0,0,18
3841,2025-02-26,135,13,0,0,0,13
3842,2025-02-26,136,0,0,0,0,0
3843,2025-02-26,137,0,0,0,0,0
3844,2025-02-26,138,6,0,1,0,5
3845,2025-02-26,139,3,21,0,0,24
3846,2025-02-26,140,0,0,0,0,0
3847,2025-02-26,141,6,0,1,0,5
3848,2025-02-26,142,36,0,1,0,35
3849,2025-02-26,143,40,0,0,0,40
3850,2025-02-26,144,0,0,0,0,0
3851,2025-02-26,145,17,0,0,0,17
3852,2025-02-26,146,7,0,0,0,7
3853,2025-02-26,147,0,0,0,0,0
3854,2025-02-26,148,9,0,0,0,9
3855,2025-02-26,149,21,0,0,-2,19
3856,2025-02-26,150,5,0,0,0,5
3857,2025-02-26,151,15,0,1,0,14
3858,2025-02-26,152,26,0,1,0,25
3859,2025-02-26,153,0,0,0,0,0
3860,2025-02-26,154,0,0,0,0,0
3861,2025-02-26,155,9,0,0,0,9
3862,2025-02-26,156,27,0,0,0,27
3863,2025-02-26,157,28,0,1,0,27
3864,2025-02-26,158,32,0,2,0,30
3865,2025-02-26,159,21,0,0,0,21
3866,2025-02-26,160,27,0,2,0,25
3867,2025-02-26,161,24,0,0,0,24
3868,2025-02-26,162,0,0,0,0,0
3869,2025-02-26,163,10,0,0,0,10
3870,2025-02-26,164,23,0,1,0,22
3871,2025-02-26,165,5,0,0,0,5
3872,2025-02-26,166,21,0,1,0,20
3873,2025-02-26,167,24,0,0,0,24
3874,2025-02-26,168,9,24,0,0,33
3875,2025-02-26,169,7,0,0,0,7
3876,2025-02-26,170,29,0,2,0,27
3877,2025-02-27,101,24,0,1,0,23
3878,2025-02-27,102,0,0,0,0,0
3879,2025-02-27,103,0,0,0,0,0
3880,2025-02-27,104,13,0,0,0,13
3881,2025-02-27,105,13,0,0,0,13
3882,2025-02-27,106,30,0,0,0,30
3883,2025-02-27,108,10,0,1,0,9
3884,2025-02-27,109,13,0,0,0,13
3885,2025-02-27,110,31,0,1,0,30
3886,2025-02-27,112,43,0,0,0,43
3887,2025-02-27,113,0,0,0,0,0
3888,2025-02-27,114,13,0,1,0,12
3889,2025-02-27,115,0,0,0,0,0
3890,2025-02-27,116,21,0,0,0,21
3891,2025-02-27,117,13,0,0,0,13
3892,2025-02-27,118,22,0,1,0,21
3893,2025-02-27,119,21,0,1,0,20
3894,2025-02-27,120,0,0,0,0,0
3895,2025-02-27,121,0,0,0,0,0
3896,2025-02-27,122,4,0,0,0,4
3897,2025-02-27,123,21,0,2,0,19
3898,2025-02-27,124,0,0,0,0,0
3899,2025-02-27,125,5,0,0,0,5
3900,2025-02-27,126,4,0,0,0,4
3901,2025-02-27,127,15,0,0,0,15
3902,2025-02-27,128,0,0,0,0,0
3903,2025-02-27,129,13,0,1,0,12
3904,2025-02-27,130,8,0,0,0,8
3905,2025-02-27,131,35,0,1,0,34
3906,2025-02-27,132,0,0,0,0,0
3907,2025-02-27,133,0,0,0,0,0
3908,2025-02-27,134,18,0,0,0,18
3909,2025-02-27,135,13,0,0,0,13
3910,2025-02-27,136,0,0,0,0,0
3911,2025-02-27,137,0,0,0,0,0
3912,2025-02-27,138,5,0,2,0,3
3913,2025-02-27,139,24,0,1,0,23
3914,2025-02-27,140,0,0,0,0,0
3915,2025-02-27,141,5,0,1,0,4
3916,2025-02-27,142,35,0,3,0,32
3917,2025-02-27,143,40,0,1,0,39
3918,2025-02-27,144,0,0,0,0,0
3919,2025-02-27,145,17,0,2,0,15
3920,2025-02-27,146,7,0,0,0,7
3921,2025-02-27,147,0,0,0,0,0
3922,2025-02-27,148,9,0,0,0,9
3923,2025-02-27,149,19,0,0,0,19
3924,2025-02-27,150,5,0,0,0,5
3925,2025-02-27,151,14,0,2,0,12
3926,2025-02-27,152,25,0,1,0,24
3927,2025-02-27,153,0,0,0,0,0
3928,2025-02-27,154,0,0,0,0,0
3929,2025-02-27,155,9,0,0,0,9
3930,2025-02-27,156,27,0,2,0,25
3931,2025-02-27,157,27,0,0,0,27
3932,2025-02-27,158,30,0,2,0,28
3933,2025-02-27,159,21,0,1,0,20
3934,2025-02-27,160,25,0,1,0,24
3935,2025-02-27,161,24,0,1,0,23
3936,2025-02-27,162,0,0,0,0,0
3937,2025-02-27,163,10,0,1,0,9
3938,2025-02-27,164,22,0,0,0,22
3939,2025-02-27,165,5,0,0,0,5
3940,2025-02-27,166,20,0,3,0,17
3941,2025-02-27,167,24,0,1,0,23
3942,2025-02-27,168,33,0,1,0,32
3943,2025-02-27,169,7,0,0,0,7
3944,2025-02-27,170,27,0,2,0,25
3945,2025-02-28,101,23,0,0,0,23
3946,2025-02-28,102,0,0,0,0,0
3947,2025-02-28,103,0,0,0,0,0
3948,2025-02-28,104,13,0,1,0,12
3949,2025-02-28,105,13,0,2,0,11
3950,2025-02-28,106,30,0,1,0,29
3951,2025-02-28,108,9,0,0,0,9
3952,2025-02-28,109,13,0,1,0,12
3953,2025-02-28,110,30,0,2,0,28
3954,2025-02-28,112,43,0,1,0,42
3955,2025-02-28,113,0,0,0,0,0
3956,2025-02-28,114,12,0,0,0,12
3957,2025-02-28,115,0,0,0,0,0
3958,2025-02-28,116,21,0,0,0,21
3959,2025-02-28,117,13,0,2,0,11
3960,2025-02-28,118,21,0,2,0,19
3961,2025-02-28,119,20,0,1,0,19
3962,2025-02-28,120,0,0,0,0,0
3963,2025-02-28,121,0,0,0,0,0
3964,2025-02-28,122,4,0,0,0,4
3965,2025-02-28,123,19,0,0,0,19
3966,2025-02-28,124,0,0,0,0,0
3967,2025-02-28,125,5,0,0,0,5
3968,2025-02-28,126,4,0,1,0,3
3969,2025-02-28,127,15,0,0,0,15
3970,2025-02-28,128,0,0,0,0,0
3971,2025-02-28,129,12,0,1,0,11
3972,2025-02-28,130,8,0,0,0,8
3973,2025-02-28,131,34,0,0,0,34
3974,2025-02-28,132,0,0,0,0,0
3975,2025-02-28,133,0,0,0,0,0
3976,2025-02-28,134,18,0,0,-3,15
3977,2025-02-28,135,13,0,0,0,13
3978,2025-02-28,136,0,0,0,0,0
3979,2025-02-28,137,0,0,0,0,0
3980,2025-02-28,138,3,0,0,0,3
3981,2025-02-28,139,23,0,1,0,22
3982,2025-02-28,140,0,0,0,0,0
3983,2025-02-28,141,4,0,1,0,3
3984,2025-02-28,142,32,0,3,0,29
3985,2025-02-28,143,39,0,1,0,38
3986,2025-02-28,144,0,0,0,0,0
3987,2025-02-28,145,15,0,0,0,15
3988,2025-02-28,146,7,0,1,0,6
3989,2025-02-28,147,0,0,0,0,0
3990,2025-02-28,148,9,0,0,0,9
3991,2025-02-28,149,19,0,0,0,19
3992,2025-02-28,150,5,0,0,0,5
3993,2025-02-28,151,12,37,4,0,45
3994,2025-02-28,152,24,0,0,0,24
3995,2025-02-28,153,0,0,0,0,0
3996,2025-02-28,154,0,0,0,0,0
3997,2025-02-28,155,9,0,0,0,9
3998,2025-02-28,156,25,0,1,-2,22
3999,2025-02-28,157,27,0,0,0,27
4000,2025-02-28,158,28,0,1,0,27
4001,2025-02-28,159,20,0,1,0,19
4002,2025-02-28,160,24,0,0,0,24
4003,2025-02-28,161,23,0,1,0,22
4004,2025-02-28,162,0,0,0,0,0
4005,2025-02-28,163,9,0,0,0,9
4006,2025-02-28,164,22,0,0,0,22
4007,2025-02-28,165,5,0,0,0,5
4008,2025-02-28,166,17,0,2,0,15
4009,2025-02-28,167,23,0,2,0,21
4010,2025-02-28,168,32,0,1,0,31
4011,2025-02-28,169,7,0,0,0,7
4012,2025-02-28,170,25,0,2,0,23
4013,2025-03-01,101,23,0,0,0,23
4014,2025-03-01,102,0,0,0,0,0
4015,2025-03-01,103,0,0,0,0,0
4016,2025-03-01,104,12,0,0,0,12
4017,2025-03-01,105,11,0,0,0,11
4018,2025-03-01,106,29,0,1,-3,25
4019,2025-03-01,108,9,0,0,0,9
4020,2025-03-01,109,12,0,0,0,12
4021,2025-03-01,110,28,0,1,0,27
4022,2025-03-01,112,42,0,0,0,42
4023,2025-03-01,113,0,0,0,0,0
4024,2025-03-01,114,12,0,0,0,12
4025,2025-03-01,115,0,0,0,0,0
4026,2025-03-01,116,21,0,0,0,21
4027,2025-03-01,117,11,0,1,0,10
4028,2025-03-01,118,19,0,1,0,18
4029,2025-03-01,119,19,0,0,0,19
4030,2025-03-01,120,0,0,0,0,0
4031,2025-03-01,121,0,0,0,0,0
4032,2025-03-01,122,4,0,0,0,4
4033,2025-03-01,123,19,0,0,0,19
4034,2025-03-01,124,0,0,0,0,0
4035,2025-03-01,125,5,0,0,0,5
4036,2025-03-01,126,3,0,1,0,2
4037,2025-03-01,127,15,0,0,0,15
4038,2025-03-01,128,0,0,0,0,0
4039,2025-03-01,129,11,0,0,0,11
4040,2025-03-01,130,8,0,0,0,8
4041,2025-03-01,131,34,0,1,0,33
4042,2025-03-01,132,0,0,0,0,0
4043,2025-03-01,133,0,0,0,0,0
4044,2025-03-01,134,15,0,1,0,14
4045,2025-03-01,135,13,0,1,0,12
4046,2025-03-01,136,0,0,0,0,0
4047,2025-03-01,137,0,0,0,0,0
4048,2025-03-01,138,3,0,0,0,3
4049,2025-03-01,139,22,0,1,0,21
4050,2025-03-01,140,0,0,0,0,0
4051,2025-03-01,141,3,0,1,0,2
4052,2025-03-01,142,29,0,2,0,27
4053,2025-03-01,143,38,0,0,0,38
4054,2025-03-01,144,0,0,0,0,0
4055,2025-03-01,145,15,0,0,0,15
4056,2025-03-01,146,6,0,0,0,6
4057,2025-03-01,147,0,0,0,0,0
4058,2025-03-01,148,9,0,0,0,9
4059,2025-03-01,149,19,0,0,0,19
4060,2025-03-01,150,5,0,0,0,5
4061,2025-03-01,151,45,0,1,0,44
4062,2025-03-01,152,24,0,0,0,24
4063,2025-03-01,153,0,0,0,0,0
4064,2025-03-01,154,0,0,0,0,0
4065,2025-03-01,155,9,0,0,0,9
4066,2025-03-01,156,22,0,2,0,20
4067,2025-03-01,157,27,0,0,0,27
4068,2025-03-01,158,27,0,1,0,26
4069,2025-03-01,159,19,0,2,0,17
4070,2025-03-01,160,24,0,0,0,24
4071,2025-03-01,161,22,0,0,0,22
4072,2025-03-01,162,0,0,0,0,0
4073,2025-03-01,163,9,0,0,0,9
4074,2025-03-01,164,22,0,1,0,21
4075,2025-03-01,165,5,0,0,0,5
4076,2025-03-01,166,15,0,1,0,14
4077,2025-03-01,167,21,0,0,0,21
4078,2025-03-01,168,31,0,0,0,31
4079,2025-03-01,169,7,0,0,0,7
4080,2025-03-01,170,23,0,2,0,21
4081,2025-03-02,101,23,0,2,0,21
4082,2025-03-02,102,0,0,0,0,0
4083,2025-03-02,103,0,0,0,0,0
4084,2025-03-02,104,12,0,0,0,12
4085,2025-03-02,105,11,0,0,0,11
4086,2025-03-02,106,25,0,1,0,24
4087,2025-03-02,108,9,0,0,0,9
4088,2025-03-02,109,12,0,0,0,12
4089,2025-03-02,110,27,0,2,0,25
4090,2025-03-02,112,42,0,4,0,38
4091,2025-03-02,113,0,0,0,0,0
4092,2025-03-02,114,12,0,0,0,12
4093,2025-03-02,115,0,0,0,0,0
4094,2025-03-02,116,21,0,0,0,21
4095,2025-03-02,117,10,0,0,0,10
4096,2025-03-02,118,18,0,0,0,18
4097,2025-03-02,119,19,0,0,0,19
4098,2025-03-02,120,0,0,0,0,0
4099,2025-03-02,121,0,0,0,0,0
4100,2025-03-02,122,4,0,0,0,4
4101,2025-03-02,123,19,0,3,0,16
4102,2025-03-02,124,0,0,0,0,0
4103,2025-03-02,125,5,0,0,0,5
4104,2025-03-02,126,2,10,0,0,12
4105,2025-03-02,127,15,0,0,0,15
4106,2025-03-02,128,0,0,0,0,0
4107,2025-03-02,129,11,0,0,0,11
4108,2025-03-02,130,8,0,0,0,8
4109,2025-03-02,131,33,0,2,0,31
4110,2025-03-02,132,0,0,0,0,0
4111,2025-03-02,133,0,0,0,0,0
4112,2025-03-02,134,14,0,4,0,10
4113,2025-03-02,135,12,0,1,0,11
4114,2025-03-02,136,0,0,0,0,0
4115,2025-03-02,137,0,0,0,0,0
4116,2025-03-02,138,3,0,1,0,2
4117,2025-03-02,139,21,0,0,0,21
4118,2025-03-02,140,0,0,0,0,0
4119,2025-03-02,141,2,0,1,0,1
4120,2025-03-02,142,27,0,3,0,24
4121,2025-03-02,143,38,0,0,0,38
4122,2025-03-02,144,0,0,0,0,0
4123,2025-03-02,145,15,0,0,0,15
4124,2025-03-02,146,6,0,0,0,6
4125,2025-03-02,147,0,0,0,0,0
4126,2025-03-02,148,9,0,0,0,9
4127,2025-03-02,149,19,0,0,0,19
4128,2025-03-02,150,5,0,0,0,5
4129,2025-03-02,151,44,0,0,0,44
4130,2025-03-02,152,24,0,1,0,23
4131,2025-03-02,153,0,0,0,0,0
4132,2025-03-02,154,0,0,0,0,0
4133,2025-03-02,155,9,0,0,0,9
4134,2025-03-02,156,20,0,2,0,18
4135,2025-03-02,157,27,0,0,0,27
4136,2025-03-02,158,26,0,0,0,26
4137,2025-03-02,159,17,0,1,0,16
4138,2025-03-02,160,24,0,0,0,24
4139,2025-03-02,161,22,0,1,0,21
4140,2025-03-02,162,0,0,0,0,0
4141,2025-03-02,163,9,0,0,0,9
4142,2025-03-02,164,21,0,0,0,21
4143,2025-03-02,165,5,0,0,0,5
4144,2025-03-02,166,14,40,1,0,53
4145,2025-03-02,167,21,0,0,0,21
4146,2025-03-02,168,31,0,1,0,30
4147,2025-03-02,169,7,0,0,0,7
4148,2025-03-02,170,21,0,2,0,19
4149,2025-03-03,101,21,0,1,0,20
4150,2025-03-03,102,0,0,0,0,0
4151,2025-03-03,103,0,0,0,0,0
4152,2025-03-03,104,12,0,1,0,11
4153,2025-03-03,105,11,0,0,0,11
4154,2025-03-03,106,24,0,0,0,24
4155,2025-03-03,108,9,0,0,0,9
4156,2025-03-03,109,12,0,0,0,12
4157,2025-03-03,110,25,0,1,0,24
4158,2025-03-03,112,38,0,0,0,38
4159,2025-03-03,113,0,0,0,0,0
4160,2025-03-03,114,12,0,0,0,12
4161,2025-03-03,115,0,0,0,0,0
4162,2025-03-03,116,21,0,0,0,21
4163,2025-03-03,117,10,0,0,0,10
4164,2025-03-03,118,18,0,1,0,17
4165,2025-03-03,119,19,0,1,0,18
4166,2025-03-03,120,0,0,0,0,0
4167,2025-03-03,121,0,0,0,0,0
4168,2025-03-03,122,4,0,0,0,4
4169,2025-03-03,123,16,0,1,0,15
4170,2025-03-03,124,0,0,0,0,0
4171,2025-03-03,125,5,0,0,0,5
4172,2025-03-03,126,12,0,0,0,12
4173,2025-03-03,127,15,0,0,0,15
4174,2025-03-03,128,0,0,0,0,0
4175,2025-03-03,129,11,0,0,0,11
4176,2025-03-03,130,8,0,0,0,8
4177,2025-03-03,131,31,0,2,0,29
4178,2025-03-03,132,0,0,0,0,0
4179,2025-03-03,133,0,0,0,0,0
4180,2025-03-03,134,10,0,0,0,10
4181,2025-03-03,135,11,0,0,0,11
4182,2025-03-03,136,0,0,0,0,0
4183,2025-03-03,137,0,0,0,0,0
4184,2025-03-03,138,2,19,0,0,21
4185,2025-03-03,139,21,0,1,0,20
4186,2025-03-03,140,0,0,0,0,0
4187,2025-03-03,141,1,0,1,0,0
4188,2025-03-03,142,24,0,1,0,23
4189,2025-03-03,143,38,0,2,0,36
4190,2025-03-03,144,0,0,0,0,0
4191,2025-03-03,145,15,0,1,0,14
4192,2025-03-03,146,6,0,0,0,6
4193,2025-03-03,147,0,0,0,0,0
4194,2025-03-03,148,9,0,0,0,9
4195,2025-03-03,149,19,0,0,0,19
4196,2025-03-03,150,5,0,0,0,5
4197,2025-03-03,151,44,0,3,0,41
4198,2025-03-03,152,23,0,0,0,23
4199,2025-03-03,153,0,0,0,0,0
4200,2025-03-03,154,0,0,0,0,0
4201,2025-03-03,155,9,0,0,0,9
4202,2025-03-03,156,18,0,3,0,15
4203,2025-03-03,157,27,0,1,0,26
4204,2025-03-03,158,26,0,0,0,26
4205,2025-03-03,159,16,0,1,0,15
4206,2025-03-03,160,24,0,0,0,24
4207,2025-03-03,161,21,0,2,0,19
4208,2025-03-03,162,0,0,0,0,0
4209,2025-03-03,163,9,0,0,0,9
4210,2025-03-03,164,21,0,0,0,21
4211,2025-03-03,165,5,0,0,-3,2
4212,2025-03-03,166,53,0,0,0,53
4213,2025-03-03,167,21,0,2,0,19
4214,2025-03-03,168,30,0,1,0,29
4215,2025-03-03,169,7,0,0,0,7
4216,2025-03-03,170,19,0,3,0,16
4217,2025-03-04,101,20,0,0,0,20
4218,2025-03-04,102,0,0,0,0,0
4219,2025-03-04,103,0,0,0,0,0
4220,2025-03-04,104,11,0,1,0,10
4221,2025-03-04,105,11,0,0,0,11
4222,2025-03-04,106,24,0,2,0,22
4223,2025-03-04,108,9,0,1,0,8
4224,2025-03-04,109,12,0,0,0,12
4225,2025-03-04,110,24,0,0,0,24
4226,2025-03-04,112,38,0,1,0,37
4227,2025-03-04,113,0,0,0,0,0
4228,2025-03-04,114,12,0,0,0,12
4229,2025-03-04,115,0,0,0,0,0
4230,2025-03-04,116,21,0,1,0,20
4231,2025-03-04,117,10,0,1,0,9
4232,2025-03-04,118,17,43,4,0,56
4233,2025-03-04,119,18,0,4,0,14
4234,2025-03-04,120,0,0,0,0,0
4235,2025-03-04,121,0,0,0,0,0
4236,2025-03-04,122,4,0,0,0,4
4237,2025-03-04,123,15,0,0,0,15
4238,2025-03-04,124,0,0,0,0,0
4239,2025-03-04,125,5,0,0,0,5
4240,2025-03-04,126,12,0,0,0,12
4241,2025-03-04,127,15,0,1,0,14
4242,2025-03-04,128,0,0,0,0,0
4243,2025-03-04,129,11,0,0,0,11
4244,2025-03-04,130,8,0,0,0,8
4245,2025-03-04,131,29,0,0,0,29
4246,2025-03-04,132,0,0,0,0,0
4247,2025-03-04,133,0,0,0,0,0
4248,2025-03-04,134,10,0,0,0,10
4249,2025-03-04,135,11,0,0,0,11
4250,2025-03-04,136,0,0,0,0,0
4251,2025-03-04,137,0,0,0,0,0
4252,2025-03-04,138,21,0,1,0,20
4253,2025-03-04,139,20,0,0,0,20
4254,2025-03-04,140,0,0,0,0,0
4255,2025-03-04,141,0,22,1,0,21
4256,2025-03-04,142,23,0,2,0,21
4257,2025-03-04,143,36,0,2,0,34
4258,2025-03-04,144,0,0,0,0,0
4259,2025-03-04,145,14,0,0,0,14
4260,2025-03-04,146,6,0,0,0,6
4261,2025-03-04,147,0,0,0,0,0
4262,2025-03-04,148,9,0,1,0,8
4263,2025-03-04,149,19,0,0,0,19
4264,2025-03-04,150,5,0,0,0,5
4265,2025-03-04,151,41,0,3,0,38
4266,2025-03-04,152,23,0,1,0,22
4267,2025-03-04,153,0,0,0,0,0
4268,2025-03-04,154,0,0,0,0,0
4269,2025-03-04,155,9,0,1,0,8
4270,2025-03-04,156,15,0,1,0,14
4271,2025-03-04,157,26,0,1,0,25
4272,2025-03-04,158,26,0,0,0,26
4273,2025-03-04,159,15,0,2,0,13
4274,2025-03-04,160,24,0,0,0,24
4275,2025-03-04,161,19,0,0,0,19
4276,2025-03-04,162,0,0,0,0,0
4277,2025-03-04,163,9,0,0,0,9
4278,2025-03-04,164,21,0,0,0,21
4279,2025-03-04,165,2,0,0,0,2
4280,2025-03-04,166,53,0,1,0,52
4281,2025-03-04,167,19,0,3,0,16
4282,2025-03-04,168,29,0,2,0,27
4283,2025-03-04,169,7,0,0,0,7
4284,2025-03-04,170,16,0,0,0,16
4285,2025-03-05,101,20,0,0,0,20
4286,2025-03-05,102,0,0,0,0,0
4287,2025-03-05,103,0,0,0,0,0
4288,2025-03-05,104,10,0,1,0,9
4289,2025-03-05,105,11,0,0,0,11
4290,2025-03-05,106,22,0,0,0,22
4291,2025-03-05,108,8,0,0,0,8
4292,2025-03-05,109,12,0,3,0,9
4293,2025-03-05,110,24,0,1,0,23
4294,2025-03-05,112,37,0,1,0,36
4295,2025-03-05,113,0,0,0,0,0
4296,2025-03-05,114,12,0,0,0,12
4297,2025-03-05,115,0,0,0,0,0
4298,2025-03-05,116,20,0,0,0,20
4299,2025-03-05,117,9,0,1,0,8
4300,2025-03-05,118,56,0,0,0,56
4301,2025-03-05,119,14,0,2,0,12
4302,2025-03-05,120,0,0,0,0,0
4303,2025-03-05,121,0,0,0,0,0
4304,2025-03-05,122,4,0,0,0,4
4305,2025-03-05,123,15,0,3,0,12
4306,2025-03-05,124,0,0,0,0,0
4307,2025-03-05,125,5,0,0,0,5
4308,2025-03-05,126,12,0,0,0,12
4309,2025-03-05,127,14,0,3,0,11
4310,2025-03-05,128,0,0,0,0,0
4311,2025-03-05,129,11,0,0,0,11
4312,2025-03-05,130,8,0,0,0,8
4313,2025-03-05,131,29,0,0,0,29
4314,2025-03-05,132,0,0,0,0,0
4315,2025-03-05,133,0,0,0,0,0
4316,2025-03-05,134,10,0,0,0,10
4317,2025-03-05,135,11,0,2,0,9
4318,2025-03-05,136,0,0,0,0,0
4319,2025-03-05,137,0,0,0,0,0
4320,2025-03-05,138,20,0,0,0,20
4321,2025-03-05,139,20,0,0,0,20
4322,2025-03-05,140,0,0,0,0,0
4323,2025-03-05,141,21,0,0,0,21
4324,2025-03-05,142,21,0,2,0,19
4325,2025-03-05,143,34,0,3,0,31
4326,2025-03-05,144,0,0,0,0,0
4327,2025-03-05,145,14,0,1,0,13
4328,2025-03-05,146,6,0,1,0,5
4329,2025-03-05,147,0,0,0,0,0
4330,2025-03-05,148,8,0,0,0,8
4331,2025-03-05,149,19,0,1,0,18
4332,2025-03-05,150,5,0,1,0,4
4333,2025-03-05,151,38,0,1,0,37
4334,2025-03-05,152,22,0,0,0,22
4335,2025-03-05,153,0,0,0,0,0
4336,2025-03-05,154,0,0,0,0,0
4337,2025-03-05,155,8,0,3,0,5
4338,2025-03-05,156,14,0,1,0,13
4339,2025-03-05,157,25,0,0,0,25
4340,2025-03-05,158,26,0,0,0,26
4341,2025-03-05,159,13,41,2,0,52
4342,2025-03-05,160,24,0,0,0,24
4343,2025-03-05,161,19,0,2,0,17
4344,2025-03-05,162,0,0,0,0,0
4345,2025-03-05,163,9,0,0,0,9
4346,2025-03-05,164,21,0,0,0,21
4347,2025-03-05,165,2,0,0,0,2
4348,2025-03-05,166,52,0,2,0,50
4349,2025-03-05,167,16,0,1,0,15
4350,2025-03-05,168,27,0,0,0,27
4351,2025-03-05,169,7,0,1,0,6
4352,2025-03-05,170,16,45,0,0,61
4353,2025-03-06,101,20,0,0,0,20
4354,2025-03-06,102,0,0,0,0,0
4355,2025-03-06,103,0,0,0,0,0
4356,2025-03-06,104,9,0,1,0,8
4357,2025-03-06,105,11,0,0,0,11
4358,2025-03-06,106,22,0,0,0,22
4359,2025-03-06,108,8,0,0,0,8
4360,2025-03-06,109,9,0,0,0,9
4361,2025-03-06,110,23,0,2,0,21
4362,2025-03-06,112,36,0,1,0,35
4363,2025-03-06,113,0,0,0,0,0
4364,2025-03-06,114,12,0,0,0,12
4365,2025-03-06,115,0,0,0,0,0
4366,2025-03-06,116,20,0,0,0,20
4367,2025-03-06,117,8,0,1,0,7
4368,2025-03-06,118,56,0,1,0,55
4369,2025-03-06,119,12,0,1,0,11
4370,2025-03-06,120,0,0,0,0,0
4371,2025-03-06,121,0,0,0,0,0
4372,2025-03-06,122,4,0,0,0,4
4373,2025-03-06,123,12,0,2,0,10
4374,2025-03-06,124,0,0,0,0,0
4375,2025-03-06,125,5,0,0,0,5
4376,2025-03-06,126,12,0,0,0,12
4377,2025-03-06,127,11,0,1,0,10
4378,2025-03-06,128,0,0,0,0,0
4379,2025-03-06,129,11,0,0,0,11
4380,2025-03-06,130,8,0,0,0,8
4381,2025-03-06,131,29,0,0,0,29
4382,2025-03-06,132,0,0,0,0,0
4383,2025-03-06,133,0,0,0,0,0
4384,2025-03-06,134,10,0,1,0,9
4385,2025-03-06,135,9,0,1,0,8
4386,2025-03-06,136,0,0,0,0,0
4387,2025-03-06,137,0,0,0,0,0
4388,2025-03-06,138,20,0,0,0,20
4389,2025-03-06,139,20,0,0,0,20
4390,2025-03-06,140,0,0,0,0,0
4391,2025-03-06,141,21,0,2,0,19
4392,2025-03-06,142,19,0,3,0,16
4393,2025-03-06,143,31,0,3,0,28
4394,2025-03-06,144,0,0,0,0,0
4395,2025-03-06,145,13,0,0,0,13
4396,2025-03-06,146,5,0,0,0,5
4397,2025-03-06,147,0,0,0,0,0
4398,2025-03-06,148,8,0,0,0,8
4399,2025-03-06,149,18,0,1,0,17
4400,2025-03-06,150,4,0,0,0,4
4401,2025-03-06,151,37,0,2,0,35
4402,2025-03-06,152,22,0,0,0,22
4403,2025-03-06,153,0,0,0,0,0
4404,2025-03-06,154,0,0,0,0,0
4405,2025-03-06,155,5,0,0,0,5
4406,2025-03-06,156,13,0,1,0,12
4407,2025-03-06,157,25,0,1,0,24
4408,2025-03-06,158,26,0,3,0,23
4409,2025-03-06,159,52,0,2,0,50
4410,2025-03-06,160,24,0,1,0,23
4411,2025-03-06,161,17,0,0,0,17
4412,2025-03-06,162,0,0,0,0,0
4413,2025-03-06,163,9,0,0,0,9
4414,2025-03-06,164,21,0,1,0,20
4415,2025-03-06,165,2,0,0,0,2
4416,2025-03-06,166,50,0,2,0,48
4417,2025-03-06,167,15,0,2,0,13
4418,2025-03-06,168,27,0,0,0,27
4419,2025-03-06,169,6,0,1,0,5
4420,2025-03-06,170,61,0,1,0,60
4421,2025-03-07,101,20,0,0,0,20
4422,2025-03-07,102,0,0,0,0,0
4423,2025-03-07,103,0,0,0,0,0
4424,2025-03-07,104,8,0,1,0,7
4425,2025-03-07,105,11,0,1,0,10
4426,2025-03-07,106,22,0,0,0,22
4427,2025-03-07,108,8,0,1,0,7
4428,2025-03-07,109,9,0,0,0,9
4429,2025-03-07,110,21,0,3,0,18
4430,2025-03-07,112,35,0,0,0,35
4431,2025-03-07,113,0,0,0,0,0
4432,2025-03-07,114,12,0,0,0,12
4433,2025-03-07,115,0,0,0,0,0
4434,2025-03-07,116,20,0,1,0,19
4435,2025-03-07,117,7,0,1,0,6
4436,2025-03-07,118,55,0,0,0,55
4437,2025-03-07,119,11,44,0,0,55
4438,2025-03-07,120,0,0,0,0,0
4439,2025-03-07,121,0,0,0,0,0
4440,2025-03-07,122,4,0,0,0,4
4441,2025-03-07,123,10,0,1,0,9
4442,2025-03-07,124,0,0,0,0,0
4443,2025-03-07,125,5,0,0,0,5
4444,2025-03-07,126,12,0,0,0,12
4445,2025-03-07,127,10,0,0,0,10
4446,2025-03-07,128,0,0,0,0,0
4447,2025-03-07,129,11,0,0,0,11
4448,2025-03-07,130,8,0,1,0,7
4449,2025-03-07,131,29,0,1,0,28
4450,2025-03-07,132,0,0,0,0,0
4451,2025-03-07,133,0,0,0,0,0
4452,2025-03-07,134,9,0,1,0,8
4453,2025-03-07,135,8,0,0,0,8
4454,2025-03-07,136,0,0,0,0,0
4455,2025-03-07,137,0,0,0,0,0
4456,2025-03-07,138,20,0,0,0,20
4457,2025-03-07,139,20,0,2,0,18
4458,2025-03-07,140,0,0,0,0,0
4459,2025-03-07,141,19,0,0,0,19
4460,2025-03-07,142,16,0,0,0,16
4461,2025-03-07,143,28,0,0,0,28
4462,2025-03-07,144,0,0,0,0,0
4463,2025-03-07,145,13,0,1,0,12
4464,2025-03-07,146,5,0,0,0,5
4465,2025-03-07,147,0,0,0,0,0
4466,2025-03-07,148,8,0,0,0,8
4467,2025-03-07,149,17,0,0,0,17
4468,2025-03-07,150,4,0,1,0,3
4469,2025-03-07,151,35,0,0,0,35
4470,2025-03-07,152,22,0,0,0,22
4471,2025-03-07,153,0,0,0,0,0
4472,2025-03-07,154,0,0,0,0,0
4473,2025-03-07,155,5,0,0,0,5
4474,2025-03-07,156,12,44,2,0,54
4475,2025-03-07,157,24,0,1,0,23
4476,2025-03-07,158,23,0,0,0,23
4477,2025-03-07,159,50,0,0,0,50
4478,2025-03-07,160,23,0,0,0,23
4479,2025-03-07,161,17,0,0,0,17
4480,2025-03-07,162,0,0,0,0,0
4481,2025-03-07,163,9,0,0,0,9
4482,2025-03-07,164,20,0,0,0,20
4483,2025-03-07,165,2,0,0,0,2
4484,2025-03-07,166,48,0,1,0,47
4485,2025-03-07,167,13,0,3,0,10
4486,2025-03-07,168,27,0,1,0,26
4487,2025-03-07,169,5,0,0,0,5
4488,2025-03-07,170,60,0,2,0,58
4489,2025-03-08,101,20,0,0,0,20
4490,2025-03-08,102,0,0,0,0,0
4491,2025-03-08,103,0,0,0,0,0
4492,2025-03-08,104,7,22,0,0,29
4493,2025-03-08,105,10,0,0,0,10
4494,2025-03-08,106,22,0,1,0,21
4495,2025-03-08,108,7,0,0,0,7
4496,2025-03-08,109,9,0,1,0,8
4497,2025-03-08,110,18,0,2,0,16
4498,2025-03-08,112,35,0,0,0,35
4499,2025-03-08,113,0,0,0,0,0
4500,2025-03-08,114,12,0,0,0,12
4501,2025-03-08,115,0,0,0,0,0
4502,2025-03-08,116,19,0,2,0,17
4503,2025-03-08,117,6,0,1,0,5
4504,2025-03-08,118,55,0,4,0,51
4505,2025-03-08,119,55,0,1,0,54
4506,2025-03-08,120,0,0,0,0,0
4507,2025-03-08,121,0,0,0,0,0
4508,2025-03-08,122,4,0,0,0,4
4509,2025-03-08,123,9,0,0,0,9
4510,2025-03-08,124,0,0,0,0,0
4511,2025-03-08,125,5,0,0,0,5
4512,2025-03-08,126,12,0,0,0,12
4513,2025-03-08,127,10,0,0,0,10
4514,2025-03-08,128,0,0,0,0,0
4515,2025-03-08,129,11,0,0,0,11
4516,2025-03-08,130,7,0,0,0,7
4517,2025-03-08,131,28,0,1,0,27
4518,2025-03-08,132,0,0,0,0,0
4519,2025-03-08,133,0,0,0,0,0
4520,2025-03-08,134,8,0,2,0,6
4521,2025-03-08,135,8,0,1,0,7
4522,2025-03-08,136,0,0,0,0,0
4523,2025-03-08,137,0,0,0,0,0
4524,2025-03-08,138,20,0,1,0,19
4525,2025-03-08,139,18,0,0,0,18
4526,2025-03-08,140,0,0,0,0,0
4527,2025-03-08,141,19,0,4,0,15
4528,2025-03-08,142,16,47,2,0,61
4529,2025-03-08,143,28,0,2,0,26
4530,2025-03-08,144,0,0,0,0,0
4531,2025-03-08,145,12,0,0,0,12
4532,2025-03-08,146,5,0,1,0,4
4533,2025-03-08,147,0,0,0,0,0
4534,2025-03-08,148,8,0,0,0,8
4535,2025-03-08,149,17,0,1,0,16
4536,2025-03-08,150,3,10,0,0,13
4537,2025-03-08,151,35,0,1,0,34
4538,2025-03-08,152,22,0,0,0,22
4539,2025-03-08,153,0,0,0,0,0
4540,2025-03-08,154,0,0,0,0,0
4541,2025-03-08,155,5,0,1,0,4
4542,2025-03-08,156,54,0,0,0,54
4543,2025-03-08,157,23,0,2,0,21
4544,2025-03-08,158,23,0,2,-3,18
4545,2025-03-08,159,50,0,1,0,49
4546,2025-03-08,160,23,0,1,0,22
4547,2025-03-08,161,17,0,1,0,16
4548,2025-03-08,162,0,0,0,0,0
4549,2025-03-08,163,9,0,0,0,9
4550,2025-03-08,164,20,0,0,0,20
4551,2025-03-08,165,2,0,0,0,2
4552,2025-03-08,166,47,0,0,0,47
4553,2025-03-08,167,10,40,1,0,49
4554,2025-03-08,168,26,0,0,0,26
4555,2025-03-08,169,5,0,0,0,5
4556,2025-03-08,170,58,0,2,0,56
4557,2025-03-09,101,20,0,1,0,19
4558,2025-03-09,102,0,0,0,0,0
4559,2025-03-09,103,0,0,0,0,0
4560,2025-03-09,104,29,0,1,0,28
4561,2025-03-09,105,10,0,0,0,10
4562,2025-03-09,106,21,0,1,0,20
4563,2025-03-09,108,7,0,0,0,7
4564,2025-03-09,109,8,0,1,0,7
4565,2025-03-09,110,16,0,0,0,16
4566,2025-03-09,112,35,0,1,0,34
4567,2025-03-09,113,0,0,0,0,0
4568,2025-03-09,114,12,0,0,0,12
4569,2025-03-09,115,0,0,0,0,0
4570,2025-03-09,116,17,0,0,0,17
4571,2025-03-09,117,5,0,1,0,4
4572,2025-03-09,118,51,0,0,0,51
4573,2025-03-09,119,54,0,3,0,51
4574,2025-03-09,120,0,0,0,0,0
4575,2025-03-09,121,0,0,0,0,0
4576,2025-03-09,122,4,0,0,0,4
4577,2025-03-09,123,9,0,1,0,8
4578,2025-03-09,124,0,0,0,0,0
4579,2025-03-09,125,5,0,0,0,5
4580,2025-03-09,126,12,0,1,0,11
4581,2025-03-09,127,10,0,0,0,10
4582,2025-03-09,128,0,0,0,0,0
4583,2025-03-09,129,11,0,0,0,11
4584,2025-03-09,130,7,0,0,0,7
4585,2025-03-09,131,27,0,0,0,27
4586,2025-03-09,132,0,0,0,0,0
4587,2025-03-09,133,0,0,0,0,0
4588,2025-03-09,134,6,0,0,0,6
4589,2025-03-09,135,7,0,1,0,6
4590,2025-03-09,136,0,0,0,0,0
4591,2025-03-09,137,0,0,0,0,0
4592,2025-03-09,138,19,0,1,0,18
4593,2025-03-09,139,18,0,0,0,18
4594,2025-03-09,140,0,0,0,0,0
4595,2025-03-09,141,15,0,0,0,15
4596,2025-03-09,142,61,0,1,0,60
4597,2025-03-09,143,26,0,0,0,26
4598,2025-03-09,144,0,0,0,0,0
4599,2025-03-09,145,12,0,0,0,12
4600,2025-03-09,146,4,0,1,0,3
4601,2025-03-09,147,0,0,0,0,0
4602,2025-03-09,148,8,0,0,0,8
4603,2025-03-09,149,16,0,0,0,16
4604,2025-03-09,150,13,0,1,0,12
4605,2025-03-09,151,34,0,2,0,32
4606,2025-03-09,152,22,0,1,-3,18
4607,2025-03-09,153,0,0,0,0,0
4608,2025-03-09,154,0,0,0,0,0
4609,2025-03-09,155,4,0,0,0,4
4610,2025-03-09,156,54,0,3,0,51
4611,2025-03-09,157,21,0,1,0,20
4612,2025-03-09,158,18,0,1,0,17
4613,2025-03-09,159,49,0,0,0,49
4614,2025-03-09,160,22,0,0,0,22
4615,2025-03-09,161,16,0,0,0,16
4616,2025-03-09,162,0,0,0,0,0
4617,2025-03-09,163,9,0,0,0,9
4618,2025-03-09,164,20,0,0,0,20
4619,2025-03-09,165,2,0,1,0,1
4620,2025-03-09,166,47,0,0,0,47
4621,2025-03-09,167,49,0,0,0,49
4622,2025-03-09,168,26,0,0,0,26
4623,2025-03-09,169,5,0,0,0,5
4624,2025-03-09,170,56,0,0,0,56
4625,2025-03-10,101,19,0,2,0,17
4626,2025-03-10,102,0,0,0,0,0
4627,2025-03-10,103,0,0,0,0,0
4628,2025-03-10,104,28,0,0,0,28
4629,2025-03-10,105,10,0,1,0,9
4630,2025-03-10,106,20,0,3,0,17
4631,2025-03-10,108,7,0,0,0,7
4632,2025-03-10,109,7,22,1,0,28
4633,2025-03-10,110,16,0,1,0,15
4634,2025-03-10,112,34,0,2,0,32
4635,2025-03-10,113,0,0,0,0,0
4636,2025-03-10,114,12,0,0,0,12
4637,2025-03-10,115,0,0,0,0,0
4638,2025-03-10,116,17,0,0,0,17
4639,2025-03-10,117,4,0,0,0,4
4640,2025-03-10,118,51,0,1,0,50
4641,2025-03-10,119,51,0,1,0,50
4642,2025-03-10,120,0,0,0,0,0
4643,2025-03-10,121,0,0,0,0,0
4644,2025-03-10,122,4,0,0,0,4
4645,2025-03-10,123,8,24,0,0,32
4646,2025-03-10,124,0,0,0,0,0
4647,2025-03-10,125,5,0,0,0,5
4648,2025-03-10,126,11,0,0,0,11
4649,2025-03-10,127,10,0,1,0,9
4650,2025-03-10,128,0,0,0,0,0
4651,2025-03-10,129,11,0,0,0,11
4652,2025-03-10,130,7,0,0,0,7
4653,2025-03-10,131,27,0,0,0,27
4654,2025-03-10,132,0,0,0,0,0
4655,2025-03-10,133,0,0,0,0,0
4656,2025-03-10,134,6,0,0,0,6
4657,2025-03-10,135,6,0,0,0,6
4658,2025-03-10,136,0,0,0,0,0
4659,2025-03-10,137,0,0,0,0,0
4660,2025-03-10,138,18,0,2,0,16
4661,2025-03-10,139,18,0,0,0,18
4662,2025-03-10,140,0,0,0,0,0
4663,2025-03-10,141,15,0,0,0,15
4664,2025-03-10,142,60,0,0,0,60
4665,2025-03-10,143,26,0,1,0,25
4666,2025-03-10,144,0,0,0,0,0
4667,2025-03-10,145,12,0,1,0,11
4668,2025-03-10,146,3,0,0,0,3
4669,2025-03-10,147,0,0,0,0,0
4670,2025-03-10,148,8,0,0,0,8
4671,2025-03-10,149,16,0,0,0,16
4672,2025-03-10,150,12,0,0,0,12
4673,2025-03-10,151,32,0,1,0,31
4674,2025-03-10,152,18,0,0,0,18
4675,2025-03-10,153,0,0,0,0,0
4676,2025-03-10,154,0,0,0,0,0
4677,2025-03-10,155,4,0,0,0,4
4678,2025-03-10,156,51,0,1,0,50
4679,2025-03-10,157,20,0,0,0,20
4680,2025-03-10,158,17,0,0,0,17
4681,2025-03-10,159,49,0,1,0,48
4682,2025-03-10,160,22,0,0,0,22
4683,2025-03-10,161,16,0,2,0,14
4684,2025-03-10,162,0,0,0,0,0
4685,2025-03-10,163,9,0,0,0,9
4686,2025-03-10,164,20,0,0,0,20
4687,2025-03-10,165,1,0,0,0,1
4688,2025-03-10,166,47,0,1,0,46
4689,2025-03-10,167,49,0,1,0,48
4690,2025-03-10,168,26,0,0,0,26
4691,2025-03-10,169,5,0,0,0,5
4692,2025-03-10,170,56,0,0,0,56
4693,2025-03-11,101,17,0,0,0,17
4694,2025-03-11,102,0,0,0,0,0
4695,2025-03-11,103,0,0,0,0,0
4696,2025-03-11,104,28,0,0,0,28
4697,2025-03-11,105,9,0,0,0,9
4698,2025-03-11,106,17,0,2,0,15
4699,2025-03-11,108,7,0,1,0,6
4700,2025-03-11,109,28,0,1,0,27
4701,2025-03-11,110,15,0,0,0,15
4702,2025-03-11,112,32,0,2,0,30
4703,2025-03-11,113,0,0,0,0,0
4704,2025-03-11,114,12,0,1,0,11
4705,2025-03-11,115,0,0,0,0,0
4706,2025-03-11,116,17,0,1,0,16
4707,2025-03-11,117,4,0,1,0,3
4708,2025-03-11,118,50,0,4,0,46
4709,2025-03-11,119,50,0,2,0,48
4710,2025-03-11,120,0,0,0,0,0
4711,2025-03-11,121,0,0,0,0,0
4712,2025-03-11,122,4,0,0,0,4
4713,2025-03-11,123,32,0,0,0,32
4714,2025-03-11,124,0,0,0,0,0
4715,2025-03-11,125,5,0,0,-1,4
4716,2025-03-11,126,11,0,0,0,11
4717,2025-03-11,127,9,0,0,0,9
4718,2025-03-11,128,0,0,0,0,0
4719,2025-03-11,129,11,0,0,0,11
4720,2025-03-11,130,7,0,0,0,7
4721,2025-03-11,131,27,0,4,0,23
4722,2025-03-11,132,0,0,0,0,0
4723,2025-03-11,133,0,0,0,0,0
4724,2025-03-11,134,6,0,1,0,5
4725,2025-03-11,135,6,21,0,0,27
4726,2025-03-11,136,0,0,0,0,0
4727,2025-03-11,137,0,0,0,0,0
4728,2025-03-11,138,16,0,0,0,16
4729,2025-03-11,139,18,0,0,0,18
4730,2025-03-11,140,0,0,0,0,0
4731,2025-03-11,141,15,0,0,0,15
4732,2025-03-11,142,60,0,1,0,59
4733,2025-03-11,143,25,0,2,0,23
4734,2025-03-11,144,0,0,0,0,0
4735,2025-03-11,145,11,0,2,0,9
4736,2025-03-11,146,3,0,0,0,3
4737,2025-03-11,147,0,0,0,0,0
4738,2025-03-11,148,8,0,0,0,8
4739,2025-03-11,149,16,0,0,0,16
4740,2025-03-11,150,12,0,0,0,12
4741,2025-03-11,151,31,0,1,0,30
4742,2025-03-11,152,18,0,0,0,18
4743,2025-03-11,153,0,0,0,0,0
4744,2025-03-11,154,0,0,0,0,0
4745,2025-03-11,155,4,0,1,0,3
4746,2025-03-11,156,50,0,2,0,48
4747,2025-03-11,157,20,0,0,0,20
4748,2025-03-11,158,17,0,2,0,15
4749,2025-03-11,159,48,0,2,0,46
4750,2025-03-11,160,22,0,0,0,22
4751,2025-03-11,161,14,0,0,0,14
4752,2025-03-11,162,0,0,0,0,0
4753,2025-03-11,163,9,0,0,0,9
4754,2025-03-11,164,20,0,0,0,20
4755,2025-03-11,165,1,0,0,0,1
4756,2025-03-11,166,46,0,1,0,45
4757,2025-03-11,167,48,0,2,0,46
4758,2025-03-11,168,26,0,1,0,25
4759,2025-03-11,169,5,0,0,0,5
4760,2025-03-11,170,56,0,1,0,55
4761,2025-03-12,101,17,0,1,0,16
4762,2025-03-12,102,0,0,0,0,0
4763,2025-03-12,103,0,0,0,0,0
4764,2025-03-12,104,28,0,0,0,28
4765,2025-03-12,105,9,0,0,0,9
4766,2025-03-12,106,15,37,0,0,52
4767,2025-03-12,108,6,0,0,0,6
4768,2025-03-12,109,27,0,0,0,27
4769,2025-03-12,110,15,0,1,0,14
4770,2025-03-12,112,30,0,1,0,29
4771,2025-03-12,113,0,0,0,0,0
4772,2025-03-12,114,11,0,0,0,11
4773,2025-03-12,115,0,0,0,0,0
4774,2025-03-12,116,16,0,3,0,13
4775,2025-03-12,117,3,0,0,0,3
4776,2025-03-12,118,46,0,0,0,46
4777,2025-03-12,119,48,0,1,0,47
4778,2025-03-12,120,0,0,0,0,0
4779,2025-03-12,121,0,0,0,0,0
4780,2025-03-12,122,4,0,0,0,4
4781,2025-03-12,123,32,0,2,0,30
4782,2025-03-12,124,0,0,0,0,0
4783,2025-03-12,125,4,0,0,0,4
4784,2025-03-12,126,11,0,0,0,11
4785,2025-03-12,127,9,0,0,0,9
4786,2025-03-12,128,0,0,0,0,0
4787,2025-03-12,129,11,0,1,0,10
4788,2025-03-12,130,7,0,0,-2,5
4789,2025-03-12,131,23,0,0,0,23
4790,2025-03-12,132,0,0,0,0,0
4791,2025-03-12,133,0,0,0,0,0
4792,2025-03-12,134,5,0,1,0,4
4793,2025-03-12,135,27,0,1,0,26
4794,2025-03-12,136,0,0,0,0,0
4795,2025-03-12,137,0,0,0,0,0
4796,2025-03-12,138,16,0,1,0,15
4797,2025-03-12,139,18,0,0,0,18
4798,2025-03-12,140,0,0,0,0,0
4799,2025-03-12,141,15,0,0,-3,12
4800,2025-03-12,142,59,0,1,0,58
4801,2025-03-12,143,23,0,3,0,20
4802,2025-03-12,144,0,0,0,0,0
4803,2025-03-12,145,9,0,1,0,8
4804,2025-03-12,146,3,0,0,0,3
4805,2025-03-12,147,0,0,0,0,0
4806,2025-03-12,148,8,0,0,0,8
4807,2025-03-12,149,16,0,0,0,16
4808,2025-03-12,150,12,0,0,0,12
4809,2025-03-12,151,30,0,1,0,29
4810,2025-03-12,152,18,0,1,0,17
4811,2025-03-12,153,0,0,0,0,0
4812,2025-03-12,154,0,0,0,0,0
4813,2025-03-12,155,3,0,0,0,3
4814,2025-03-12,156,48,0,0,0,48
4815,2025-03-12,157,20,0,0,0,20
4816,2025-03-12,158,15,0,1,0,14
4817,2025-03-12,159,46,0,0,0,46
4818,2025-03-12,160,22,0,3,0,19
4819,2025-03-12,161,14,0,0,0,14
4820,2025-03-12,162,0,0,0,0,0
4821,2025-03-12,163,9,0,0,0,9
4822,2025-03-12,164,20,0,3,0,17
4823,2025-03-12,165,1,0,0,0,1
4824,2025-03-12,166,45,0,1,0,44
4825,2025-03-12,167,46,0,0,0,46
4826,2025-03-12,168,25,0,1,0,24
4827,2025-03-12,169,5,0,0,0,5
4828,2025-03-12,170,55,0,2,0,53
4829,2025-03-13,101,16,0,1,0,15
4830,2025-03-13,102,0,0,0,0,0
4831,2025-03-13,103,0,0,0,0,0
4832,2025-03-13,104,28,0,1,0,27
4833,2025-03-13,105,9,0,2,0,7
4834,2025-03-13,106,52,0,1,0,51
4835,2025-03-13,108,6,0,0,0,6
4836,2025-03-13,109,27,0,1,0,26
4837,2025-03-13,110,14,0,2,0,12
4838,2025-03-13,112,29,0,2,0,27
4839,2025-03-13,113,0,0,0,0,0
4840,2025-03-13,114,11,0,0,0,11
4841,2025-03-13,115,0,0,0,0,0
4842,2025-03-13,116,13,0,0,0,13
4843,2025-03-13,117,3,0,3,0,0
4844,2025-03-13,118,46,0,3,0,43
4845,2025-03-13,119,47,0,1,-3,43
4846,2025-03-13,120,0,0,0,0,0
4847,2025-03-13,121,0,0,0,0,0
4848,2025-03-13,122,4,0,0,0,4
4849,2025-03-13,123,30,0,1,0,29
4850,2025-03-13,124,0,0,0,0,0
4851,2025-03-13,125,4,0,0,-1,3
4852,2025-03-13,126,11,0,1,0,10
4853,2025-03-13,127,9,0,2,0,7
4854,2025-03-13,128,0,0,0,0,0
4855,2025-03-13,129,10,0,0,0,10
4856,2025-03-13,130,5,0,0,0,5
4857,2025-03-13,131,23,0,2,0,21
4858,2025-03-13,132,0,0,0,0,0
4859,2025-03-13,133,0,0,0,0,0
4860,2025-03-13,134,4,0,1,0,3
4861,2025-03-13,135,26,0,1,0,25
4862,2025-03-13,136,0,0,0,0,0
4863,2025-03-13,137,0,0,0,0,0
4864,2025-03-13,138,15,0,0,0,15
4865,2025-03-13,139,18,0,1,0,17
4866,2025-03-13,140,0,0,0,0,0
4867,2025-03-13,141,12,0,1,0,11
4868,2025-03-13,142,58,0,1,0,57
4869,2025-03-13,143,20,0,0,0,20
4870,2025-03-13,144,0,0,0,0,0
4871,2025-03-13,145,8,0,1,0,7
4872,2025-03-13,146,3,0,0,0,3
4873,2025-03-13,147,0,0,0,0,0
4874,2025-03-13,148,8,0,0,0,8
4875,2025-03-13,149,16,0,1,0,15
4876,2025-03-13,150,12,0,0,0,12
4877,2025-03-13,151,29,0,2,0,27
4878,2025-03-13,152,17,0,2,0,15
4879,2025-03-13,153,0,0,0,0,0
4880,2025-03-13,154,0,0,0,0,0
4881,2025-03-13,155,3,0,0,0,3
4882,2025-03-13,156,48,0,0,0,48
4883,2025-03-13,157,20,0,3,0,17
4884,2025-03-13,158,14,0,1,0,13
4885,2025-03-13,159,46,0,3,0,43
4886,2025-03-13,160,19,0,0,0,19
4887,2025-03-13,161,14,0,0,0,14
4888,2025-03-13,162,0,0,0,0,0
4889,2025-03-13,163,9,0,1,0,8
4890,2025-03-13,164,17,0,0,0,17
4891,2025-03-13,165,1,0,0,0,1
4892,2025-03-13,166,44,0,1,0,43
4893,2025-03-13,167,46,0,1,0,45
4894,2025-03-13,168,24,0,0,0,24
4895,2025-03-13,169,5,0,0,0,5
4896,2025-03-13,170,53,0,1,0,52
4897,2025-03-14,101,15,0,1,0,14
4898,2025-03-14,102,0,0,0,0,0
4899,2025-03-14,103,0,0,0,0,0
4900,2025-03-14,104,27,0,1,0,26
4901,2025-03-14,105,7,0,0,0,7
4902,2025-03-14,106,51,0,2,0,49
4903,2025-03-14,108,6,0,0,0,6
4904,2025-03-14,109,26,0,0,0,26
4905,2025-03-14,110,12,0,2,0,10
4906,2025-03-14,112,27,0,2,0,25
4907,2025-03-14,113,0,0,0,0,0
4908,2025-03-14,114,11,0,0,0,11
4909,2025-03-14,115,0,0,0,0,0
4910,2025-03-14,116,13,0,1,0,12
4911,2025-03-14,117,0,0,0,0,0
4912,2025-03-14,118,43,0,1,0,42
4913,2025-03-14,119,43,0,0,0,43
4914,2025-03-14,120,0,0,0,0,0
4915,2025-03-14,121,0,0,0,0,0
4916,2025-03-14,122,4,0,0,0,4
4917,2025-03-14,123,29,0,1,0,28
4918,2025-03-14,124,0,0,0,0,0
4919,2025-03-14,125,3,0,0,0,3
4920,2025-03-14,126,10,0,0,0,10
4921,2025-03-14,127,7,0,1,0,6
4922,2025-03-14,128,0,0,0,0,0
4923,2025-03-14,129,10,0,0,0,10
4924,2025-03-14,130,5,0,0,0,5
4925,2025-03-14,131,21,0,0,0,21
4926,2025-03-14,132,0,0,0,0,0
4927,2025-03-14,133,0,0,0,0,0
4928,2025-03-14,134,3,0,1,0,2
4929,2025-03-14,135,25,0,1,0,24
4930,2025-03-14,136,0,0,0,0,0
4931,2025-03-14,137,0,0,0,0,0
4932,2025-03-14,138,15,0,1,0,14
4933,2025-03-14,139,17,0,1,0,16
4934,2025-03-14,140,0,0,0,0,0
4935,2025-03-14,141,11,0,0,0,11
4936,2025-03-14,142,57,0,3,0,54
4937,2025-03-14,143,20,0,0,0,20
4938,2025-03-14,144,0,0,0,0,0
4939,2025-03-14,145,7,21,0,0,28
4940,2025-03-14,146,3,0,0,0,3
4941,2025-03-14,147,0,0,0,0,0
4942,2025-03-14,148,8,0,1,0,7
4943,2025-03-14,149,15,0,1,0,14
4944,2025-03-14,150,12,0,1,0,11
4945,2025-03-14,151,27,0,2,0,25
4946,2025-03-14,152,15,0,1,0,14
4947,2025-03-14,153,0,0,0,0,0
4948,2025-03-14,154,0,0,0,0,0
4949,2025-03-14,155,3,0,0,0,3
4950,2025-03-14,156,48,0,1,0,47
4951,2025-03-14,157,17,0,0,0,17
4952,2025-03-14,158,13,0,4,0,9
4953,2025-03-14,159,43,0,1,0,42
4954,2025-03-14,160,19,0,1,0,18
4955,2025-03-14,161,14,0,0,0,14
4956,2025-03-14,162,0,0,0,0,0
4957,2025-03-14,163,8,0,0,0,8
4958,2025-03-14,164,17,0,0,0,17
4959,2025-03-14,165,1,14,1,0,14
4960,2025-03-14,166,43,0,2,0,41
4961,2025-03-14,167,45,0,1,0,44
4962,2025-03-14,168,24,0,0,0,24
4963,2025-03-14,169,5,0,0,0,5
4964,2025-03-14,170,52,0,3,0,49
4965,2025-03-15,101,14,0,1,0,13
4966,2025-03-15,102,0,0,0,0,0
4967,2025-03-15,103,0,0,0,0,0
4968,2025-03-15,104,26,0,0,0,26
4969,2025-03-15,105,7,0,0,0,7
4970,2025-03-15,106,49,0,1,0,48
4971,2025-03-15,108,6,0,0,0,6
4972,2025-03-15,109,26,0,0,0,26
4973,2025-03-15,110,10,0,0,0,10
4974,2025-03-15,112,25,0,0,0,25
4975,2025-03-15,113,0,0,0,0,0
4976,2025-03-15,114,11,0,0,0,11
4977,2025-03-15,115,0,0,0,0,0
4978,2025-03-15,116,12,0,1,0,11
4979,2025-03-15,117,0,0,0,0,0
4980,2025-03-15,118,42,0,5,0,37
4981,2025-03-15,119,43,0,2,0,41
4982,2025-03-15,120,0,0,0,0,0
4983,2025-03-15,121,0,0,0,0,0
4984,2025-03-15,122,4,0,0,0,4
4985,2025-03-15,123,28,0,1,0,27
4986,2025-03-15,124,0,0,0,0,0
4987,2025-03-15,125,3,0,0,0,3
4988,2025-03-15,126,10,0,0,0,10
4989,2025-03-15,127,6,0,1,0,5
4990,2025-03-15,128,0,0,0,0,0
4991,2025-03-15,129,10,0,1,0,9
4992,2025-03-15,130,5,0,0,0,5
4993,2025-03-15,131,21,0,0,0,21
4994,2025-03-15,132,0,0,0,0,0
4995,2025-03-15,133,0,0,0,0,0
4996,2025-03-15,134,2,0,0,0,2
4997,2025-03-15,135,24,0,0,0,24
4998,2025-03-15,136,0,0,0,0,0
4999,2025-03-15,137,0,0,0,0,0
5000,2025-03-15,138,14,0,1,0,13
5001,2025-03-15,139,16,0,2,0,14
5002,2025-03-15,140,0,0,0,0,0
5003,2025-03-15,141,11,0,1,0,10
5004,2025-03-15,142,54,0,2,0,52
5005,2025-03-15,143,20,0,1,0,19
5006,2025-03-15,144,0,0,0,0,0
5007,2025-03-15,145,28,0,0,0,28
5008,2025-03-15,146,3,0,0,0,3
5009,2025-03-15,147,0,0,0,0,0
5010,2025-03-15,148,7,0,0,0,7
5011,2025-03-15,149,14,0,0,0,14
5012,2025-03-15,150,11,0,0,0,11
5013,2025-03-15,151,25,0,1,0,24
5014,2025-03-15,152,14,0,0,0,14
5015,2025-03-15,153,0,0,0,0,0
5016,2025-03-15,154,0,0,0,0,0
5017,2025-03-15,155,3,0,0,0,3
5018,2025-03-15,156,47,0,0,0,47
5019,2025-03-15,157,17,0,0,0,17
5020,2025-03-15,158,9,0,2,0,7
5021,2025-03-15,159,42,0,0,0,42
5022,2025-03-15,160,18,0,0,0,18
5023,2025-03-15,161,14,0,2,0,12
5024,2025-03-15,162,0,0,0,0,0
5025,2025-03-15,163,8,0,0,0,8
5026,2025-03-15,164,17,0,0,0,17
5027,2025-03-15,165,14,0,0,0,14
5028,2025-03-15,166,41,0,0,0,41
5029,2025-03-15,167,44,0,1,0,43
5030,2025-03-15,168,24,0,0,0,24
5031,2025-03-15,169,5,0,0,0,5
5032,2025-03-15,170,49,0,1,0,48
5033,2025-03-16,101,13,0,0,0,13
5034,2025-03-16,102,0,0,0,0,0
5035,2025-03-16,103,0,0,0,0,0
5036,2025-03-16,104,26,0,1,0,25
5037,2025-03-16,105,7,18,1,0,24
5038,2025-03-16,106,48,0,1,0,47
5039,2025-03-16,108,6,0,0,0,6
5040,2025-03-16,109,26,0,1,0,25
5041,2025-03-16,110,10,39,0,0,49
5042,2025-03-16,112,25,0,0,0,25
5043,2025-03-16,113,0,0,0,0,0
5044,2025-03-16,114,11,0,2,0,9
5045,2025-03-16,115,0,0,0,0,0
5046,2025-03-16,116,11,0,2,0,9
5047,2025-03-16,117,0,20,0,0,20
5048,2025-03-16,118,37,0,1,0,36
5049,2025-03-16,119,41,0,2,0,39
5050,2025-03-16,120,0,0,0,0,0
5051,2025-03-16,121,0,0,0,0,0
5052,2025-03-16,122,4,0,0,0,4
5053,2025-03-16,123,27,0,1,0,26
5054,2025-03-16,124,0,0,0,0,0
5055,2025-03-16,125,3,10,0,0,13
5056,2025-03-16,126,10,0,0,0,10
5057,2025-03-16,127,5,21,0,0,26
5058,2025-03-16,128,0,0,0,0,0
5059,2025-03-16,129,9,0,0,0,9
5060,2025-03-16,130,5,0,0,0,5
5061,2025-03-16,131,21,0,1,0,20
5062,2025-03-16,132,0,0,0,0,0
5063,2025-03-16,133,0,0,0,0,0
5064,2025-03-16,134,2,0,0,0,2
5065,2025-03-16,135,24,0,0,0,24
5066,2025-03-16,136,0,0,0,0,0
5067,2025-03-16,137,0,0,0,0,0
5068,2025-03-16,138,13,0,1,0,12
5069,2025-03-16,139,14,0,0,0,14
5070,2025-03-16,140,0,0,0,0,0
5071,2025-03-16,141,10,0,0,0,10
5072,2025-03-16,142,52,0,2,0,50
5073,2025-03-16,143,19,0,1,0,18
5074,2025-03-16,144,0,0,0,0,0
5075,2025-03-16,145,28,0,1,0,27
5076,2025-03-16,146,3,0,0,0,3
5077,2025-03-16,147,0,0,0,0,0
5078,2025-03-16,148,7,0,0,0,7
5079,2025-03-16,149,14,0,1,0,13
5080,2025-03-16,150,11,0,0,0,11
5081,2025-03-16,151,24,0,2,0,22
5082,2025-03-16,152,14,0,0,0,14
5083,2025-03-16,153,0,0,0,0,0
5084,2025-03-16,154,0,0,0,0,0
5085,2025-03-16,155,3,9,0,0,12
5086,2025-03-16,156,47,0,0,0,47
5087,2025-03-16,157,17,0,0,0,17
5088,2025-03-16,158,7,0,1,0,6
5089,2025-03-16,159,42,0,1,0,41
5090,2025-03-16,160,18,0,1,0,17
5091,2025-03-16,161,12,0,0,0,12
5092,2025-03-16,162,0,0,0,0,0
5093,2025-03-16,163,8,0,0,0,8
5094,2025-03-16,164,17,0,0,0,17
5095,2025-03-16,165,14,0,0,0,14
5096,2025-03-16,166,41,0,1,0,40
5097,2025-03-16,167,43,0,1,0,42
5098,2025-03-16,168,24,0,1,0,23
5099,2025-03-16,169,5,0,0,0,5
5100,2025-03-16,170,48,0,0,0,48
5101,2025-03-17,101,13,0,1,0,12
5102,2025-03-17,102,0,0,0,0,0
5103,2025-03-17,103,0,0,0,0,0
5104,2025-03-17,104,25,0,1,0,24
5105,2025-03-17,105,24,0,1,0,23
5106,2025-03-17,106,47,0,1,0,46
5107,2025-03-17,108,6,0,0,0,6
5108,2025-03-17,109,25,0,1,0,24
5109,2025-03-17,110,49,0,2,0,47
5110,2025-03-17,112,25,0,1,0,24
5111,2025-03-17,113,0,0,0,0,0
5112,2025-03-17,114,9,0,0,0,9
5113,2025-03-17,115,0,0,0,0,0
5114,2025-03-17,116,9,0,0,0,9
5115,2025-03-17,117,20,0,2,0,18
5116,2025-03-17,118,36,0,1,0,35
5117,2025-03-17,119,39,0,1,0,38
5118,2025-03-17,120,0,0,0,0,0
5119,2025-03-17,121,0,0,0,0,0
5120,2025-03-17,122,4,0,0,0,4
5121,2025-03-17,123,26,0,0,0,26
5122,2025-03-17,124,0,0,0,0,0
5123,2025-03-17,125,13,0,0,0,13
5124,2025-03-17,126,10,0,1,0,9
5125,2025-03-17,127,26,0,1,0,25
5126,2025-03-17,128,0,0,0,0,0
5127,2025-03-17,129,9,0,0,0,9
5128,2025-03-17,130,5,0,1,0,4
5129,2025-03-17,131,20,0,0,0,20
5130,2025-03-17,132,0,0,0,0,0
5131,2025-03-17,133,0,0,0,0,0
5132,2025-03-17,134,2,0,0,0,2
5133,2025-03-17,135,24,0,0,0,24
5134,2025-03-17,136,0,0,0,0,0
5135,2025-03-17,137,0,0,0,0,0
5136,2025-03-17,138,12,0,0,0,12
5137,2025-03-17,139,14,0,1,0,13
5138,2025-03-17,140,0,0,0,0,0
5139,2025-03-17,141,10,0,2,0,8
5140,2025-03-17,142,50,0,3,0,47
5141,2025-03-17,143,18,0,1,0,17
5142,2025-03-17,144,0,0,0,0,0
5143,2025-03-17,145,27,0,1,0,26
5144,2025-03-17,146,3,0,0,0,3
5145,2025-03-17,147,0,0,0,0,0
5146,2025-03-17,148,7,0,0,0,7
5147,2025-03-17,149,13,0,1,0,12
5148,2025-03-17,150,11,0,0,0,11
5149,2025-03-17,151,22,0,1,0,21
5150,2025-03-17,152,14,0,1,0,13
5151,2025-03-17,153,0,0,0,0,0
5152,2025-03-17,154,0,0,0,0,0
5153,2025-03-17,155,12,0,1,0,11
5154,2025-03-17,156,47,0,1,0,46
5155,2025-03-17,157,17,0,3,0,14
5156,2025-03-17,158,6,0,2,0,4
5157,2025-03-17,159,41,0,4,0,37
5158,2025-03-17,160,17,0,0,0,17
5159,2025-03-17,161,12,0,2,0,10
5160,2025-03-17,162,0,0,0,0,0
5161,2025-03-17,163,8,0,0,0,8
5162,2025-03-17,164,17,0,1,0,16
5163,2025-03-17,165,14,0,1,0,13
5164,2025-03-17,166,40,0,1,0,39
5165,2025-03-17,167,42,0,0,0,42
5166,2025-03-17,168,23,0,1,0,22
5167,2025-03-17,169,5,0,0,0,5
5168,2025-03-17,170,48,0,1,0,47
5169,2025-03-18,101,12,0,1,0,11
5170,2025-03-18,102,0,0,0,0,0
5171,2025-03-18,103,0,0,0,0,0
5172,2025-03-18,104,24,0,1,0,23
5173,2025-03-18,105,23,0,0,0,23
5174,2025-03-18,106,46,0,2,0,44
5175,2025-03-18,108,6,0,1,0,5
5176,2025-03-18,109,24,0,3,0,21
5177,2025-03-18,110,47,0,1,0,46
5178,2025-03-18,112,24,0,3,0,21
5179,2025-03-18,113,0,0,0,0,0
5180,2025-03-18,114,9,0,0,0,9
5181,2025-03-18,115,0,0,0,0,0
5182,2025-03-18,116,9,0,0,0,9
5183,2025-03-18,117,18,0,1,0,17
5184,2025-03-18,118,35,0,2,0,33
5185,2025-03-18,119,38,0,0,0,38
5186,2025-03-18,120,0,0,0,0,0
5187,2025-03-18,121,0,0,0,0,0
5188,2025-03-18,122,4,0,0,0,4
5189,2025-03-18,123,26,0,0,0,26
5190,2025-03-18,124,0,0,0,0,0
5191,2025-03-18,125,13,0,1,0,12
5192,2025-03-18,126,9,0,1,0,8
5193,2025-03-18,127,25,0,0,0,25
5194,2025-03-18,128,0,0,0,0,0
5195,2025-03-18,129,9,0,1,0,8
5196,2025-03-18,130,4,0,0,0,4
5197,2025-03-18,131,20,0,3,0,17
5198,2025-03-18,132,0,0,0,0,0
5199,2025-03-18,133,0,0,0,0,0
5200,2025-03-18,134,2,0,0,0,2
5201,2025-03-18,135,24,0,1,0,23
5202,2025-03-18,136,0,0,0,0,0
5203,2025-03-18,137,0,0,0,0,0
5204,2025-03-18,138,12,0,1,0,11
5205,2025-03-18,139,13,0,1,0,12
5206,2025-03-18,140,0,0,0,0,0
5207,2025-03-18,141,8,24,0,0,32
5208,2025-03-18,142,47,0,1,0,46
5209,2025-03-18,143,17,0,2,0,15
5210,2025-03-18,144,0,0,0,0,0
5211,2025-03-18,145,26,0,1,0,25
5212,2025-03-18,146,3,8,0,0,11
5213,2025-03-18,147,0,0,0,0,0
5214,2025-03-18,148,7,0,0,0,7
5215,2025-03-18,149,12,0,0,0,12
5216,2025-03-18,150,11,0,0,0,11
5217,2025-03-18,151,21,0,1,0,20
5218,2025-03-18,152,13,0,0,0,13
5219,2025-03-18,153,0,0,0,0,0
5220,2025-03-18,154,0,0,0,0,0
5221,2025-03-18,155,11,0,0,0,11
5222,2025-03-18,156,46,0,3,0,43
5223,2025-03-18,157,14,0,0,0,14
5224,2025-03-18,158,4,0,1,0,3
5225,2025-03-18,159,37,0,0,0,37
5226,2025-03-18,160,17,0,1,0,16
5227,2025-03-18,161,10,0,1,0,9
5228,2025-03-18,162,0,0,0,0,0
5229,2025-03-18,163,8,0,0,0,8
5230,2025-03-18,164,16,0,0,0,16
5231,2025-03-18,165,13,0,0,0,13
5232,2025-03-18,166,39,0,1,0,38
5233,2025-03-18,167,42,0,2,0,40
5234,2025-03-18,168,22,0,1,0,21
5235,2025-03-18,169,5,0,0,0,5
5236,2025-03-18,170,47,0,0,0,47
5237,2025-03-19,101,11,0,1,0,10
5238,2025-03-19,102,0,0,0,0,0
5239,2025-03-19,103,0,0,0,0,0
5240,2025-03-19,104,23,0,0,0,23
5241,2025-03-19,105,23,0,3,0,20
5242,2025-03-19,106,44,0,0,0,44
5243,2025-03-19,108,5,0,0,0,5
5244,2025-03-19,109,21,0,0,0,21
5245,2025-03-19,110,46,0,1,0,45
5246,2025-03-19,112,21,0,0,0,21
5247,2025-03-19,113,0,0,0,0,0
5248,2025-03-19,114,9,0,0,0,9
5249,2025-03-19,115,0,0,0,0,0
5250,2025-03-19,116,9,0,0,0,9
5251,2025-03-19,117,17,0,0,0,17
5252,2025-03-19,118,33,0,2,0,31
5253,2025-03-19,119,38,0,0,0,38
5254,2025-03-19,120,0,0,0,0,0
5255,2025-03-19,121,0,0,0,0,0
5256,2025-03-19,122,4,0,0,0,4
5257,2025-03-19,123,26,0,2,0,24
5258,2025-03-19,124,0,0,0,0,0
5259,2025-03-19,125,12,0,0,0,12
5260,2025-03-19,126,8,0,0,0,8
5261,2025-03-19,127,25,0,2,0,23
5262,2025-03-19,128,0,0,0,0,0
5263,2025-03-19,129,8,0,0,0,8
5264,2025-03-19,130,4,0,1,0,3
5265,2025-03-19,131,17,48,0,0,65
5266,2025-03-19,132,0,0,0,0,0
5267,2025-03-19,133,0,0,0,0,0
5268,2025-03-19,134,2,20,1,0,21
5269,2025-03-19,135,23,0,1,0,22
5270,2025-03-19,136,0,0,0,0,0
5271,2025-03-19,137,0,0,0,0,0
5272,2025-03-19,138,11,0,0,0,11
5273,2025-03-19,139,12,0,0,0,12
5274,2025-03-19,140,0,0,0,0,0
5275,2025-03-19,141,32,0,1,0,31
5276,2025-03-19,142,46,0,0,0,46
5277,2025-03-19,143,15,43,0,0,58
5278,2025-03-19,144,0,0,0,0,0
5279,2025-03-19,145,25,0,1,0,24
5280,2025-03-19,146,11,0,0,0,11
5281,2025-03-19,147,0,0,0,0,0
5282,2025-03-19,148,7,0,0,0,7
5283,2025-03-19,149,12,0,1,0,11
5284,2025-03-19,150,11,0,0,0,11
5285,2025-03-19,151,20,0,1,0,19
5286,2025-03-19,152,13,0,0,0,13
5287,2025-03-19,153,0,0,0,0,0
5288,2025-03-19,154,0,0,0,0,0
5289,2025-03-19,155,11,0,0,0,11
5290,2025-03-19,156,43,0,2,0,41
5291,2025-03-19,157,14,0,0,0,14
5292,2025-03-19,158,3,0,0,0,3
5293,2025-03-19,159,37,0,3,0,34
5294,2025-03-19,160,16,0,0,0,16
5295,2025-03-19,161,9,0,1,0,8
5296,2025-03-19,162,0,0,0,0,0
5297,2025-03-19,163,8,0,0,0,8
5298,2025-03-19,164,16,0,0,0,16
5299,2025-03-19,165,13,0,0,0,13
5300,2025-03-19,166,38,0,2,0,36
5301,2025-03-19,167,40,0,1,0,39
5302,2025-03-19,168,21,0,0,0,21
5303,2025-03-19,169,5,0,0,0,5
5304,2025-03-19,170,47,0,1,0,46
5305,2025-03-20,101,10,0,0,0,10
5306,2025-03-20,102,0,0,0,0,0
5307,2025-03-20,103,0,0,0,0,0
5308,2025-03-20,104,23,0,0,0,23
5309,2025-03-20,105,20,0,1,0,19
5310,2025-03-20,106,44,0,0,0,44
5311,2025-03-20,108,5,0,0,0,5
5312,2025-03-20,109,21,0,0,0,21
5313,2025-03-20,110,45,0,1,0,44
5314,2025-03-20,112,21,0,0,0,21
5315,2025-03-20,113,0,0,0,0,0
5316,2025-03-20,114,9,0,0,0,9
5317,2025-03-20,115,0,0,0,0,0
5318,2025-03-20,116,9,0,0,0,9
5319,2025-03-20,117,17,0,0,0,17
5320,2025-03-20,118,31,0,2,0,29
5321,2025-03-20,119,38,0,2,0,36
5322,2025-03-20,120,0,0,0,0,0
5323,2025-03-20,121,0,0,0,0,0
5324,2025-03-20,122,4,0,0,0,4
5325,2025-03-20,123,24,0,0,0,24
5326,2025-03-20,124,0,0,0,0,0
5327,2025-03-20,125,12,0,0,0,12
5328,2025-03-20,126,8,0,1,0,7
5329,2025-03-20,127,23,0,1,0,22
5330,2025-03-20,128,0,0,0,0,0
5331,2025-03-20,129,8,0,2,0,6
5332,2025-03-20,130,3,0,0,0,3
5333,2025-03-20,131,65,0,1,0,64
5334,2025-03-20,132,0,0,0,0,0
5335,2025-03-20,133,0,0,0,0,0
5336,2025-03-20,134,21,0,0,0,21
5337,2025-03-20,135,22,0,0,0,22
5338,2025-03-20,136,0,0,0,0,0
5339,2025-03-20,137,0,0,0,0,0
5340,2025-03-20,138,11,0,0,0,11
5341,2025-03-20,139,12,0,0,0,12
5342,2025-03-20,140,0,0,0,0,0
5343,2025-03-20,141,31,0,1,0,30
5344,2025-03-20,142,46,0,1,0,45
5345,2025-03-20,143,58,0,0,0,58
5346,2025-03-20,144,0,0,0,0,0
5347,2025-03-20,145,24,0,1,0,23
5348,2025-03-20,146,11,0,1,0,10
5349,2025-03-20,147,0,0,0,0,0
5350,2025-03-20,148,7,0,0,0,7
5351,2025-03-20,149,11,0,0,0,11
5352,2025-03-20,150,11,0,0,0,11
5353,2025-03-20,151,19,0,1,0,18
5354,2025-03-20,152,13,0,0,0,13
5355,2025-03-20,153,0,0,0,0,0
5356,2025-03-20,154,0,0,0,0,0
5357,2025-03-20,155,11,0,0,0,11
5358,2025-03-20,156,41,0,2,0,39
5359,2025-03-20,157,14,0,1,0,13
5360,2025-03-20,158,3,40,0,0,43
5361,2025-03-20,159,34,0,1,0,33
5362,2025-03-20,160,16,0,1,0,15
5363,2025-03-20,161,8,0,1,0,7
5364,2025-03-20,162,0,0,0,0,0
5365,2025-03-20,163,8,0,0,0,8
5366,2025-03-20,164,16,0,1,0,15
5367,2025-03-20,165,13,0,0,0,13
5368,2025-03-20,166,36,0,0,0,36
5369,2025-03-20,167,39,0,0,0,39
5370,2025-03-20,168,21,0,0,0,21
5371,2025-03-20,169,5,0,1,0,4
5372,2025-03-20,170,46,0,1,0,45
5373,2025-03-21,101,10,0,0,0,10
5374,2025-03-21,102,0,0,0,0,0
5375,2025-03-21,103,0,0,0,0,0
5376,2025-03-21,104,23,0,1,0,22
5377,2025-03-21,105,19,0,0,0,19
5378,2025-03-21,106,44,0,2,0,42
5379,2025-03-21,108,5,0,0,0,5
5380,2025-03-21,109,21,0,0,0,21
5381,2025-03-21,110,44,0,2,0,42
5382,2025-03-21,112,21,0,1,0,20
5383,2025-03-21,113,0,0,0,0,0
5384,2025-03-21,114,9,0,0,0,9
5385,2025-03-21,115,0,0,0,0,0
5386,2025-03-21,116,9,24,0,0,33
5387,2025-03-21,117,17,0,0,0,17
5388,2025-03-21,118,29,0,4,0,25
5389,2025-03-21,119,36,0,2,0,34
5390,2025-03-21,120,0,0,0,0,0
5391,2025-03-21,121,0,0,0,0,0
5392,2025-03-21,122,4,0,0,0,4
5393,2025-03-21,123,24,0,2,0,22
5394,2025-03-21,124,0,0,0,0,0
5395,2025-03-21,125,12,0,1,0,11
5396,2025-03-21,126,7,0,0,0,7
5397,2025-03-21,127,22,0,0,0,22
5398,2025-03-21,128,0,0,0,0,0
5399,2025-03-21,129,6,0,0,0,6
5400,2025-03-21,130,3,12,0,0,15
5401,2025-03-21,131,64,0,1,0,63
5402,2025-03-21,132,0,0,0,0,0
5403,2025-03-21,133,0,0,0,0,0
5404,2025-03-21,134,21,0,0,0,21
5405,2025-03-21,135,22,0,0,0,22
5406,2025-03-21,136,0,0,0,0,0
5407,2025-03-21,137,0,0,0,0,0
5408,2025-03-21,138,11,0,0,0,11
5409,2025-03-21,139,12,0,0,0,12
5410,2025-03-21,140,0,0,0,0,0
5411,2025-03-21,141,30,0,1,0,29
5412,2025-03-21,142,45,0,1,0,44
5413,2025-03-21,143,58,0,0,0,58
5414,2025-03-21,144,0,0,0,0,0
5415,2025-03-21,145,23,0,0,0,23
5416,2025-03-21,146,10,0,0,0,10
5417,2025-03-21,147,0,0,0,0,0
5418,2025-03-21,148,7,0,0,0,7
5419,2025-03-21,149,11,0,1,0,10
5420,2025-03-21,150,11,0,0,0,11
5421,2025-03-21,151,18,0,1,0,17
5422,2025-03-21,152,13,0,0,0,13
5423,2025-03-21,153,0,0,0,0,0
5424,2025-03-21,154,0,0,0,0,0
5425,2025-03-21,155,11,0,0,0,11
5426,2025-03-21,156,39,0,4,0,35
5427,2025-03-21,157,13,0,1,0,12
5428,2025-03-21,158,43,0,2,0,41
5429,2025-03-21,159,33,0,0,0,33
5430,2025-03-21,160,15,0,0,0,15
5431,2025-03-21,161,7,23,1,0,29
5432,2025-03-21,162,0,0,0,0,0
5433,2025-03-21,163,8,0,1,0,7
5434,2025-03-21,164,15,0,0,0,15
5435,2025-03-21,165,13,0,0,0,13
5436,2025-03-21,166,36,0,1,0,35
5437,2025-03-21,167,39,0,0,0,39
5438,2025-03-21,168,21,0,0,0,21
5439,2025-03-21,169,4,0,1,0,3
5440,2025-03-21,170,45,0,0,0,45
5441,2025-03-22,101,10,0,1,0,9
5442,2025-03-22,102,0,0,0,0,0
5443,2025-03-22,103,0,0,0,0,0
5444,2025-03-22,104,22,0,0,0,22
5445,2025-03-22,105,19,0,1,0,18
5446,2025-03-22,106,42,0,2,0,40
5447,2025-03-22,108,5,0,0,0,5
5448,2025-03-22,109,21,0,0,0,21
5449,2025-03-22,110,42,0,1,0,41
5450,2025-03-22,112,20,0,2,0,18
5451,2025-03-22,113,0,0,0,0,0
5452,2025-03-22,114,9,0,0,0,9
5453,2025-03-22,115,0,0,0,0,0
5454,2025-03-22,116,33,0,0,0,33
5455,2025-03-22,117,17,0,0,0,17
5456,2025-03-22,118,25,0,1,0,24
5457,2025-03-22,119,34,0,1,0,33
5458,2025-03-22,120,0,0,0,0,0
5459,2025-03-22,121,0,0,0,0,0
5460,2025-03-22,122,4,0,0,0,4
5461,2025-03-22,123,22,0,1,0,21
5462,2025-03-22,124,0,0,0,0,0
5463,2025-03-22,125,11,0,0,0,11
5464,2025-03-22,126,7,0,0,0,7
5465,2025-03-22,127,22,0,1,0,21
5466,2025-03-22,128,0,0,0,0,0
5467,2025-03-22,129,6,0,0,0,6
5468,2025-03-22,130,15,0,0,0,15
5469,2025-03-22,131,63,0,1,0,62
5470,2025-03-22,132,0,0,0,0,0
5471,2025-03-22,133,0,0,0,0,0
5472,2025-03-22,134,21,0,0,0,21
5473,2025-03-22,135,22,0,0,0,22
5474,2025-03-22,136,0,0,0,0,0
5475,2025-03-22,137,0,0,0,0,0
5476,2025-03-22,138,11,0,1,0,10
5477,2025-03-22,139,12,0,3,0,9
5478,2025-03-22,140,0,0,0,0,0
5479,2025-03-22,141,29,0,1,0,28
5480,2025-03-22,142,44,0,0,0,44
5481,2025-03-22,143,58,0,2,0,56
5482,2025-03-22,144,0,0,0,0,0
5483,2025-03-22,145,23,0,0,0,23
5484,2025-03-22,146,10,0,1,0,9
5485,2025-03-22,147,0,0,0,0,0
5486,2025-03-22,148,7,0,0,0,7
5487,2025-03-22,149,10,0,0,-2,8
5488,2025-03-22,150,11,0,0,0,11
5489,2025-03-22,151,17,0,2,0,15
5490,2025-03-22,152,13,0,1,0,12
5491,2025-03-22,153,0,0,0,0,0
5492,2025-03-22,154,0,0,0,0,0
5493,2025-03-22,155,11,0,0,0,11
5494,2025-03-22,156,35,0,0,0,35
5495,2025-03-22,157,12,0,1,0,11
5496,2025-03-22,158,41,0,2,0,39
5497,2025-03-22,159,33,0,1,0,32
5498,2025-03-22,160,15,0,3,0,12
5499,2025-03-22,161,29,0,0,0,29
5500,2025-03-22,162,0,0,0,0,0
5501,2025-03-22,163,7,0,0,0,7
5502,2025-03-22,164,15,0,0,0,15
5503,2025-03-22,165,13,0,0,0,13
5504,2025-03-22,166,35,0,1,0,34
5505,2025-03-22,167,39,0,1,0,38
5506,2025-03-22,168,21,0,0,0,21
5507,2025-03-22,169,3,0,0,0,3
5508,2025-03-22,170,45,0,1,0,44
5509,2025-03-23,101,9,0,0,0,9
5510,2025-03-23,102,0,0,0,0,0
5511,2025-03-23,103,0,0,0,0,0
5512,2025-03-23,104,22,0,1,0,21
5513,2025-03-23,105,18,0,0,0,18
5514,2025-03-23,106,40,0,1,0,39
5515,2025-03-23,108,5,0,0,-1,4
5516,2025-03-23,109,21,0,0,0,21
5517,2025-03-23,110,41,0,1,0,40
5518,2025-03-23,112,18,0,3,0,15
5519,2025-03-23,113,0,0,0,0,0
5520,2025-03-23,114,9,0,0,0,9
5521,2025-03-23,115,0,0,0,0,0
5522,2025-03-23,116,33,0,0,0,33
5523,2025-03-23,117,17,0,0,0,17
5524,2025-03-23,118,24,0,0,0,24
5525,2025-03-23,119,33,0,2,0,31
5526,2025-03-23,120,0,0,0,0,0
5527,2025-03-23,121,0,0,0,0,0
5528,2025-03-23,122,4,0,0,0,4
5529,2025-03-23,123,21,0,0,0,21
5530,2025-03-23,124,0,0,0,0,0
5531,2025-03-23,125,11,0,0,0,11
5532,2025-03-23,126,7,0,0,0,7
5533,2025-03-23,127,21,0,0,0,21
5534,2025-03-23,128,0,0,0,0,0
5535,2025-03-23,129,6,0,0,0,6
5536,2025-03-23,130,15,0,0,0,15
5537,2025-03-23,131,62,0,2,0,60
5538,2025-03-23,132,0,0,0,0,0
5539,2025-03-23,133,0,0,0,0,0
5540,2025-03-23,134,21,0,0,0,21
5541,2025-03-23,135,22,0,0,0,22
5542,2025-03-23,136,0,0,0,0,0
5543,2025-03-23,137,0,0,0,0,0
5544,2025-03-23,138,10,0,0,0,10
5545,2025-03-23,139,9,0,0,0,9
5546,2025-03-23,140,0,0,0,0,0
5547,2025-03-23,141,28,0,0,0,28
5548,2025-03-23,142,44,0,1,0,43
5549,2025-03-23,143,56,0,2,0,54
5550,2025-03-23,144,0,0,0,0,0
5551,2025-03-23,145,23,0,2,0,21
5552,2025-03-23,146,9,0,0,0,9
5553,2025-03-23,147,0,0,0,0,0
5554,2025-03-23,148,7,0,0,0,7
5555,2025-03-23,149,8,0,0,0,8
5556,2025-03-23,150,11,0,1,0,10
5557,2025-03-23,151,15,0,0,0,15
5558,2025-03-23,152,12,0,1,0,11
5559,2025-03-23,153,0,0,0,0,0
5560,2025-03-23,154,0,0,0,0,0
5561,2025-03-23,155,11,0,0,0,11
5562,2025-03-23,156,35,0,2,0,33
5563,2025-03-23,157,11,0,0,0,11
5564,2025-03-23,158,39,0,1,0,38
5565,2025-03-23,159,32,0,1,0,31
5566,2025-03-23,160,12,0,1,0,11
5567,2025-03-23,161,29,0,0,0,29
5568,2025-03-23,162,0,0,0,0,0
5569,2025-03-23,163,7,0,0,0,7
5570,2025-03-23,164,15,0,0,0,15
5571,2025-03-23,165,13,0,0,0,13
5572,2025-03-23,166,34,0,2,0,32
5573,2025-03-23,167,38,0,2,-1,35
5574,2025-03-23,168,21,0,0,0,21
5575,2025-03-23,169,3,0,0,0,3
5576,2025-03-23,170,44,0,2,0,42
5577,2025-03-24,101,9,19,1,0,27
5578,2025-03-24,102,0,0,0,0,0
5579,2025-03-24,103,0,0,0,0,0
5580,2025-03-24,104,21,0,0,0,21
5581,2025-03-24,105,18,0,1,0,17
5582,2025-03-24,106,39,0,3,0,36
5583,2025-03-24,108,4,0,0,0,4
5584,2025-03-24,109,21,0,1,0,20
5585,2025-03-24,110,40,0,3,0,37
5586,2025-03-24,112,15,0,0,0,15
5587,2025-03-24,113,0,0,0,0,0
5588,2025-03-24,114,9,0,0,0,9
5589,2025-03-24,115,0,0,0,0,0
5590,2025-03-24,116,33,0,1,0,32
5591,2025-03-24,117,17,0,0,0,17
5592,2025-03-24,118,24,0,0,0,24
5593,2025-03-24,119,31,0,0,0,31
5594,2025-03-24,120,0,0,0,0,0
5595,2025-03-24,121,0,0,0,0,0
5596,2025-03-24,122,4,0,0,0,4
5597,2025-03-24,123,21,0,0,0,21
5598,2025-03-24,124,0,0,0,0,0
5599,2025-03-24,125,11,0,1,0,10
5600,2025-03-24,126,7,0,0,0,7
5601,2025-03-24,127,21,0,2,0,19
5602,2025-03-24,128,0,0,0,0,0
5603,2025-03-24,129,6,0,0,0,6
5604,2025-03-24,130,15,0,0,0,15
5605,2025-03-24,131,60,0,0,0,60
5606,2025-03-24,132,0,0,0,0,0
5607,2025-03-24,133,0,0,0,0,0
5608,2025-03-24,134,21,0,0,0,21
5609,2025-03-24,135,22,0,0,0,22
5610,2025-03-24,136,0,0,0,0,0
5611,2025-03-24,137,0,0,0,0,0
5612,2025-03-24,138,10,0,0,0,10
5613,2025-03-24,139,9,0,0,0,9
5614,2025-03-24,140,0,0,0,0,0
5615,2025-03-24,141,28,0,1,0,27
5616,2025-03-24,142,43,0,3,0,40
5617,2025-03-24,143,54,0,2,0,52
5618,2025-03-24,144,0,0,0,0,0
5619,2025-03-24,145,21,0,0,0,21
5620,2025-03-24,146,9,0,0,-2,7
5621,2025-03-24,147,0,0,0,0,0
5622,2025-03-24,148,7,0,0,0,7
5623,2025-03-24,149,8,0,1,0,7
5624,2025-03-24,150,10,0,0,0,10
5625,2025-03-24,151,15,0,1,0,14
5626,2025-03-24,152,11,0,0,0,11
5627,2025-03-24,153,0,0,0,0,0
5628,2025-03-24,154,0,0,0,0,0
5629,2025-03-24,155,11,0,0,0,11
5630,2025-03-24,156,33,0,0,0,33
5631,2025-03-24,157,11,0,1,0,10
5632,2025-03-24,158,38,0,1,0,37
5633,2025-03-24,159,31,0,1,0,30
5634,2025-03-24,160,11,0,0,0,11
5635,2025-03-24,161,29,0,0,0,29
5636,2025-03-24,162,0,0,0,0,0
5637,2025-03-24,163,7,0,0,0,7
5638,2025-03-24,164,15,0,0,0,15
5639,2025-03-24,165,13,0,1,0,12
5640,2025-03-24,166,32,0,0,0,32
5641,2025-03-24,167,35,0,4,0,31
5642,2025-03-24,168,21,0,1,0,20
5643,2025-03-24,169,3,11,0,0,14
5644,2025-03-24,170,42,0,2,0,40
5645,2025-03-25,101,27,0,1,0,26
5646,2025-03-25,102,0,0,0,0,0
5647,2025-03-25,103,0,0,0,0,0
5648,2025-03-25,104,21,0,1,0,20
5649,2025-03-25,105,17,0,2,0,15
5650,2025-03-25,106,36,0,1,0,35
5651,2025-03-25,108,4,0,0,0,4
5652,2025-03-25,109,20,0,1,0,19
5653,2025-03-25,110,37,0,1,0,36
5654,2025-03-25,112,15,0,1,0,14
5655,2025-03-25,113,0,0,0,0,0
5656,2025-03-25,114,9,0,0,0,9
5657,2025-03-25,115,0,0,0,0,0
5658,2025-03-25,116,32,0,1,0,31
5659,2025-03-25,117,17,0,0,0,17
5660,2025-03-25,118,24,0,0,0,24
5661,2025-03-25,119,31,0,0,0,31
5662,2025-03-25,120,0,0,0,0,0
5663,2025-03-25,121,0,0,0,0,0
5664,2025-03-25,122,4,0,0,0,4
5665,2025-03-25,123,21,0,0,0,21
5666,2025-03-25,124,0,0,0,0,0
5667,2025-03-25,125,10,0,0,0,10
5668,2025-03-25,126,7,0,0,0,7
5669,2025-03-25,127,19,0,0,0,19
5670,2025-03-25,128,0,0,0,0,0
5671,2025-03-25,129,6,0,0,0,6
5672,2025-03-25,130,15,0,0,0,15
5673,2025-03-25,131,60,0,2,0,58
5674,2025-03-25,132,0,0,0,0,0
5675,2025-03-25,133,0,0,0,0,0
5676,2025-03-25,134,21,0,0,0,21
5677,2025-03-25,135,22,0,0,0,22
5678,2025-03-25,136,0,0,0,0,0
5679,2025-03-25,137,0,0,0,0,0
5680,2025-03-25,138,10,0,0,0,10
5681,2025-03-25,139,9,0,2,0,7
5682,2025-03-25,140,0,0,0,0,0
5683,2025-03-25,141,27,0,0,0,27
5684,2025-03-25,142,40,0,1,0,39
5685,2025-03-25,143,52,0,2,0,50
5686,2025-03-25,144,0,0,0,0,0
5687,2025-03-25,145,21,0,0,0,21
5688,2025-03-25,146,7,0,0,0,7
5689,2025-03-25,147,0,0,0,0,0
5690,2025-03-25,148,7,0,0,0,7
5691,2025-03-25,149,7,0,1,0,6
5692,2025-03-25,150,10,0,0,0,10
5693,2025-03-25,151,14,37,0,0,51
5694,2025-03-25,152,11,0,0,0,11
5695,2025-03-25,153,0,0,0,0,0
5696,2025-03-25,154,0,0,0,0,0
5697,2025-03-25,155,11,0,1,0,10
5698,2025-03-25,156,33,0,1,0,32
5699,2025-03-25,157,10,0,0,0,10
5700,2025-03-25,158,37,0,2,0,35
5701,2025-03-25,159,30,0,1,0,29
5702,2025-03-25,160,11,0,1,0,10
5703,2025-03-25,161,29,0,1,0,28
5704,2025-03-25,162,0,0,0,0,0
5705,2025-03-25,163,7,0,0,0,7
5706,2025-03-25,164,15,0,0,0,15
5707,2025-03-25,165,12,0,0,0,12
5708,2025-03-25,166,32,0,1,0,31
5709,2025-03-25,167,31,0,1,0,30
5710,2025-03-25,168,20,0,0,0,20
5711,2025-03-25,169,14,0,0,0,14
5712,2025-03-25,170,40,0,2,0,38
5713,2025-03-26,101,26,0,1,0,25
5714,2025-03-26,102,0,0,0,0,0
5715,2025-03-26,103,0,0,0,0,0
5716,2025-03-26,104,20,0,0,0,20
5717,2025-03-26,105,15,0,0,0,15
5718,2025-03-26,106,35,0,0,0,35
5719,2025-03-26,108,4,0,0,0,4
5720,2025-03-26,109,19,0,0,0,19
5721,2025-03-26,110,36,0,2,0,34
5722,2025-03-26,112,14,0,0,0,14
5723,2025-03-26,113,0,0,0,0,0
5724,2025-03-26,114,9,0,1,0,8
5725,2025-03-26,115,0,0,0,0,0
5726,2025-03-26,116,31,0,2,0,29
5727,2025-03-26,117,17,0,0,0,17
5728,2025-03-26,118,24,0,2,0,22
5729,2025-03-26,119,31,0,1,0,30
5730,2025-03-26,120,0,0,0,0,0
5731,2025-03-26,121,0,0,0,0,0
5732,2025-03-26,122,4,0,0,0,4
5733,2025-03-26,123,21,0,1,0,20
5734,2025-03-26,124,0,0,0,0,0
5735,2025-03-26,125,10,0,0,0,10
5736,2025-03-26,126,7,0,0,0,7
5737,2025-03-26,127,19,0,1,0,18
5738,2025-03-26,128,0,0,0,0,0
5739,2025-03-26,129,6,0,0,0,6
5740,2025-03-26,130,15,0,0,0,15
5741,2025-03-26,131,58,0,1,0,57
5742,2025-03-26,132,0,0,0,0,0
5743,2025-03-26,133,0,0,0,0,0
5744,2025-03-26,134,21,0,0,0,21
5745,2025-03-26,135,22,0,1,0,21
5746,2025-03-26,136,0,0,0,0,0
5747,2025-03-26,137,0,0,0,0,0
5748,2025-03-26,138,10,0,0,0,10
5749,2025-03-26,139,7,0,0,0,7
5750,2025-03-26,140,0,0,0,0,0
5751,2025-03-26,141,27,0,2,0,25
5752,2025-03-26,142,39,0,0,0,39
5753,2025-03-26,143,50,0,1,0,49
5754,2025-03-26,144,0,0,0,0,0
5755,2025-03-26,145,21,0,2,0,19
5756,2025-03-26,146,7,0,0,0,7
5757,2025-03-26,147,0,0,0,0,0
5758,2025-03-26,148,7,0,0,0,7
5759,2025-03-26,149,6,19,1,0,24
5760,2025-03-26,150,10,0,0,0,10
5761,2025-03-26,151,51,0,2,0,49
5762,2025-03-26,152,11,0,0,0,11
5763,2025-03-26,153,0,0,0,0,0
5764,2025-03-26,154,0,0,0,0,0
5765,2025-03-26,155,10,0,0,0,10
5766,2025-03-26,156,32,0,1,0,31
5767,2025-03-26,157,10,0,1,0,9
5768,2025-03-26,158,35,0,0,0,35
5769,2025-03-26,159,29,0,2,0,27
5770,2025-03-26,160,10,0,0,0,10
5771,2025-03-26,161,28,0,0,0,28
5772,2025-03-26,162,0,0,0,0,0
5773,2025-03-26,163,7,0,1,0,6
5774,2025-03-26,164,15,0,1,0,14
5775,2025-03-26,165,12,0,0,0,12
5776,2025-03-26,166,31,0,3,0,28
5777,2025-03-26,167,30,0,0,0,30
5778,2025-03-26,168,20,0,0,0,20
5779,2025-03-26,169,14,0,0,0,14
5780,2025-03-26,170,38,0,1,0,37
5781,2025-03-27,101,25,0,0,0,25
5782,2025-03-27,102,0,0,0,0,0
5783,2025-03-27,103,0,0,0,0,0
5784,2025-03-27,104,20,0,0,0,20
5785,2025-03-27,105,15,0,2,0,13
5786,2025-03-27,106,35,0,2,0,33
5787,2025-03-27,108,4,0,0,0,4
5788,2025-03-27,109,19,0,1,0,18
5789,2025-03-27,110,34,0,2,0,32
5790,2025-03-27,112,14,48,2,0,60
5791,2025-03-27,113,0,0,0,0,0
5792,2025-03-27,114,8,0,0,0,8
5793,2025-03-27,115,0,0,0,0,0
5794,2025-03-27,116,29,0,1,0,28
5795,2025-03-27,117,17,0,0,0,17
5796,2025-03-27,118,22,0,2,0,20
5797,2025-03-27,119,30,0,0,0,30
5798,2025-03-27,120,0,0,0,0,0
5799,2025-03-27,121,0,0,0,0,0
5800,2025-03-27,122,4,0,1,0,3
5801,2025-03-27,123,20,0,1,0,19
5802,2025-03-27,124,0,0,0,0,0
5803,2025-03-27,125,10,0,0,0,10
5804,2025-03-27,126,7,0,0,0,7
5805,2025-03-27,127,18,0,1,0,17
5806,2025-03-27,128,0,0,0,0,0
5807,2025-03-27,129,6,0,0,0,6
5808,2025-03-27,130,15,0,0,0,15
5809,2025-03-27,131,57,0,0,0,57
5810,2025-03-27,132,0,0,0,0,0
5811,2025-03-27,133,0,0,0,0,0
5812,2025-03-27,134,21,0,1,0,20
5813,2025-03-27,135,21,0,1,0,20
5814,2025-03-27,136,0,0,0,0,0
5815,2025-03-27,137,0,0,0,0,0
5816,2025-03-27,138,10,0,0,0,10
5817,2025-03-27,139,7,21,1,0,27
5818,2025-03-27,140,0,0,0,0,0
5819,2025-03-27,141,25,0,0,0,25
5820,2025-03-27,142,39,0,0,0,39
5821,2025-03-27,143,49,0,0,0,49
5822,2025-03-27,144,0,0,0,0,0
5823,2025-03-27,145,19,0,0,0,19
5824,2025-03-27,146,7,0,0,0,7
5825,2025-03-27,147,0,0,0,0,0
5826,2025-03-27,148,7,0,0,0,7
5827,2025-03-27,149,24,0,1,0,23
5828,2025-03-27,150,10,0,1,0,9
5829,2025-03-27,151,49,0,0,0,49
5830,2025-03-27,152,11,0,2,0,9
5831,2025-03-27,153,0,0,0,0,0
5832,2025-03-27,154,0,0,0,0,0
5833,2025-03-27,155,10,0,0,0,10
5834,2025-03-27,156,31,0,4,0,27
5835,2025-03-27,157,9,0,0,0,9
5836,2025-03-27,158,35,0,2,0,33
5837,2025-03-27,159,27,0,1,0,26
5838,2025-03-27,160,10,24,1,0,33
5839,2025-03-27,161,28,0,0,0,28
5840,2025-03-27,162,0,0,0,0,0
5841,2025-03-27,163,6,0,0,0,6
5842,2025-03-27,164,14,0,0,0,14
5843,2025-03-27,165,12,0,0,0,12
5844,2025-03-27,166,28,0,2,0,26
5845,2025-03-27,167,30,0,1,0,29
5846,2025-03-27,168,20,0,1,0,19
5847,2025-03-27,169,14,0,0,0,14
5848,2025-03-27,170,37,0,2,0,35
5849,2025-03-28,101,25,0,0,0,25
5850,2025-03-28,102,0,0,0,0,0
5851,2025-03-28,103,0,0,0,0,0
5852,2025-03-28,104,20,0,0,0,20
5853,2025-03-28,105,13,0,1,0,12
5854,2025-03-28,106,33,0,0,0,33
5855,2025-03-28,108,4,12,0,0,16
5856,2025-03-28,109,18,0,0,0,18
5857,2025-03-28,110,32,0,1,0,31
5858,2025-03-28,112,60,0,1,0,59
5859,2025-03-28,113,0,0,0,0,0
5860,2025-03-28,114,8,0,0,0,8
5861,2025-03-28,115,0,0,0,0,0
5862,2025-03-28,116,28,0,1,0,27
5863,2025-03-28,117,17,0,1,0,16
5864,2025-03-28,118,20,0,0,0,20
5865,2025-03-28,119,30,0,3,0,27
5866,2025-03-28,120,0,0,0,0,0
5867,2025-03-28,121,0,0,0,0,0
5868,2025-03-28,122,3,0,0,0,3
5869,2025-03-28,123,19,0,0,0,19
5870,2025-03-28,124,0,0,0,0,0
5871,2025-03-28,125,10,0,0,0,10
5872,2025-03-28,126,7,0,0,0,7
5873,2025-03-28,127,17,0,2,0,15
5874,2025-03-28,128,0,0,0,0,0
5875,2025-03-28,129,6,0,0,0,6
5876,2025-03-28,130,15,0,0,0,15
5877,2025-03-28,131,57,0,1,0,56
5878,2025-03-28,132,0,0,0,0,0
5879,2025-03-28,133,0,0,0,0,0
5880,2025-03-28,134,20,0,1,0,19
5881,2025-03-28,135,20,0,0,0,20
5882,2025-03-28,136,0,0,0,0,0
5883,2025-03-28,137,0,0,0,0,0
5884,2025-03-28,138,10,0,0,0,10
5885,2025-03-28,139,27,0,0,0,27
5886,2025-03-28,140,0,0,0,0,0
5887,2025-03-28,141,25,0,0,0,25
5888,2025-03-28,142,39,0,3,0,36
5889,2025-03-28,143,49,0,3,0,46
5890,2025-03-28,144,0,0,0,0,0
5891,2025-03-28,145,19,0,1,0,18
5892,2025-03-28,146,7,0,2,0,5
5893,2025-03-28,147,0,0,0,0,0
5894,2025-03-28,148,7,0,1,0,6
5895,2025-03-28,149,23,0,0,0,23
5896,2025-03-28,150,9,0,0,0,9
5897,2025-03-28,151,49,0,0,0,49
5898,2025-03-28,152,9,0,0,0,9
5899,2025-03-28,153,0,0,0,0,0
5900,2025-03-28,154,0,0,0,0,0
5901,2025-03-28,155,10,0,2,0,8
5902,2025-03-28,156,27,0,1,0,26
5903,2025-03-28,157,9,0,1,0,8
5904,2025-03-28,158,33,0,0,0,33
5905,2025-03-28,159,26,0,2,0,24
5906,2025-03-28,160,33,0,0,0,33
5907,2025-03-28,161,28,0,0,0,28
5908,2025-03-28,162,0,0,0,0,0
5909,2025-03-28,163,6,0,0,0,6
5910,2025-03-28,164,14,0,0,0,14
5911,2025-03-28,165,12,0,0,0,12
5912,2025-03-28,166,26,0,3,0,23
5913,2025-03-28,167,29,0,1,0,28
5914,2025-03-28,168,19,0,0,0,19
5915,2025-03-28,169,14,0,0,0,14
5916,2025-03-28,170,35,0,1,0,34
5917,2025-03-29,101,25,0,0,0,25
5918,2025-03-29,102,0,0,0,0,0
5919,2025-03-29,103,0,0,0,0,0
5920,2025-03-29,104,20,0,1,0,19
5921,2025-03-29,105,12,0,0,0,12
5922,2025-03-29,106,33,0,2,0,31
5923,2025-03-29,108,16,0,0,0,16
5924,2025-03-29,109,18,0,1,0,17
5925,2025-03-29,110,31,0,2,0,29
5926,2025-03-29,112,59,0,1,-2,56
5927,2025-03-29,113,0,0,0,0,0
5928,2025-03-29,114,8,0,0,0,8
5929,2025-03-29,115,0,0,0,0,0
5930,2025-03-29,116,27,0,1,0,26
5931,2025-03-29,117,16,0,0,0,16
5932,2025-03-29,118,20,0,0,0,20
5933,2025-03-29,119,27,0,1,0,26
5934,2025-03-29,120,0,0,0,0,0
5935,2025-03-29,121,0,0,0,0,0
5936,2025-03-29,122,3,0,1,0,2
5937,2025-03-29,123,19,0,1,0,18
5938,2025-03-29,124,0,0,0,0,0
5939,2025-03-29,125,10,0,0,-3,7
5940,2025-03-29,126,7,0,0,0,7
5941,2025-03-29,127,15,0,0,0,15
5942,2025-03-29,128,0,0,0,0,0
5943,2025-03-29,129,6,0,0,0,6
5944,2025-03-29,130,15,0,0,0,15
5945,2025-03-29,131,56,0,1,0,55
5946,2025-03-29,132,0,0,0,0,0
5947,2025-03-29,133,0,0,0,0,0
5948,2025-03-29,134,19,0,0,0,19
5949,2025-03-29,135,20,0,0,0,20
5950,2025-03-29,136,0,0,0,0,0
5951,2025-03-29,137,0,0,0,0,0
5952,2025-03-29,138,10,0,0,0,10
5953,2025-03-29,139,27,0,0,0,27
5954,2025-03-29,140,0,0,0,0,0
5955,2025-03-29,141,25,0,0,0,25
5956,2025-03-29,142,36,0,1,0,35
5957,2025-03-29,143,46,0,0,0,46
5958,2025-03-29,144,0,0,0,0,0
5959,2025-03-29,145,18,0,1,0,17
5960,2025-03-29,146,5,0,0,0,5
5961,2025-03-29,147,0,0,0,0,0
5962,2025-03-29,148,6,0,0,0,6
5963,2025-03-29,149,23,0,2,0,21
5964,2025-03-29,150,9,0,0,0,9
5965,2025-03-29,151,49,0,1,0,48
5966,2025-03-29,152,9,0,1,0,8
5967,2025-03-29,153,0,0,0,0,0
5968,2025-03-29,154,0,0,0,0,0
5969,2025-03-29,155,8,0,0,0,8
5970,2025-03-29,156,26,0,2,0,24
5971,2025-03-29,157,8,0,0,0,8
5972,2025-03-29,158,33,0,2,0,31
5973,2025-03-29,159,24,0,1,0,23
5974,2025-03-29,160,33,0,0,0,33
5975,2025-03-29,161,28,0,1,0,27
5976,2025-03-29,162,0,0,0,0,0
5977,2025-03-29,163,6,0,0,0,6
5978,2025-03-29,164,14,0,0,0,14
5979,2025-03-29,165,12,0,0,0,12
5980,2025-03-29,166,23,0,0,0,23
5981,2025-03-29,167,28,0,2,0,26
5982,2025-03-29,168,19,0,1,0,18
5983,2025-03-29,169,14,0,0,0,14
5984,2025-03-29,170,34,0,1,0,33
5985,2025-03-30,101,25,0,2,0,23
5986,2025-03-30,102,0,0,0,0,0
5987,2025-03-30,103,0,0,0,0,0
5988,2025-03-30,104,19,0,0,0,19
5989,2025-03-30,105,12,0,1,0,11
5990,2025-03-30,106,31,0,2,0,29
5991,2025-03-30,108,16,0,0,0,16
5992,2025-03-30,109,17,0,1,0,16
5993,2025-03-30,110,29,0,0,0,29
5994,2025-03-30,112,56,0,3,0,53
5995,2025-03-30,113,0,0,0,0,0
5996,2025-03-30,114,8,0,0,0,8
5997,2025-03-30,115,0,0,0,0,0
5998,2025-03-30,116,26,0,0,0,26
5999,2025-03-30,117,16,0,1,0,15
6000,2025-03-30,118,20,0,2,0,18
6001,2025-03-30,119,26,0,1,0,25
6002,2025-03-30,120,0,0,0,0,0
6003,2025-03-30,121,0,0,0,0,0
6004,2025-03-30,122,2,0,0,0,2
6005,2025-03-30,123,18,0,0,0,18
6006,2025-03-30,124,0,0,0,0,0
6007,2025-03-30,125,7,0,0,0,7
6008,2025-03-30,126,7,0,0,0,7
6009,2025-03-30,127,15,0,0,0,15
6010,2025-03-30,128,0,0,0,0,0
6011,2025-03-30,129,6,0,0,0,6
6012,2025-03-30,130,15,0,0,0,15
6013,2025-03-30,131,55,0,0,0,55
6014,2025-03-30,132,0,0,0,0,0
6015,2025-03-30,133,0,0,0,0,0
6016,2025-03-30,134,19,0,1,0,18
6017,2025-03-30,135,20,0,0,0,20
6018,2025-03-30,136,0,0,0,0,0
6019,2025-03-30,137,0,0,0,0,0
6020,2025-03-30,138,10,0,1,0,9
6021,2025-03-30,139,27,0,0,0,27
6022,2025-03-30,140,0,0,0,0,0
6023,2025-03-30,141,25,0,0,0,25
6024,2025-03-30,142,35,0,0,0,35
6025,2025-03-30,143,46,0,0,0,46
6026,2025-03-30,144,0,0,0,0,0
6027,2025-03-30,145,17,0,0,0,17
6028,2025-03-30,146,5,0,0,0,5
6029,2025-03-30,147,0,0,0,0,0
6030,2025-03-30,148,6,0,0,0,6
6031,2025-03-30,149,21,0,1,0,20
6032,2025-03-30,150,9,0,0,0,9
6033,2025-03-30,151,48,0,2,0,46
6034,2025-03-30,152,8,0,1,0,7
6035,2025-03-30,153,0,0,0,0,0
6036,2025-03-30,154,0,0,0,0,0
6037,2025-03-30,155,8,0,1,0,7
6038,2025-03-30,156,24,0,3,0,21
6039,2025-03-30,157,8,0,0,0,8
6040,2025-03-30,158,31,0,2,0,29
6041,2025-03-30,159,23,0,0,0,23
6042,2025-03-30,160,33,0,0,0,33
6043,2025-03-30,161,27,0,1,0,26
6044,2025-03-30,162,0,0,0,0,0
6045,2025-03-30,163,6,0,0,0,6
6046,2025-03-30,164,14,0,0,0,14
6047,2025-03-30,165,12,0,0,0,12
6048,2025-03-30,166,23,0,0,0,23
6049,2025-03-30,167,26,0,0,0,26
6050,2025-03-30,168,18,0,1,0,17
6051,2025-03-30,169,14,0,0,0,14
6052,2025-03-30,170,33,0,1,0,32
6053,2025-03-31,101,23,0,0,0,23
6054,2025-03-31,102,0,0,0,0,0
6055,2025-03-31,103,0,0,0,0,0
6056,2025-03-31,104,19,0,3,0,16
6057,2025-03-31,105,11,0,0,0,11
6058,2025-03-31,106,29,0,1,0,28
6059,2025-03-31,108,16,0,0,0,16
6060,2025-03-31,109,16,0,0,0,16
6061,2025-03-31,110,29,0,1,0,28
6062,2025-03-31,112,53,0,1,0,52
6063,2025-03-31,113,0,0,0,0,0
6064,2025-03-31,114,8,0,0,0,8
6065,2025-03-31,115,0,0,0,0,0
6066,2025-03-31,116,26,0,1,0,25
6067,2025-03-31,117,15,0,0,0,15
6068,2025-03-31,118,18,0,2,0,16
6069,2025-03-31,119,25,0,1,0,24
6070,2025-03-31,120,0,0,0,0,0
6071,2025-03-31,121,0,0,0,0,0
6072,2025-03-31,122,2,10,0,0,12
6073,2025-03-31,123,18,0,0,0,18
6074,2025-03-31,124,0,0,0,0,0
6075,2025-03-31,125,7,0,0,0,7
6076,2025-03-31,126,7,0,0,0,7
6077,2025-03-31,127,15,0,0,0,15
6078,2025-03-31,128,0,0,0,0,0
6079,2025-03-31,129,6,0,0,0,6
6080,2025-03-31,130,15,0,0,0,15
6081,2025-03-31,131,55,0,2,0,53
6082,2025-03-31,132,0,0,0,0,0
6083,2025-03-31,133,0,0,0,0,0
6084,2025-03-31,134,18,0,0,0,18
6085,2025-03-31,135,20,0,2,0,18
6086,2025-03-31,136,0,0,0,0,0
6087,2025-03-31,137,0,0,0,0,0
6088,2025-03-31,138,9,0,0,0,9
6089,2025-03-31,139,27,0,0,0,27
6090,2025-03-31,140,0,0,0,0,0
6091,2025-03-31,141,25,0,1,0,24
6092,2025-03-31,142,35,0,3,0,32
6093,2025-03-31,143,46,0,0,0,46
6094,2025-03-31,144,0,0,0,0,0
6095,2025-03-31,145,17,0,0,0,17
6096,2025-03-31,146,5,0,2,0,3
6097,2025-03-31,147,0,0,0,0,0
6098,2025-03-31,148,6,0,0,0,6
6099,2025-03-31,149,20,0,0,0,20
6100,2025-03-31,150,9,0,0,0,9
6101,2025-03-31,151,46,0,1,0,45
6102,2025-03-31,152,7,19,0,0,26
6103,2025-03-31,153,0,0,0,0,0
6104,2025-03-31,154,0,0,0,0,0
6105,2025-03-31,155,7,0,0,0,7
6106,2025-03-31,156,21,0,1,0,20
6107,2025-03-31,157,8,0,0,0,8
6108,2025-03-31,158,29,0,1,0,28
6109,2025-03-31,159,23,0,0,0,23
6110,2025-03-31,160,33,0,1,0,32
6111,2025-03-31,161,26,0,1,0,25
6112,2025-03-31,162,0,0,0,0,0
6113,2025-03-31,163,6,0,1,0,5
6114,2025-03-31,164,14,0,0,0,14
6115,2025-03-31,165,12,0,0,0,12
6116,2025-03-31,166,23,0,3,0,20
6117,2025-03-31,167,26,0,2,0,24
6118,2025-03-31,168,17,0,1,0,16
6119,2025-03-31,169,14,0,1,0,13
6120,2025-03-31,170,32,0,2,0,30
6121,2025-04-01,101,23,0,0,0,23
6122,2025-04-01,102,0,0,0,0,0
6123,2025-04-01,103,0,0,0,0,0
6124,2025-04-01,104,16,0,1,0,15
6125,2025-04-01,105,11,0,1,0,10
6126,2025-04-01,106,28,0,1,0,27
6127,2025-04-01,108,16,0,0,0,16
6128,2025-04-01,109,16,0,1,0,15
6129,2025-04-01,110,28,0,2,0,26
6130,2025-04-01,112,52,0,3,0,49
6131,2025-04-01,113,0,0,0,0,0
6132,2025-04-01,114,8,0,0,0,8
6133,2025-04-01,115,0,0,0,0,0
6134,2025-04-01,116,25,0,1,0,24
6135,2025-04-01,117,15,0,1,0,14
6136,2025-04-01,118,16,0,3,0,13
6137,2025-04-01,119,24,0,2,0,22
6138,2025-04-01,120,0,0,0,0,0
6139,2025-04-01,121,0,0,0,0,0
6140,2025-04-01,122,12,0,0,0,12
6141,2025-04-01,123,18,0,0,0,18
6142,2025-04-01,124,0,0,0,0,0
6143,2025-04-01,125,7,0,0,0,7
6144,2025-04-01,126,7,0,0,0,7
6145,2025-04-01,127,15,0,0,0,15
6146,2025-04-01,128,0,0,0,0,0
6147,2025-04-01,129,6,0,0,0,6
6148,2025-04-01,130,15,0,0,0,15
6149,2025-04-01,131,53,0,1,0,52
6150,2025-04-01,132,0,0,0,0,0
6151,2025-04-01,133,0,0,0,0,0
6152,2025-04-01,134,18,0,0,0,18
6153,2025-04-01,135,18,0,1,0,17
6154,2025-04-01,136,0,0,0,0,0
6155,2025-04-01,137,0,0,0,0,0
6156,2025-04-01,138,9,0,0,0,9
6157,2025-04-01,139,27,0,1,0,26
6158,2025-04-01,140,0,0,0,0,0
6159,2025-04-01,141,24,0,0,0,24
6160,2025-04-01,142,32,0,1,0,31
6161,2025-04-01,143,46,0,2,0,44
6162,2025-04-01,144,0,0,0,0,0
6163,2025-04-01,145,17,0,0,0,17
6164,2025-04-01,146,3,0,0,0,3
6165,2025-04-01,147,0,0,0,0,0
6166,2025-04-01,148,6,0,0,0,6
6167,2025-04-01,149,20,0,0,0,20
6168,2025-04-01,150,9,0,0,0,9
6169,2025-04-01,151,45,0,1,0,44
6170,2025-04-01,152,26,0,2,0,24
6171,2025-04-01,153,0,0,0,0,0
6172,2025-04-01,154,0,0,0,0,0
6173,2025-04-01,155,7,0,0,0,7
6174,2025-04-01,156,20,0,0,0,20
6175,2025-04-01,157,8,22,0,0,30
6176,2025-04-01,158,28,0,2,0,26
6177,2025-04-01,159,23,0,2,0,21
6178,2025-04-01,160,32,0,0,0,32
6179,2025-04-01,161,25,0,1,0,24
6180,2025-04-01,162,0,0,0,0,0
6181,2025-04-01,163,5,0,0,0,5
6182,2025-04-01,164,14,0,0,0,14
6183,2025-04-01,165,12,0,0,0,12
6184,2025-04-01,166,20,0,1,0,19
6185,2025-04-01,167,24,0,2,0,22
6186,2025-04-01,168,16,0,1,0,15
6187,2025-04-01,169,13,0,0,0,13
6188,2025-04-01,170,30,0,1,0,29
6189,2025-04-02,101,23,0,1,0,22
6190,2025-04-02,102,0,0,0,0,0
6191,2025-04-02,103,0,0,0,0,0
6192,2025-04-02,104,15,0,0,0,15
6193,2025-04-02,105,10,0,2,0,8
6194,2025-04-02,106,27,0,0,0,27
6195,2025-04-02,108,16,0,0,0,16
6196,2025-04-02,109,15,0,0,0,15
6197,2025-04-02,110,26,0,1,0,25
6198,2025-04-02,112,49,0,0,0,49
6199,2025-04-02,113,0,0,0,0,0
6200,2025-04-02,114,8,0,0,0,8
6201,2025-04-02,115,0,0,0,0,0
6202,2025-04-02,116,24,0,0,0,24
6203,2025-04-02,117,14,0,0,0,14
6204,2025-04-02,118,13,0,0,0,13
6205,2025-04-02,119,22,0,0,0,22
6206,2025-04-02,120,0,0,0,0,0
6207,2025-04-02,121,0,0,0,0,0
6208,2025-04-02,122,12,0,1,0,11
6209,2025-04-02,123,18,0,2,0,16
6210,2025-04-02,124,0,0,0,0,0
6211,2025-04-02,125,7,0,0,0,7
6212,2025-04-02,126,7,0,0,0,7
6213,2025-04-02,127,15,0,2,0,13
6214,2025-04-02,128,0,0,0,0,0
6215,2025-04-02,129,6,0,0,0,6
6216,2025-04-02,130,15,0,0,0,15
6217,2025-04-02,131,52,0,0,0,52
6218,2025-04-02,132,0,0,0,0,0
6219,2025-04-02,133,0,0,0,0,0
6220,2025-04-02,134,18,0,0,0,18
6221,2025-04-02,135,17,0,0,0,17
6222,2025-04-02,136,0,0,0,0,0
6223,2025-04-02,137,0,0,0,0,0
6224,2025-04-02,138,9,0,1,0,8
6225,2025-04-02,139,26,0,0,-1,25
6226,2025-04-02,140,0,0,0,0,0
6227,2025-04-02,141,24,0,1,0,23
6228,2025-04-02,142,31,0,1,0,30
6229,2025-04-02,143,44,0,0,0,44
6230,2025-04-02,144,0,0,0,0,0
6231,2025-04-02,145,17,0,1,0,16
6232,2025-04-02,146,3,0,0,0,3
6233,2025-04-02,147,0,0,0,0,0
6234,2025-04-02,148,6,0,0,0,6
6235,2025-04-02,149,20,0,0,0,20
6236,2025-04-02,150,9,0,0,0,9
6237,2025-04-02,151,44,0,1,0,43
6238,2025-04-02,152,24,0,1,0,23
6239,2025-04-02,153,0,0,0,0,0
6240,2025-04-02,154,0,0,0,0,0
6241,2025-04-02,155,7,0,0,0,7
6242,2025-04-02,156,20,0,1,0,19
6243,2025-04-02,157,30,0,0,0,30
6244,2025-04-02,158,26,0,1,0,25
6245,2025-04-02,159,21,0,2,0,19
6246,2025-04-02,160,32,0,1,0,31
6247,2025-04-02,161,24,0,0,0,24
6248,2025-04-02,162,0,0,0,0,0
6249,2025-04-02,163,5,0,0,0,5
6250,2025-04-02,164,14,0,0,0,14
6251,2025-04-02,165,12,0,0,0,12
6252,2025-04-02,166,19,0,3,0,16
6253,2025-04-02,167,22,0,0,0,22
6254,2025-04-02,168,15,0,1,0,14
6255,2025-04-02,169,13,0,0,0,13
6256,2025-04-02,170,29,0,1,0,28
6257,2025-04-03,101,22,0,1,0,21
6258,2025-04-03,102,0,0,0,0,0
6259,2025-04-03,103,0,0,0,0,0
6260,2025-04-03,104,15,0,0,0,15
6261,2025-04-03,105,8,0,1,0,7
6262,2025-04-03,106,27,0,0,0,27
6263,2025-04-03,108,16,0,0,0,16
6264,2025-04-03,109,15,0,1,0,14
6265,2025-04-03,110,25,0,3,0,22
6266,2025-04-03,112,49,0,0,0,49
6267,2025-04-03,113,0,0,0,0,0
6268,2025-04-03,114,8,0,0,0,8
6269,2025-04-03,115,0,0,0,0,0
6270,2025-04-03,116,24,0,0,0,24
6271,2025-04-03,117,14,0,1,0,13
6272,2025-04-03,118,13,0,1,0,12
6273,2025-04-03,119,22,0,0,0,22
6274,2025-04-03,120,0,0,0,0,0
6275,2025-04-03,121,0,0,0,0,0
6276,2025-04-03,122,11,0,0,0,11
6277,2025-04-03,123,16,0,0,0,16
6278,2025-04-03,124,0,0,0,0,0
6279,2025-04-03,125,7,0,0,0,7
6280,2025-04-03,126,7,0,1,0,6
6281,2025-04-03,127,13,0,0,0,13
6282,2025-04-03,128,0,0,0,0,0
6283,2025-04-03,129,6,0,0,0,6
6284,2025-04-03,130,15,0,0,0,15
6285,2025-04-03,131,52,0,0,0,52
6286,2025-04-03,132,0,0,0,0,0
6287,2025-04-03,133,0,0,0,0,0
6288,2025-04-03,134,18,0,0,0,18
6289,2025-04-03,135,17,0,0,0,17
6290,2025-04-03,136,0,0,0,0,0
6291,2025-04-03,137,0,0,0,0,0
6292,2025-04-03,138,8,0,0,0,8
6293,2025-04-03,139,25,0,2,0,23
6294,2025-04-03,140,0,0,0,0,0
6295,2025-04-03,141,23,0,1,0,22
6296,2025-04-03,142,30,0,0,0,30
6297,2025-04-03,143,44,0,1,0,43
6298,2025-04-03,144,0,0,0,0,0
6299,2025-04-03,145,16,0,0,0,16
6300,2025-04-03,146,3,0,0,0,3
6301,2025-04-03,147,0,0,0,0,0
6302,2025-04-03,148,6,0,0,0,6
6303,2025-04-03,149,20,0,1,0,19
6304,2025-04-03,150,9,0,0,0,9
6305,2025-04-03,151,43,0,2,0,41
6306,2025-04-03,152,23,0,0,0,23
6307,2025-04-03,153,0,0,0,0,0
6308,2025-04-03,154,0,0,0,0,0
6309,2025-04-03,155,7,0,0,0,7
6310,2025-04-03,156,19,0,1,0,18
6311,2025-04-03,157,30,0,0,0,30
6312,2025-04-03,158,25,0,3,0,22
6313,2025-04-03,159,19,0,1,0,18
6314,2025-04-03,160,31,0,0,0,31
6315,2025-04-03,161,24,0,1,0,23
6316,2025-04-03,162,0,0,0,0,0
6317,2025-04-03,163,5,0,2,0,3
6318,2025-04-03,164,14,0,0,0,14
6319,2025-04-03,165,12,0,0,0,12
6320,2025-04-03,166,16,0,1,0,15
6321,2025-04-03,167,22,0,1,0,21
6322,2025-04-03,168,14,0,0,0,14
6323,2025-04-03,169,13,0,0,0,13
6324,2025-04-03,170,28,0,1,0,27
6325,2025-04-04,101,21,0,0,0,21
6326,2025-04-04,102,0,0,0,0,0
6327,2025-04-04,103,0,0,0,0,0
6328,2025-04-04,104,15,0,1,0,14
6329,2025-04-04,105,7,0,1,0,6
6330,2025-04-04,106,27,0,1,0,26
6331,2025-04-04,108,16,0,0,0,16
6332,2025-04-04,109,14,0,0,0,14
6333,2025-04-04,110,22,0,5,0,17
6334,2025-04-04,112,49,0,1,0,48
6335,2025-04-04,113,0,0,0,0,0
6336,2025-04-04,114,8,0,0,0,8
6337,2025-04-04,115,0,0,0,0,0
6338,2025-04-04,116,24,0,0,0,24
6339,2025-04-04,117,13,0,1,0,12
6340,2025-04-04,118,12,0,3,0,9
6341,2025-04-04,119,22,0,0,0,22
6342,2025-04-04,120,0,0,0,0,0
6343,2025-04-04,121,0,0,0,0,0
6344,2025-04-04,122,11,0,0,0,11
6345,2025-04-04,123,16,0,1,0,15
6346,2025-04-04,124,0,0,0,0,0
6347,2025-04-04,125,7,0,0,0,7
6348,2025-04-04,126,6,0,0,0,6
6349,2025-04-04,127,13,0,1,0,12
6350,2025-04-04,128,0,0,0,0,0
6351,2025-04-04,129,6,0,0,0,6
6352,2025-04-04,130,15,0,1,0,14
6353,2025-04-04,131,52,0,1,0,51
6354,2025-04-04,132,0,0,0,0,0
6355,2025-04-04,133,0,0,0,0,0
6356,2025-04-04,134,18,0,0,0,18
6357,2025-04-04,135,17,0,0,0,17
6358,2025-04-04,136,0,0,0,0,0
6359,2025-04-04,137,0,0,0,0,0
6360,2025-04-04,138,8,0,0,0,8
6361,2025-04-04,139,23,0,0,0,23
6362,2025-04-04,140,0,0,0,0,0
6363,2025-04-04,141,22,0,2,0,20
6364,2025-04-04,142,30,0,0,0,30
6365,2025-04-04,143,43,0,0,0,43
6366,2025-04-04,144,0,0,0,0,0
6367,2025-04-04,145,16,0,2,0,14
6368,2025-04-04,146,3,0,0,0,3
6369,2025-04-04,147,0,0,0,0,0
6370,2025-04-04,148,6,0,1,0,5
6371,2025-04-04,149,19,0,1,0,18
6372,2025-04-04,150,9,0,0,0,9
6373,2025-04-04,151,41,0,0,0,41
6374,2025-04-04,152,23,0,0,0,23
6375,2025-04-04,153,0,0,0,0,0
6376,2025-04-04,154,0,0,0,0,0
6377,2025-04-04,155,7,0,1,0,6
6378,2025-04-04,156,18,0,1,0,17
6379,2025-04-04,157,30,0,0,0,30
6380,2025-04-04,158,22,0,3,0,19
6381,2025-04-04,159,18,0,2,0,16
6382,2025-04-04,160,31,0,1,0,30
6383,2025-04-04,161,23,0,1,0,22
6384,2025-04-04,162,0,0,0,0,0
6385,2025-04-04,163,3,0,0,0,3
6386,2025-04-04,164,14,0,1,0,13
6387,2025-04-04,165,12,0,1,0,11
6388,2025-04-04,166,15,39,1,0,53
6389,2025-04-04,167,21,0,1,0,20
6390,2025-04-04,168,14,0,0,0,14
6391,2025-04-04,169,13,0,0,0,13
6392,2025-04-04,170,27,0,0,0,27
6393,2025-04-05,101,21,0,1,0,20
6394,2025-04-05,102,0,0,0,0,0
6395,2025-04-05,103,0,0,0,0,0
6396,2025-04-05,104,14,0,0,0,14
6397,2025-04-05,105,6,0,0,0,6
6398,2025-04-05,106,26,0,1,0,25
6399,2025-04-05,108,16,0,0,0,16
6400,2025-04-05,109,14,0,1,0,13
6401,2025-04-05,110,17,0,2,0,15
6402,2025-04-05,112,48,0,1,0,47
6403,2025-04-05,113,0,0,0,0,0
6404,2025-04-05,114,8,0,0,0,8
6405,2025-04-05,115,0,0,0,0,0
6406,2025-04-05,116,24,0,0,0,24
6407,2025-04-05,117,12,0,0,0,12
6408,2025-04-05,118,9,0,0,0,9
6409,2025-04-05,119,22,0,2,0,20
6410,2025-04-05,120,0,0,0,0,0
6411,2025-04-05,121,0,0,0,0,0
6412,2025-04-05,122,11,0,0,0,11
6413,2025-04-05,123,15,0,0,0,15
6414,2025-04-05,124,0,0,0,0,0
6415,2025-04-05,125,7,0,0,0,7
6416,2025-04-05,126,6,0,0,0,6
6417,2025-04-05,127,12,0,0,0,12
6418,2025-04-05,128,0,0,0,0,0
6419,2025-04-05,129,6,0,0,0,6
6420,2025-04-05,130,14,0,0,0,14
6421,2025-04-05,131,51,0,1,0,50
6422,2025-04-05,132,0,0,0,0,0
6423,2025-04-05,133,0,0,0,0,0
6424,2025-04-05,134,18,0,1,0,17
6425,2025-04-05,135,17,0,1,0,16
6426,2025-04-05,136,0,0,0,0,0
6427,2025-04-05,137,0,0,0,0,0
6428,2025-04-05,138,8,0,1,0,7
6429,2025-04-05,139,23,0,0,0,23
6430,2025-04-05,140,0,0,0,0,0
6431,2025-04-05,141,20,0,2,0,18
6432,2025-04-05,142,30,0,0,0,30
6433,2025-04-05,143,43,0,2,0,41
6434,2025-04-05,144,0,0,0,0,0
6435,2025-04-05,145,14,0,0,0,14
6436,2025-04-05,146,3,0,0,0,3
6437,2025-04-05,147,0,0,0,0,0
6438,2025-04-05,148,5,0,0,0,5
6439,2025-04-05,149,18,0,0,0,18
6440,2025-04-05,150,9,0,0,0,9
6441,2025-04-05,151,41,0,0,0,41
6442,2025-04-05,152,23,0,1,0,22
6443,2025-04-05,153,0,0,0,0,0
6444,2025-04-05,154,0,0,0,0,0
6445,2025-04-05,155,6,0,0,0,6
6446,2025-04-05,156,17,0,1,0,16
6447,2025-04-05,157,30,0,0,0,30
6448,2025-04-05,158,19,0,1,0,18
6449,2025-04-05,159,16,0,1,0,15
6450,2025-04-05,160,30,0,0,0,30
6451,2025-04-05,161,22,0,0,0,22
6452,2025-04-05,162,0,0,0,0,0
6453,2025-04-05,163,3,9,0,0,12
6454,2025-04-05,164,13,0,0,0,13
6455,2025-04-05,165,11,0,0,0,11
6456,2025-04-05,166,53,0,0,0,53
6457,2025-04-05,167,20,0,1,0,19
6458,2025-04-05,168,14,0,1,0,13
6459,2025-04-05,169,13,0,0,0,13
6460,2025-04-05,170,27,0,0,0,27
6461,2025-04-06,101,20,0,0,0,20
6462,2025-04-06,102,0,0,0,0,0
6463,2025-04-06,103,0,0,0,0,0
6464,2025-04-06,104,14,0,1,0,13
6465,2025-04-06,105,6,16,0,0,22
6466,2025-04-06,106,25,0,1,0,24
6467,2025-04-06,108,16,0,1,0,15
6468,2025-04-06,109,13,0,2,0,11
6469,2025-04-06,110,15,0,0,0,15
6470,2025-04-06,112,47,0,1,0,46
6471,2025-04-06,113,0,0,0,0,0
6472,2025-04-06,114,8,0,0,0,8
6473,2025-04-06,115,0,0,0,0,0
6474,2025-04-06,116,24,0,0,0,24
6475,2025-04-06,117,12,0,0,0,12
6476,2025-04-06,118,9,43,3,0,49
6477,2025-04-06,119,20,0,2,0,18
6478,2025-04-06,120,0,0,0,0,0
6479,2025-04-06,121,0,0,0,0,0
6480,2025-04-06,122,11,0,0,0,11
6481,2025-04-06,123,15,0,1,0,14
6482,2025-04-06,124,0,0,0,0,0
6483,2025-04-06,125,7,0,0,0,7
6484,2025-04-06,126,6,0,0,0,6
6485,2025-04-06,127,12,0,0,0,12
6486,2025-04-06,128,0,0,0,0,0
6487,2025-04-06,129,6,0,0,0,6
6488,2025-04-06,130,14,0,0,0,14
6489,2025-04-06,131,50,0,0,0,50
6490,2025-04-06,132,0,0,0,0,0
6491,2025-04-06,133,0,0,0,0,0
6492,2025-04-06,134,17,0,0,0,17
6493,2025-04-06,135,16,0,0,0,16
6494,2025-04-06,136,0,0,0,0,0
6495,2025-04-06,137,0,0,0,0,0
6496,2025-04-06,138,7,0,0,0,7
6497,2025-04-06,139,23,0,0,0,23
6498,2025-04-06,140,0,0,0,0,0
6499,2025-04-06,141,18,0,0,0,18
6500,2025-04-06,142,30,0,1,0,29
6501,2025-04-06,143,41,0,1,0,40
6502,2025-04-06,144,0,0,0,0,0
6503,2025-04-06,145,14,0,1,0,13
6504,2025-04-06,146,3,13,1,0,15
6505,2025-04-06,147,0,0,0,0,0
6506,2025-04-06,148,5,0,0,0,5
6507,2025-04-06,149,18,0,2,0,16
6508,2025-04-06,150,9,0,0,0,9
6509,2025-04-06,151,41,0,2,0,39
6510,2025-04-06,152,22,0,1,0,21
6511,2025-04-06,153,0,0,0,0,0
6512,2025-04-06,154,0,0,0,0,0
6513,2025-04-06,155,6,0,0,-3,3
6514,2025-04-06,156,16,0,0,0,16
6515,2025-04-06,157,30,0,0,0,30
6516,2025-04-06,158,18,0,0,0,18
6517,2025-04-06,159,15,0,2,0,13
6518,2025-04-06,160,30,0,1,0,29
6519,2025-04-06,161,22,0,0,0,22
6520,2025-04-06,162,0,0,0,0,0
6521,2025-04-06,163,12,0,0,0,12
6522,2025-04-06,164,13,0,0,0,13
6523,2025-04-06,165,11,0,0,0,11
6524,2025-04-06,166,53,0,2,0,51
6525,2025-04-06,167,19,0,0,0,19
6526,2025-04-06,168,13,0,1,0,12
6527,2025-04-06,169,13,0,0,0,13
6528,2025-04-06,170,27,0,0,0,27
6529,2025-04-07,101,20,0,0,0,20
6530,2025-04-07,102,0,0,0,0,0
6531,2025-04-07,103,0,0,0,0,0
6532,2025-04-07,104,13,0,0,0,13
6533,2025-04-07,105,22,0,0,0,22
6534,2025-04-07,106,24,0,0,0,24
6535,2025-04-07,108,15,0,0,0,15
6536,2025-04-07,109,11,0,0,0,11
6537,2025-04-07,110,15,0,1,0,14
6538,2025-04-07,112,46,0,1,0,45
6539,2025-04-07,113,0,0,0,0,0
6540,2025-04-07,114,8,0,0,0,8
6541,2025-04-07,115,0,0,0,0,0
6542,2025-04-07,116,24,0,0,0,24
6543,2025-04-07,117,12,0,0,0,12
6544,2025-04-07,118,49,0,0,0,49
6545,2025-04-07,119,18,0,1,0,17
6546,2025-04-07,120,0,0,0,0,0
6547,2025-04-07,121,0,0,0,0,0
6548,2025-04-07,122,11,0,0,0,11
6549,2025-04-07,123,14,0,1,0,13
6550,2025-04-07,124,0,0,0,0,0
6551,2025-04-07,125,7,0,0,0,7
6552,2025-04-07,126,6,0,0,0,6
6553,2025-04-07,127,12,0,0,0,12
6554,2025-04-07,128,0,0,0,0,0
6555,2025-04-07,129,6,0,0,0,6
6556,2025-04-07,130,14,0,0,0,14
6557,2025-04-07,131,50,0,0,0,50
6558,2025-04-07,132,0,0,0,0,0
6559,2025-04-07,133,0,0,0,0,0
6560,2025-04-07,134,17,0,3,0,14
6561,2025-04-07,135,16,0,0,0,16
6562,2025-04-07,136,0,0,0,0,0
6563,2025-04-07,137,0,0,0,0,0
6564,2025-04-07,138,7,0,1,0,6
6565,2025-04-07,139,23,0,2,0,21
6566,2025-04-07,140,0,0,0,0,0
6567,2025-04-07,141,18,0,0,0,18
6568,2025-04-07,142,29,0,2,0,27
6569,2025-04-07,143,40,0,4,0,36
6570,2025-04-07,144,0,0,0,0,0
6571,2025-04-07,145,13,0,0,0,13
6572,2025-04-07,146,15,0,0,0,15
6573,2025-04-07,147,0,0,0,0,0
6574,2025-04-07,148,5,0,0,0,5
6575,2025-04-07,149,16,0,2,0,14
6576,2025-04-07,150,9,0,0,0,9
6577,2025-04-07,151,39,0,1,0,38
6578,2025-04-07,152,21,0,1,0,20
6579,2025-04-07,153,0,0,0,0,0
6580,2025-04-07,154,0,0,0,0,0
6581,2025-04-07,155,3,0,0,0,3
6582,2025-04-07,156,16,0,2,0,14
6583,2025-04-07,157,30,0,0,0,30
6584,2025-04-07,158,18,0,1,0,17
6585,2025-04-07,159,13,0,2,0,11
6586,2025-04-07,160,29,0,1,0,28
6587,2025-04-07,161,22,0,0,0,22
6588,2025-04-07,162,0,0,0,0,0
6589,2025-04-07,163,12,0,0,0,12
6590,2025-04-07,164,13,0,0,0,13
6591,2025-04-07,165,11,0,0,0,11
6592,2025-04-07,166,51,0,0,0,51
6593,2025-04-07,167,19,0,0,0,19
6594,2025-04-07,168,12,0,0,0,12
6595,2025-04-07,169,13,0,0,0,13
6596,2025-04-07,170,27,0,1,0,26
6597,2025-04-08,101,20,0,0,0,20
6598,2025-04-08,102,0,0,0,0,0
6599,2025-04-08,103,0,0,0,0,0
6600,2025-04-08,104,13,0,1,0,12
6601,2025-04-08,105,22,0,1,0,21
6602,2025-04-08,106,24,0,3,0,21
6603,2025-04-08,108,15,0,2,0,13
6604,2025-04-08,109,11,0,0,0,11
6605,2025-04-08,110,14,0,1,0,13
6606,2025-04-08,112,45,0,0,0,45
6607,2025-04-08,113,0,0,0,0,0
6608,2025-04-08,114,8,0,0,0,8
6609,2025-04-08,115,0,0,0,0,0
6610,2025-04-08,116,24,0,2,0,22
6611,2025-04-08,117,12,0,0,0,12
6612,2025-04-08,118,49,0,1,0,48
6613,2025-04-08,119,17,0,3,0,14
6614,2025-04-08,120,0,0,0,0,0
6615,2025-04-08,121,0,0,0,0,0
6616,2025-04-08,122,11,0,0,0,11
6617,2025-04-08,123,13,0,0,0,13
6618,2025-04-08,124,0,0,0,0,0
6619,2025-04-08,125,7,0,0,0,7
6620,2025-04-08,126,6,0,0,0,6
6621,2025-04-08,127,12,0,0,0,12
6622,2025-04-08,128,0,0,0,0,0
6623,2025-04-08,129,6,0,0,0,6
6624,2025-04-08,130,14,0,1,0,13
6625,2025-04-08,131,50,0,1,0,49
6626,2025-04-08,132,0,0,0,0,0
6627,2025-04-08,133,0,0,0,0,0
6628,2025-04-08,134,14,0,0,0,14
6629,2025-04-08,135,16,0,1,0,15
6630,2025-04-08,136,0,0,0,0,0
6631,2025-04-08,137,0,0,0,0,0
6632,2025-04-08,138,6,19,0,0,25
6633,2025-04-08,139,21,0,2,0,19
6634,2025-04-08,140,0,0,0,0,0
6635,2025-04-08,141,18,0,0,0,18
6636,2025-04-08,142,27,0,1,0,26
6637,2025-04-08,143,36,0,0,0,36
6638,2025-04-08,144,0,0,0,0,0
6639,2025-04-08,145,13,0,0,0,13
6640,2025-04-08,146,15,0,0,0,15
6641,2025-04-08,147,0,0,0,0,0
6642,2025-04-08,148,5,0,1,0,4
6643,2025-04-08,149,14,0,0,0,14
6644,2025-04-08,150,9,0,0,0,9
6645,2025-04-08,151,38,0,1,0,37
6646,2025-04-08,152,20,0,0,0,20
6647,2025-04-08,153,0,0,0,0,0
6648,2025-04-08,154,0,0,0,0,0
6649,2025-04-08,155,3,0,0,0,3
6650,2025-04-08,156,14,0,0,0,14
6651,2025-04-08,157,30,0,0,0,30
6652,2025-04-08,158,17,0,1,0,16
6653,2025-04-08,159,11,0,0,0,11
6654,2025-04-08,160,28,0,0,0,28
6655,2025-04-08,161,22,0,1,0,21
6656,2025-04-08,162,0,0,0,0,0
6657,2025-04-08,163,12,0,0,0,12
6658,2025-04-08,164,13,0,1,0,12
6659,2025-04-08,165,11,0,1,0,10
6660,2025-04-08,166,51,0,1,0,50
6661,2025-04-08,167,19,0,3,0,16
6662,2025-04-08,168,12,0,0,0,12
6663,2025-04-08,169,13,0,1,0,12
6664,2025-04-08,170,26,0,1,0,25
6665,2025-04-09,101,20,0,2,0,18
6666,2025-04-09,102,0,0,0,0,0
6667,2025-04-09,103,0,0,0,0,0
6668,2025-04-09,104,12,0,0,0,12
6669,2025-04-09,105,21,0,3,0,18
6670,2025-04-09,106,21,0,0,0,21
6671,2025-04-09,108,13,0,0,0,13
6672,2025-04-09,109,11,0,1,0,10
6673,2025-04-09,110,13,40,3,0,50
6674,2025-04-09,112,45,0,0,0,45
6675,2025-04-09,113,0,0,0,0,0
6676,2025-04-09,114,8,0,0,0,8
6677,2025-04-09,115,0,0,0,0,0
6678,2025-04-09,116,22,0,0,0,22
6679,2025-04-09,117,12,0,0,0,12
6680,2025-04-09,118,48,0,0,0,48
6681,2025-04-09,119,14,0,3,0,11
6682,2025-04-09,120,0,0,0,0,0
6683,2025-04-09,121,0,0,0,0,0
6684,2025-04-09,122,11,0,0,0,11
6685,2025-04-09,123,13,0,0,0,13
6686,2025-04-09,124,0,0,0,0,0
6687,2025-04-09,125,7,0,1,0,6
6688,2025-04-09,126,6,0,0,-1,5
6689,2025-04-09,127,12,0,0,0,12
6690,2025-04-09,128,0,0,0,0,0
6691,2025-04-09,129,6,0,0,0,6
6692,2025-04-09,130,13,0,0,0,13
6693,2025-04-09,131,49,0,1,0,48
6694,2025-04-09,132,0,0,0,0,0
6695,2025-04-09,133,0,0,0,0,0
6696,2025-04-09,134,14,0,1,0,13
6697,2025-04-09,135,15,0,4,0,11
6698,2025-04-09,136,0,0,0,0,0
6699,2025-04-09,137,0,0,0,0,0
6700,2025-04-09,138,25,0,0,0,25
6701,2025-04-09,139,19,0,2,0,17
6702,2025-04-09,140,0,0,0,0,0
6703,2025-04-09,141,18,0,0,0,18
6704,2025-04-09,142,26,0,2,0,24
6705,2025-04-09,143,36,0,1,0,35
6706,2025-04-09,144,0,0,0,0,0
6707,2025-04-09,145,13,0,0,0,13
6708,2025-04-09,146,15,0,0,0,15
6709,2025-04-09,147,0,0,0,0,0
6710,2025-04-09,148,4,0,0,0,4
6711,2025-04-09,149,14,0,0,0,14
6712,2025-04-09,150,9,0,0,0,9
6713,2025-04-09,151,37,0,2,0,35
6714,2025-04-09,152,20,0,0,0,20
6715,2025-04-09,153,0,0,0,0,0
6716,2025-04-09,154,0,0,0,0,0
6717,2025-04-09,155,3,0,0,0,3
6718,2025-04-09,156,14,43,1,0,56
6719,2025-04-09,157,30,0,1,0,29
6720,2025-04-09,158,16,0,1,0,15
6721,2025-04-09,159,11,43,2,0,52
6722,2025-04-09,160,28,0,0,0,28
6723,2025-04-09,161,21,0,0,0,21
6724,2025-04-09,162,0,0,0,0,0
6725,2025-04-09,163,12,0,0,0,12
6726,2025-04-09,164,12,0,0,0,12
6727,2025-04-09,165,10,0,0,0,10
6728,2025-04-09,166,50,0,3,0,47
6729,2025-04-09,167,16,0,2,0,14
6730,2025-04-09,168,12,0,0,0,12
6731,2025-04-09,169,12,0,0,0,12
6732,2025-04-09,170,25,0,1,0,24
6733,2025-04-10,101,18,0,0,0,18
6734,2025-04-10,102,0,0,0,0,0
6735,2025-04-10,103,0,0,0,0,0
6736,2025-04-10,104,12,0,0,-2,10
6737,2025-04-10,105,18,0,0,0,18
6738,2025-04-10,106,21,0,0,0,21
6739,2025-04-10,108,13,0,0,0,13
6740,2025-04-10,109,10,0,1,0,9
6741,2025-04-10,110,50,0,1,0,49
6742,2025-04-10,112,45,0,3,0,42
6743,2025-04-10,113,0,0,0,0,0
6744,2025-04-10,114,8,0,0,0,8
6745,2025-04-10,115,0,0,0,0,0
6746,2025-04-10,116,22,0,2,0,20
6747,2025-04-10,117,12,0,0,0,12
6748,2025-04-10,118,48,0,0,0,48
6749,2025-04-10,119,11,41,0,0,52
6750,2025-04-10,120,0,0,0,0,0
6751,2025-04-10,121,0,0,0,0,0
6752,2025-04-10,122,11,0,0,0,11
6753,2025-04-10,123,13,0,0,0,13
6754,2025-04-10,124,0,0,0,0,0
6755,2025-04-10,125,6,0,0,0,6
6756,2025-04-10,126,5,0,1,0,4
6757,2025-04-10,127,12,0,1,0,11
6758,2025-04-10,128,0,0,0,0,0
6759,2025-04-10,129,6,0,1,0,5
6760,2025-04-10,130,13,0,0,0,13
6761,2025-04-10,131,48,0,2,0,46
6762,2025-04-10,132,0,0,0,0,0
6763,2025-04-10,133,0,0,0,0,0
6764,2025-04-10,134,13,0,0,0,13
6765,2025-04-10,135,11,0,1,0,10
6766,2025-04-10,136,0,0,0,0,0
6767,2025-04-10,137,0,0,0,0,0
6768,2025-04-10,138,25,0,1,0,24
6769,2025-04-10,139,17,0,1,0,16
6770,2025-04-10,140,0,0,0,0,0
6771,2025-04-10,141,18,0,0,0,18
6772,2025-04-10,142,24,0,0,0,24
6773,2025-04-10,143,35,0,5,0,30
6774,2025-04-10,144,0,0,0,0,0
6775,2025-04-10,145,13,0,2,0,11
6776,2025-04-10,146,15,0,0,0,15
6777,2025-04-10,147,0,0,0,0,0
6778,2025-04-10,148,4,0,0,0,4
6779,2025-04-10,149,14,0,1,0,13
6780,2025-04-10,150,9,0,0,0,9
6781,2025-04-10,151,35,0,1,0,34
6782,2025-04-10,152,20,0,0,0,20
6783,2025-04-10,153,0,0,0,0,0
6784,2025-04-10,154,0,0,0,0,0
6785,2025-04-10,155,3,0,0,0,3
6786,2025-04-10,156,56,0,1,0,55
6787,2025-04-10,157,29,0,0,0,29
6788,2025-04-10,158,15,0,2,0,13
6789,2025-04-10,159,52,0,5,0,47
6790,2025-04-10,160,28,0,1,0,27
6791,2025-04-10,161,21,0,3,0,18
6792,2025-04-10,162,0,0,0,0,0
6793,2025-04-10,163,12,0,0,0,12
6794,2025-04-10,164,12,0,0,0,12
6795,2025-04-10,165,10,0,0,0,10
6796,2025-04-10,166,47,0,0,0,47
6797,2025-04-10,167,14,0,1,0,13
6798,2025-04-10,168,12,0,1,0,11
6799,2025-04-10,169,12,0,0,0,12
6800,2025-04-10,170,24,0,4,0,20
6801,2025-04-11,101,18,0,1,0,17
6802,2025-04-11,102,0,0,0,0,0
6803,2025-04-11,103,0,0,0,0,0
6804,2025-04-11,104,10,0,0,0,10
6805,2025-04-11,105,18,0,0,0,18
6806,2025-04-11,106,21,0,2,0,19
6807,2025-04-11,108,13,0,0,0,13
6808,2025-04-11,109,9,0,0,0,9
6809,2025-04-11,110,49,0,0,0,49
6810,2025-04-11,112,42,0,2,-1,39
6811,2025-04-11,113,0,0,0,0,0
6812,2025-04-11,114,8,0,0,0,8
6813,2025-04-11,115,0,0,0,0,0
6814,2025-04-11,116,20,0,1,0,19
6815,2025-04-11,117,12,0,1,0,11
6816,2025-04-11,118,48,0,2,0,46
6817,2025-04-11,119,52,0,0,0,52
6818,2025-04-11,120,0,0,0,0,0
6819,2025-04-11,121,0,0,0,0,0
6820,2025-04-11,122,11,0,0,0,11
6821,2025-04-11,123,13,0,2,0,11
6822,2025-04-11,124,0,0,0,0,0
6823,2025-04-11,125,6,0,1,0,5
6824,2025-04-11,126,4,0,1,0,3
6825,2025-04-11,127,11,0,0,0,11
6826,2025-04-11,128,0,0,0,0,0
6827,2025-04-11,129,5,0,0,0,5
6828,2025-04-11,130,13,0,0,0,13
6829,2025-04-11,131,46,0,0,0,46
6830,2025-04-11,132,0,0,0,0,0
6831,2025-04-11,133,0,0,0,0,0
6832,2025-04-11,134,13,0,0,0,13
6833,2025-04-11,135,10,0,0,0,10
6834,2025-04-11,136,0,0,0,0,0
6835,2025-04-11,137,0,0,0,0,0
6836,2025-04-11,138,24,0,0,0,24
6837,2025-04-11,139,16,0,1,0,15
6838,2025-04-11,140,0,0,0,0,0
6839,2025-04-11,141,18,0,0,0,18
6840,2025-04-11,142,24,0,0,0,24
6841,2025-04-11,143,30,0,3,0,27
6842,2025-04-11,144,0,0,0,0,0
6843,2025-04-11,145,11,0,0,0,11
6844,2025-04-11,146,15,0,1,0,14
6845,2025-04-11,147,0,0,0,0,0
6846,2025-04-11,148,4,10,0,0,14
6847,2025-04-11,149,13,0,1,0,12
6848,2025-04-11,150,9,0,0,0,9
6849,2025-04-11,151,34,0,2,0,32
6850,2025-04-11,152,20,0,2,0,18
6851,2025-04-11,153,0,0,0,0,0
6852,2025-04-11,154,0,0,0,0,0
6853,2025-04-11,155,3,9,0,0,12
6854,2025-04-11,156,55,0,0,0,55
6855,2025-04-11,157,29,0,0,0,29
6856,2025-04-11,158,13,40,1,0,52
6857,2025-04-11,159,47,0,0,0,47
6858,2025-04-11,160,27,0,0,0,27
6859,2025-04-11,161,18,0,0,0,18
6860,2025-04-11,162,0,0,0,0,0
6861,2025-04-11,163,12,0,0,0,12
6862,2025-04-11,164,12,0,0,0,12
6863,2025-04-11,165,10,0,0,0,10
6864,2025-04-11,166,47,0,0,0,47
6865,2025-04-11,167,13,0,2,0,11
6866,2025-04-11,168,11,0,0,0,11
6867,2025-04-11,169,12,0,1,0,11
6868,2025-04-11,170,20,0,1,0,19
6869,2025-04-12,101,17,0,0,0,17
6870,2025-04-12,102,0,0,0,0,0
6871,2025-04-12,103,0,0,0,0,0
6872,2025-04-12,104,10,0,2,0,8
6873,2025-04-12,105,18,0,1,0,17
6874,2025-04-12,106,19,0,1,0,18
6875,2025-04-12,108,13,0,1,0,12
6876,2025-04-12,109,9,0,0,0,9
6877,2025-04-12,110,49,0,0,0,49
6878,2025-04-12,112,39,0,2,0,37
6879,2025-04-12,113,0,0,0,0,0
6880,2025-04-12,114,8,0,0,0,8
6881,2025-04-12,115,0,0,0,0,0
6882,2025-04-12,116,19,0,0,0,19
6883,2025-04-12,117,11,0,2,0,9
6884,2025-04-12,118,46,0,0,0,46
6885,2025-04-12,119,52,0,1,0,51
6886,2025-04-12,120,0,0,0,0,0
6887,2025-04-12,121,0,0,0,0,0
6888,2025-04-12,122,11,0,1,0,10
6889,2025-04-12,123,11,0,1,0,10
6890,2025-04-12,124,0,0,0,0,0
6891,2025-04-12,125,5,0,0,0,5
6892,2025-04-12,126,3,0,0,-2,1
6893,2025-04-12,127,11,0,0,0,11
6894,2025-04-12,128,0,0,0,0,0
6895,2025-04-12,129,5,0,0,0,5
6896,2025-04-12,130,13,0,0,0,13
6897,2025-04-12,131,46,0,1,0,45
6898,2025-04-12,132,0,0,0,0,0
6899,2025-04-12,133,0,0,0,0,0
6900,2025-04-12,134,13,0,0,0,13
6901,2025-04-12,135,10,0,1,0,9
6902,2025-04-12,136,0,0,0,0,0
6903,2025-04-12,137,0,0,0,0,0
6904,2025-04-12,138,24,0,0,0,24
6905,2025-04-12,139,15,0,0,0,15
6906,2025-04-12,140,0,0,0,0,0
6907,2025-04-12,141,18,0,0,0,18
6908,2025-04-12,142,24,0,2,0,22
6909,2025-04-12,143,27,0,0,0,27
6910,2025-04-12,144,0,0,0,0,0
6911,2025-04-12,145,11,0,0,0,11
6912,2025-04-12,146,14,0,0,0,14
6913,2025-04-12,147,0,0,0,0,0
6914,2025-04-12,148,14,0,0,0,14
6915,2025-04-12,149,12,0,0,0,12
6916,2025-04-12,150,9,0,0,0,9
6917,2025-04-12,151,32,0,3,0,29
6918,2025-04-12,152,18,0,0,0,18
6919,2025-04-12,153,0,0,0,0,0
6920,2025-04-12,154,0,0,0,0,0
6921,2025-04-12,155,12,0,0,0,12
6922,2025-04-12,156,55,0,0,0,55
6923,2025-04-12,157,29,0,0,0,29
6924,2025-04-12,158,52,0,2,0,50
6925,2025-04-12,159,47,0,1,0,46
6926,2025-04-12,160,27,0,0,0,27
6927,2025-04-12,161,18,0,0,0,18
6928,2025-04-12,162,0,0,0,0,0
6929,2025-04-12,163,12,0,0,0,12
6930,2025-04-12,164,12,0,0,0,12
6931,2025-04-12,165,10,0,0,0,10
6932,2025-04-12,166,47,0,0,0,47
6933,2025-04-12,167,11,40,3,0,48
6934,2025-04-12,168,11,0,1,0,10
6935,2025-04-12,169,11,0,0,0,11
6936,2025-04-12,170,19,0,4,0,15
6937,2025-04-13,101,17,0,1,0,16
6938,2025-04-13,102,0,0,0,0,0
6939,2025-04-13,103,0,0,0,0,0
6940,2025-04-13,104,8,0,1,0,7
6941,2025-04-13,105,17,0,0,0,17
6942,2025-04-13,106,18,0,2,0,16
6943,2025-04-13,108,12,0,1,0,11
6944,2025-04-13,109,9,0,0,0,9
6945,2025-04-13,110,49,0,1,0,48
6946,2025-04-13,112,37,0,1,0,36
6947,2025-04-13,113,0,0,0,0,0
6948,2025-04-13,114,8,0,0,0,8
6949,2025-04-13,115,0,0,0,0,0
6950,2025-04-13,116,19,0,1,0,18
6951,2025-04-13,117,9,0,1,0,8
6952,2025-04-13,118,46,0,0,0,46
6953,2025-04-13,119,51,0,1,0,50
6954,2025-04-13,120,0,0,0,0,0
6955,2025-04-13,121,0,0,0,0,0
6956,2025-04-13,122,10,0,1,0,9
6957,2025-04-13,123,10,0,1,0,9
6958,2025-04-13,124,0,0,0,0,0
6959,2025-04-13,125,5,0,0,0,5
6960,2025-04-13,126,1,10,0,0,11
6961,2025-04-13,127,11,0,1,0,10
6962,2025-04-13,128,0,0,0,0,0
6963,2025-04-13,129,5,0,0,0,5
6964,2025-04-13,130,13,0,0,0,13
6965,2025-04-13,131,45,0,4,0,41
6966,2025-04-13,132,0,0,0,0,0
6967,2025-04-13,133,0,0,0,0,0
6968,2025-04-13,134,13,0,1,0,12
6969,2025-04-13,135,9,0,2,0,7
6970,2025-04-13,136,0,0,0,0,0
6971,2025-04-13,137,0,0,0,0,0
6972,2025-04-13,138,24,0,1,0,23
6973,2025-04-13,139,15,0,0,0,15
6974,2025-04-13,140,0,0,0,0,0
6975,2025-04-13,141,18,0,0,0,18
6976,2025-04-13,142,22,0,2,0,20
6977,2025-04-13,143,27,0,0,0,27
6978,2025-04-13,144,0,0,0,0,0
6979,2025-04-13,145,11,0,0,0,11
6980,2025-04-13,146,14,0,1,0,13
6981,2025-04-13,147,0,0,0,0,0
6982,2025-04-13,148,14,0,0,0,14
6983,2025-04-13,149,12,0,0,0,12
6984,2025-04-13,150,9,0,0,0,9
6985,2025-04-13,151,29,0,3,0,26
6986,2025-04-13,152,18,0,1,0,17
6987,2025-04-13,153,0,0,0,0,0
6988,2025-04-13,154,0,0,0,0,0
6989,2025-04-13,155,12,0,0,0,12
6990,2025-04-13,156,55,0,0,0,55
6991,2025-04-13,157,29,0,0,0,29
6992,2025-04-13,158,50,0,1,0,49
6993,2025-04-13,159,46,0,1,0,45
6994,2025-04-13,160,27,0,0,0,27
6995,2025-04-13,161,18,0,3,0,15
6996,2025-04-13,162,0,0,0,0,0
6997,2025-04-13,163,12,0,0,0,12
6998,2025-04-13,164,12,0,0,0,12
6999,2025-04-13,165,10,0,0,0,10
7000,2025-04-13,166,47,0,1,0,46
7001,2025-04-13,167,48,0,2,0,46
7002,2025-04-13,168,10,0,1,0,9
7003,2025-04-13,169,11,0,0,0,11
7004,2025-04-13,170,15,0,3,0,12
7005,2025-04-14,101,16,0,1,0,15
7006,2025-04-14,102,0,0,0,0,0
7007,2025-04-14,103,0,0,0,0,0
7008,2025-04-14,104,7,0,1,0,6
7009,2025-04-14,105,17,0,0,0,17
7010,2025-04-14,106,16,0,2,0,14
7011,2025-04-14,108,11,0,0,0,11
7012,2025-04-14,109,9,0,1,0,8
7013,2025-04-14,110,48,0,1,0,47
7014,2025-04-14,112,36,0,2,0,34
7015,2025-04-14,113,0,0,0,0,0
7016,2025-04-14,114,8,0,0,0,8
7017,2025-04-14,115,0,0,0,0,0
7018,2025-04-14,116,18,0,1,0,17
7019,2025-04-14,117,8,0,2,0,6
7020,2025-04-14,118,46,0,0,0,46
7021,2025-04-14,119,50,0,3,0,47
7022,2025-04-14,120,0,0,0,0,0
7023,2025-04-14,121,0,0,0,0,0
7024,2025-04-14,122,9,0,0,0,9
7025,2025-04-14,123,9,0,1,0,8
7026,2025-04-14,124,0,0,0,0,0
7027,2025-04-14,125,5,0,0,0,5
7028,2025-04-14,126,11,0,1,0,10
7029,2025-04-14,127,10,0,0,0,10
7030,2025-04-14,128,0,0,0,0,0
7031,2025-04-14,129,5,0,0,0,5
7032,2025-04-14,130,13,0,0,0,13
7033,2025-04-14,131,41,0,1,0,40
7034,2025-04-14,132,0,0,0,0,0
7035,2025-04-14,133,0,0,0,0,0
7036,2025-04-14,134,12,0,1,0,11
7037,2025-04-14,135,7,0,0,0,7
7038,2025-04-14,136,0,0,0,0,0
7039,2025-04-14,137,0,0,0,0,0
7040,2025-04-14,138,23,0,1,0,22
7041,2025-04-14,139,15,0,1,0,14
7042,2025-04-14,140,0,0,0,0,0
7043,2025-04-14,141,18,0,1,0,17
7044,2025-04-14,142,20,0,1,0,19
7045,2025-04-14,143,27,0,2,0,25
7046,2025-04-14,144,0,0,0,0,0
7047,2025-04-14,145,11,0,1,0,10
7048,2025-04-14,146,13,0,0,0,13
7049,2025-04-14,147,0,0,0,0,0
7050,2025-04-14,148,14,0,0,0,14
7051,2025-04-14,149,12,0,1,0,11
7052,2025-04-14,150,9,0,0,0,9
7053,2025-04-14,151,26,0,2,0,24
7054,2025-04-14,152,17,0,1,0,16
7055,2025-04-14,153,0,0,0,0,0
7056,2025-04-14,154,0,0,0,0,0
7057,2025-04-14,155,12,0,0,0,12
7058,2025-04-14,156,55,0,2,0,53
7059,2025-04-14,157,29,0,0,0,29
7060,2025-04-14,158,49,0,1,0,48
7061,2025-04-14,159,45,0,0,0,45
7062,2025-04-14,160,27,0,1,0,26
7063,2025-04-14,161,15,0,0,0,15
7064,2025-04-14,162,0,0,0,0,0
7065,2025-04-14,163,12,0,0,0,12
7066,2025-04-14,164,12,0,0,0,12
7067,2025-04-14,165,10,0,0,0,10
7068,2025-04-14,166,46,0,1,0,45
7069,2025-04-14,167,46,0,0,0,46
7070,2025-04-14,168,9,0,1,0,8
7071,2025-04-14,169,11,0,0,0,11
7072,2025-04-14,170,12,45,3,0,54
7073,2025-04-15,101,15,0,3,0,12
7074,2025-04-15,102,0,0,0,0,0
7075,2025-04-15,103,0,0,0,0,0
7076,2025-04-15,104,6,23,0,0,29
7077,2025-04-15,105,17,0,1,0,16
7078,2025-04-15,106,14,42,1,0,55
7079,2025-04-15,108,11,0,0,0,11
7080,2025-04-15,109,8,22,0,-2,28
7081,2025-04-15,110,47,0,1,0,46
7082,2025-04-15,112,34,0,0,0,34
7083,2025-04-15,113,0,0,0,0,0
7084,2025-04-15,114,8,0,0,0,8
7085,2025-04-15,115,0,0,0,0,0
7086,2025-04-15,116,17,0,0,0,17
7087,2025-04-15,117,6,0,1,0,5
7088,2025-04-15,118,46,0,0,0,46
7089,2025-04-15,119,47,0,2,0,45
7090,2025-04-15,120,0,0,0,0,0
7091,2025-04-15,121,0,0,0,0,0
7092,2025-04-15,122,9,0,0,0,9
7093,2025-04-15,123,8,0,0,0,8
7094,2025-04-15,124,0,0,0,0,0
7095,2025-04-15,125,5,0,0,0,5
7096,2025-04-15,126,10,0,1,0,9
7097,2025-04-15,127,10,0,0,0,10
7098,2025-04-15,128,0,0,0,0,0
7099,2025-04-15,129,5,0,0,0,5
7100,2025-04-15,130,13,0,0,0,13
7101,2025-04-15,131,40,0,1,0,39
7102,2025-04-15,132,0,0,0,0,0
7103,2025-04-15,133,0,0,0,0,0
7104,2025-04-15,134,11,0,0,0,11
7105,2025-04-15,135,7,0,0,0,7
7106,2025-04-15,136,0,0,0,0,0
7107,2025-04-15,137,0,0,0,0,0
7108,2025-04-15,138,22,0,0,0,22
7109,2025-04-15,139,14,0,1,0,13
7110,2025-04-15,140,0,0,0,0,0
7111,2025-04-15,141,17,0,0,0,17
7112,2025-04-15,142,19,0,2,0,17
7113,2025-04-15,143,25,0,1,0,24
7114,2025-04-15,144,0,0,0,0,0
7115,2025-04-15,145,10,0,0,0,10
7116,2025-04-15,146,13,0,0,0,13
7117,2025-04-15,147,0,0,0,0,0
7118,2025-04-15,148,14,0,0,0,14
7119,2025-04-15,149,11,0,2,0,9
7120,2025-04-15,150,9,0,0,0,9
7121,2025-04-15,151,24,0,1,0,23
7122,2025-04-15,152,16,0,0,0,16
7123,2025-04-15,153,0,0,0,0,0
7124,2025-04-15,154,0,0,0,0,0
7125,2025-04-15,155,12,0,0,0,12
7126,2025-04-15,156,53,0,3,0,50
7127,2025-04-15,157,29,0,0,0,29
7128,2025-04-15,158,48,0,1,0,47
7129,2025-04-15,159,45,0,2,0,43
7130,2025-04-15,160,26,0,0,0,26
7131,2025-04-15,161,15,0,1,0,14
7132,2025-04-15,162,0,0,0,0,0
7133,2025-04-15,163,12,0,0,0,12
7134,2025-04-15,164,12,0,1,0,11
7135,2025-04-15,165,10,0,0,0,10
7136,2025-04-15,166,45,0,0,0,45
7137,2025-04-15,167,46,0,1,0,45
7138,2025-04-15,168,8,24,0,0,32
7139,2025-04-15,169,11,0,0,0,11
7140,2025-04-15,170,54,0,1,0,53
7141,2025-04-16,101,12,0,0,0,12
7142,2025-04-16,102,0,0,0,0,0
7143,2025-04-16,103,0,0,0,0,0
7144,2025-04-16,104,29,0,0,0,29
7145,2025-04-16,105,16,0,0,0,16
7146,2025-04-16,106,55,0,1,0,54
7147,2025-04-16,108,11,0,0,0,11
7148,2025-04-16,109,28,0,0,0,28
7149,2025-04-16,110,46,0,0,0,46
7150,2025-04-16,112,34,0,0,0,34
7151,2025-04-16,113,0,0,0,0,0
7152,2025-04-16,114,8,0,0,0,8
7153,2025-04-16,115,0,0,0,0,0
7154,2025-04-16,116,17,0,2,0,15
7155,2025-04-16,117,5,0,0,0,5
7156,2025-04-16,118,46,0,2,0,44
7157,2025-04-16,119,45,0,2,0,43
7158,2025-04-16,120,0,0,0,0,0
7159,2025-04-16,121,0,0,0,0,0
7160,2025-04-16,122,9,0,0,0,9
7161,2025-04-16,123,8,0,0,0,8
7162,2025-04-16,124,0,0,0,0,0
7163,2025-04-16,125,5,0,0,0,5
7164,2025-04-16,126,9,0,0,0,9
7165,2025-04-16,127,10,0,1,0,9
7166,2025-04-16,128,0,0,0,0,0
7167,2025-04-16,129,5,0,0,0,5
7168,2025-04-16,130,13,0,0,0,13
7169,2025-04-16,131,39,0,2,0,37
7170,2025-04-16,132,0,0,0,0,0
7171,2025-04-16,133,0,0,0,0,0
7172,2025-04-16,134,11,0,0,0,11
7173,2025-04-16,135,7,0,0,0,7
7174,2025-04-16,136,0,0,0,0,0
7175,2025-04-16,137,0,0,0,0,0
7176,2025-04-16,138,22,0,1,0,21
7177,2025-04-16,139,13,0,2,0,11
7178,2025-04-16,140,0,0,0,0,0
7179,2025-04-16,141,17,0,2,0,15
7180,2025-04-16,142,17,0,2,0,15
7181,2025-04-16,143,24,0,1,0,23
7182,2025-04-16,144,0,0,0,0,0
7183,2025-04-16,145,10,0,1,0,9
7184,2025-04-16,146,13,0,0,0,13
7185,2025-04-16,147,0,0,0,0,0
7186,2025-04-16,148,14,0,0,0,14
7187,2025-04-16,149,9,0,1,0,8
7188,2025-04-16,150,9,0,0,0,9
7189,2025-04-16,151,23,0,1,0,22
7190,2025-04-16,152,16,0,0,0,16
7191,2025-04-16,153,0,0,0,0,0
7192,2025-04-16,154,0,0,0,0,0
7193,2025-04-16,155,12,0,0,0,12
7194,2025-04-16,156,50,0,3,0,47
7195,2025-04-16,157,29,0,3,0,26
7196,2025-04-16,158,47,0,1,0,46
7197,2025-04-16,159,43,0,3,0,40
7198,2025-04-16,160,26,0,0,0,26
7199,2025-04-16,161,14,0,0,0,14
7200,2025-04-16,162,0,0,0,0,0
7201,2025-04-16,163,12,0,0,0,12
7202,2025-04-16,164,11,0,1,0,10
7203,2025-04-16,165,10,0,0,0,10
7204,2025-04-16,166,45,0,2,0,43
7205,2025-04-16,167,45,0,4,0,41
7206,2025-04-16,168,32,0,3,0,29
7207,2025-04-16,169,11,0,0,0,11
7208,2025-04-16,170,53,0,2,0,51
7209,2025-04-17,101,12,0,1,0,11
7210,2025-04-17,102,0,0,0,0,0
7211,2025-04-17,103,0,0,0,0,0
7212,2025-04-17,104,29,0,0,0,29
7213,2025-04-17,105,16,0,0,0,16
7214,2025-04-17,106,54,0,0,0,54
7215,2025-04-17,108,11,0,0,0,11
7216,2025-04-17,109,28,0,0,0,28
7217,2025-04-17,110,46,0,1,0,45
7218,2025-04-17,112,34,0,1,0,33
7219,2025-04-17,113,0,0,0,0,0
7220,2025-04-17,114,8,0,0,0,8
7221,2025-04-17,115,0,0,0,0,0
7222,2025-04-17,116,15,0,0,0,15
7223,2025-04-17,117,5,20,0,0,25
7224,2025-04-17,118,44,0,1,0,43
7225,2025-04-17,119,43,0,4,0,39
7226,2025-04-17,120,0,0,0,0,0
7227,2025-04-17,121,0,0,0,0,0
7228,2025-04-17,122,9,0,0,0,9
7229,2025-04-17,123,8,0,0,0,8
7230,2025-04-17,124,0,0,0,0,0
7231,2025-04-17,125,5,0,0,0,5
7232,2025-04-17,126,9,0,0,0,9
7233,2025-04-17,127,9,0,0,0,9
7234,2025-04-17,128,0,0,0,0,0
7235,2025-04-17,129,5,0,0,0,5
7236,2025-04-17,130,13,0,0,0,13
7237,2025-04-17,131,37,0,1,0,36
7238,2025-04-17,132,0,0,0,0,0
7239,2025-04-17,133,0,0,0,0,0
7240,2025-04-17,134,11,0,0,0,11
7241,2025-04-17,135,7,0,0,0,7
7242,2025-04-17,136,0,0,0,0,0
7243,2025-04-17,137,0,0,0,0,0
7244,2025-04-17,138,21,0,0,0,21
7245,2025-04-17,139,11,0,0,0,11
7246,2025-04-17,140,0,0,0,0,0
7247,2025-04-17,141,15,0,0,0,15
7248,2025-04-17,142,15,46,1,0,60
7249,2025-04-17,143,23,0,2,0,21
7250,2025-04-17,144,0,0,0,0,0
7251,2025-04-17,145,9,0,0,0,9
7252,2025-04-17,146,13,0,0,0,13
7253,2025-04-17,147,0,0,0,0,0
7254,2025-04-17,148,14,0,0,0,14
7255,2025-04-17,149,8,0,0,0,8
7256,2025-04-17,150,9,0,1,0,8
7257,2025-04-17,151,22,0,1,0,21
7258,2025-04-17,152,16,0,1,0,15
7259,2025-04-17,153,0,0,0,0,0
7260,2025-04-17,154,0,0,0,0,0
7261,2025-04-17,155,12,0,0,0,12
7262,2025-04-17,156,47,0,1,0,46
7263,2025-04-17,157,26,0,1,0,25
7264,2025-04-17,158,46,0,1,0,45
7265,2025-04-17,159,40,0,0,0,40
7266,2025-04-17,160,26,0,0,0,26
7267,2025-04-17,161,14,0,0,0,14
7268,2025-04-17,162,0,0,0,0,0
7269,2025-04-17,163,12,0,0,0,12
7270,2025-04-17,164,10,0,1,0,9
7271,2025-04-17,165,10,0,0,0,10
7272,2025-04-17,166,43,0,0,0,43
7273,2025-04-17,167,41,0,0,0,41
7274,2025-04-17,168,29,0,0,0,29
7275,2025-04-17,169,11,0,0,0,11
7276,2025-04-17,170,51,0,3,0,48
7277,2025-04-18,101,11,0,1,0,10
7278,2025-04-18,102,0,0,0,0,0
7279,2025-04-18,103,0,0,0,0,0
7280,2025-04-18,104,29,0,0,0,29
7281,2025-04-18,105,16,0,0,0,16
7282,2025-04-18,106,54,0,3,0,51
7283,2025-04-18,108,11,0,0,0,11
7284,2025-04-18,109,28,0,0,0,28
7285,2025-04-18,110,45,0,1,0,44
7286,2025-04-18,112,33,0,2,0,31
7287,2025-04-18,113,0,0,0,0,0
7288,2025-04-18,114,8,0,0,0,8
7289,2025-04-18,115,0,0,0,0,0
7290,2025-04-18,116,15,0,1,0,14
7291,2025-04-18,117,25,0,0,0,25
7292,2025-04-18,118,43,0,1,0,42
7293,2025-04-18,119,39,0,0,0,39
7294,2025-04-18,120,0,0,0,0,0
7295,2025-04-18,121,0,0,0,0,0
7296,2025-04-18,122,9,0,0,0,9
7297,2025-04-18,123,8,0,0,0,8
7298,2025-04-18,124,0,0,0,0,0
7299,2025-04-18,125,5,0,0,0,5
7300,2025-04-18,126,9,0,0,0,9
7301,2025-04-18,127,9,0,2,0,7
7302,2025-04-18,128,0,0,0,0,0
7303,2025-04-18,129,5,0,0,0,5
7304,2025-04-18,130,13,0,0,0,13
7305,2025-04-18,131,36,0,0,0,36
7306,2025-04-18,132,0,0,0,0,0
7307,2025-04-18,133,0,0,0,0,0
7308,2025-04-18,134,11,0,3,0,8
7309,2025-04-18,135,7,22,1,0,28
7310,2025-04-18,136,0,0,0,0,0
7311,2025-04-18,137,0,0,0,0,0
7312,2025-04-18,138,21,0,0,0,21
7313,2025-04-18,139,11,0,0,0,11
7314,2025-04-18,140,0,0,0,0,0
7315,2025-04-18,141,15,0,0,0,15
7316,2025-04-18,142,60,0,2,0,58
7317,2025-04-18,143,21,0,0,0,21
7318,2025-04-18,144,0,0,0,0,0
7319,2025-04-18,145,9,0,0,0,9
7320,2025-04-18,146,13,0,0,0,13
7321,2025-04-18,147,0,0,0,0,0
7322,2025-04-18,148,14,0,0,0,14
7323,2025-04-18,149,8,0,1,0,7
7324,2025-04-18,150,8,0,1,0,7
7325,2025-04-18,151,21,0,2,0,19
7326,2025-04-18,152,15,0,1,0,14
7327,2025-04-18,153,0,0,0,0,0
7328,2025-04-18,154,0,0,0,0,0
7329,2025-04-18,155,12,0,0,0,12
7330,2025-04-18,156,46,0,0,0,46
7331,2025-04-18,157,25,0,0,0,25
7332,2025-04-18,158,45,0,0,0,45
7333,2025-04-18,159,40,0,0,0,40
7334,2025-04-18,160,26,0,1,0,25
7335,2025-04-18,161,14,0,1,0,13
7336,2025-04-18,162,0,0,0,0,0
7337,2025-04-18,163,12,0,0,0,12
7338,2025-04-18,164,9,0,1,0,8
7339,2025-04-18,165,10,0,0,0,10
7340,2025-04-18,166,43,0,2,0,41
7341,2025-04-18,167,41,0,0,0,41
7342,2025-04-18,168,29,0,1,0,28
7343,2025-04-18,169,11,0,1,0,10
7344,2025-04-18,170,48,0,0,0,48
7345,2025-04-19,101,10,0,0,0,10
7346,2025-04-19,102,0,0,0,0,0
7347,2025-04-19,103,0,0,0,0,0
7348,2025-04-19,104,29,0,1,0,28
7349,2025-04-19,105,16,0,0,0,16
7350,2025-04-19,106,51,0,1,0,50
7351,2025-04-19,108,11,0,0,0,11
7352,2025-04-19,109,28,0,1,0,27
7353,2025-04-19,110,44,0,2,0,42
7354,2025-04-19,112,31,0,1,0,30
7355,2025-04-19,113,0,0,0,0,0
7356,2025-04-19,114,8,0,0,0,8
7357,2025-04-19,115,0,0,0,0,0
7358,2025-04-19,116,14,0,1,0,13
7359,2025-04-19,117,25,0,0,0,25
7360,2025-04-19,118,42,0,1,0,41
7361,2025-04-19,119,39,0,1,0,38
7362,2025-04-19,120,0,0,0,0,0
7363,2025-04-19,121,0,0,0,0,0
7364,2025-04-19,122,9,0,0,0,9
7365,2025-04-19,123,8,0,1,0,7
7366,2025-04-19,124,0,0,0,0,0
7367,2025-04-19,125,5,0,0,0,5
7368,2025-04-19,126,9,0,0,0,9
7369,2025-04-19,127,7,0,0,0,7
7370,2025-04-19,128,0,0,0,0,0
7371,2025-04-19,129,5,0,0,0,5
7372,2025-04-19,130,13,0,0,0,13
7373,2025-04-19,131,36,0,1,0,35
7374,2025-04-19,132,0,0,0,0,0
7375,2025-04-19,133,0,0,0,0,0
7376,2025-04-19,134,8,0,2,0,6
7377,2025-04-19,135,28,0,0,0,28
7378,2025-04-19,136,0,0,0,0,0
7379,2025-04-19,137,0,0,0,0,0
7380,2025-04-19,138,21,0,0,0,21
7381,2025-04-19,139,11,0,0,0,11
7382,2025-04-19,140,0,0,0,0,0
7383,2025-04-19,141,15,0,1,0,14
7384,2025-04-19,142,58,0,2,0,56
7385,2025-04-19,143,21,0,0,0,21
7386,2025-04-19,144,0,0,0,0,0
7387,2025-04-19,145,9,0,0,0,9
7388,2025-04-19,146,13,0,0,0,13
7389,2025-04-19,147,0,0,0,0,0
7390,2025-04-19,148,14,0,1,0,13
7391,2025-04-19,149,7,0,0,0,7
7392,2025-04-19,150,7,0,1,0,6
7393,2025-04-19,151,19,0,1,0,18
7394,2025-04-19,152,14,0,0,0,14
7395,2025-04-19,153,0,0,0,0,0
7396,2025-04-19,154,0,0,0,0,0
7397,2025-04-19,155,12,0,0,-3,9
7398,2025-04-19,156,46,0,1,0,45
7399,2025-04-19,157,25,0,0,0,25
7400,2025-04-19,158,45,0,2,0,43
7401,2025-04-19,159,40,0,4,0,36
7402,2025-04-19,160,25,0,0,0,25
7403,2025-04-19,161,13,0,0,0,13
7404,2025-04-19,162,0,0,0,0,0
7405,2025-04-19,163,12,0,0,0,12
7406,2025-04-19,164,8,0,2,0,6
7407,2025-04-19,165,10,0,0,0,10
7408,2025-04-19,166,41,0,2,0,39
7409,2025-04-19,167,41,0,2,0,39
7410,2025-04-19,168,28,0,2,0,26
7411,2025-04-19,169,10,0,0,0,10
7412,2025-04-19,170,48,0,2,0,46
7413,2025-04-20,101,10,0,0,0,10
7414,2025-04-20,102,0,0,0,0,0
7415,2025-04-20,103,0,0,0,0,0
7416,2025-04-20,104,28,0,0,0,28
7417,2025-04-20,105,16,0,0,0,16
7418,2025-04-20,106,50,0,1,0,49
7419,2025-04-20,108,11,0,0,0,11
7420,2025-04-20,109,27,0,0,0,27
7421,2025-04-20,110,42,0,0,0,42
7422,2025-04-20,112,30,0,0,0,30
7423,2025-04-20,113,0,0,0,0,0
7424,2025-04-20,114,8,0,0,0,8
7425,2025-04-20,115,0,0,0,0,0
7426,2025-04-20,116,13,0,0,0,13
7427,2025-04-20,117,25,0,0,0,25
7428,2025-04-20,118,41,0,1,0,40
7429,2025-04-20,119,38,0,0,0,38
7430,2025-04-20,120,0,0,0,0,0
7431,2025-04-20,121,0,0,0,0,0
7432,2025-04-20,122,9,0,0,0,9
7433,2025-04-20,123,7,0,1,0,6
7434,2025-04-20,124,0,0,0,0,0
7435,2025-04-20,125,5,0,0,0,5
7436,2025-04-20,126,9,0,0,0,9
7437,2025-04-20,127,7,0,0,0,7
7438,2025-04-20,128,0,0,0,0,0
7439,2025-04-20,129,5,0,0,0,5
7440,2025-04-20,130,13,0,1,0,12
7441,2025-04-20,131,35,0,0,0,35
7442,2025-04-20,132,0,0,0,0,0
7443,2025-04-20,133,0,0,0,0,0
7444,2025-04-20,134,6,0,0,0,6
7445,2025-04-20,135,28,0,0,0,28
7446,2025-04-20,136,0,0,0,0,0
7447,2025-04-20,137,0,0,0,0,0
7448,2025-04-20,138,21,0,0,0,21
7449,2025-04-20,139,11,0,0,0,11
7450,2025-04-20,140,0,0,0,0,0
7451,2025-04-20,141,14,0,1,0,13
7452,2025-04-20,142,56,0,1,0,55
7453,2025-04-20,143,21,0,1,0,20
7454,2025-04-20,144,0,0,0,0,0
7455,2025-04-20,145,9,0,0,0,9
7456,2025-04-20,146,13,0,2,0,11
7457,2025-04-20,147,0,0,0,0,0
7458,2025-04-20,148,13,0,0,0,13
7459,2025-04-20,149,7,19,0,0,26
7460,2025-04-20,150,6,0,0,0,6
7461,2025-04-20,151,18,0,1,0,17
7462,2025-04-20,152,14,0,0,0,14
7463,2025-04-20,153,0,0,0,0,0
7464,2025-04-20,154,0,0,0,0,0
7465,2025-04-20,155,9,0,0,0,9
7466,2025-04-20,156,45,0,1,0,44
7467,2025-04-20,157,25,0,1,0,24
7468,2025-04-20,158,43,0,2,0,41
7469,2025-04-20,159,36,0,0,0,36
7470,2025-04-20,160,25,0,1,0,24
7471,2025-04-20,161,13,0,0,0,13
7472,2025-04-20,162,0,0,0,0,0
7473,2025-04-20,163,12,0,0,0,12
7474,2025-04-20,164,6,0,1,0,5
7475,2025-04-20,165,10,0,0,0,10
7476,2025-04-20,166,39,0,1,0,38
7477,2025-04-20,167,39,0,1,0,38
7478,2025-04-20,168,26,0,0,0,26
7479,2025-04-20,169,10,0,0,0,10
7480,2025-04-20,170,46,0,0,0,46
7481,2025-04-21,101,10,0,0,0,10
7482,2025-04-21,102,0,0,0,0,0
7483,2025-04-21,103,0,0,0,0,0
7484,2025-04-21,104,28,0,1,0,27
7485,2025-04-21,105,16,0,0,0,16
7486,2025-04-21,106,49,0,1,0,48
7487,2025-04-21,108,11,0,0,0,11
7488,2025-04-21,109,27,0,0,0,27
7489,2025-04-21,110,42,0,1,0,41
7490,2025-04-21,112,30,0,1,0,29
7491,2025-04-21,113,0,0,0,0,0
7492,2025-04-21,114,8,0,0,0,8
7493,2025-04-21,115,0,0,0,0,0
7494,2025-04-21,116,13,0,0,0,13
7495,2025-04-21,117,25,0,0,0,25
7496,2025-04-21,118,40,0,1,0,39
7497,2025-04-21,119,38,0,1,0,37
7498,2025-04-21,120,0,0,0,0,0
7499,2025-04-21,121,0,0,0,0,0
7500,2025-04-21,122,9,0,0,0,9
7501,2025-04-21,123,6,0,0,0,6
7502,2025-04-21,124,0,0,0,0,0
7503,2025-04-21,125,5,0,0,0,5
7504,2025-04-21,126,9,0,0,0,9
7505,2025-04-21,127,7,0,1,0,6
7506,2025-04-21,128,0,0,0,0,0
7507,2025-04-21,129,5,0,0,0,5
7508,2025-04-21,130,12,0,0,0,12
7509,2025-04-21,131,35,0,2,0,33
7510,2025-04-21,132,0,0,0,0,0
7511,2025-04-21,133,0,0,0,0,0
7512,2025-04-21,134,6,0,2,0,4
7513,2025-04-21,135,28,0,0,0,28
7514,2025-04-21,136,0,0,0,0,0
7515,2025-04-21,137,0,0,0,0,0
7516,2025-04-21,138,21,0,0,0,21
7517,2025-04-21,139,11,0,0,-2,9
7518,2025-04-21,140,0,0,0,0,0
7519,2025-04-21,141,13,0,1,0,12
7520,2025-04-21,142,55,0,2,0,53
7521,2025-04-21,143,20,0,1,0,19
7522,2025-04-21,144,0,0,0,0,0
7523,2025-04-21,145,9,0,1,0,8
7524,2025-04-21,146,11,0,0,0,11
7525,2025-04-21,147,0,0,0,0,0
7526,2025-04-21,148,13,0,0,0,13
7527,2025-04-21,149,26,0,0,0,26
7528,2025-04-21,150,6,0,0,0,6
7529,2025-04-21,151,17,0,2,0,15
7530,2025-04-21,152,14,0,1,0,13
7531,2025-04-21,153,0,0,0,0,0
7532,2025-04-21,154,0,0,0,0,0
7533,2025-04-21,155,9,0,0,0,9
7534,2025-04-21,156,44,0,1,0,43
7535,2025-04-21,157,24,0,1,0,23
7536,2025-04-21,158,41,0,1,0,40
7537,2025-04-21,159,36,0,3,0,33
7538,2025-04-21,160,24,0,0,0,24
7539,2025-04-21,161,13,0,0,0,13
7540,2025-04-21,162,0,0,0,0,0
7541,2025-04-21,163,12,0,1,0,11
7542,2025-04-21,164,5,0,1,0,4
7543,2025-04-21,165,10,0,1,-3,6
7544,2025-04-21,166,38,0,2,0,36
7545,2025-04-21,167,38,0,1,0,37
7546,2025-04-21,168,26,0,1,0,25
7547,2025-04-21,169,10,0,0,0,10
7548,2025-04-21,170,46,0,3,0,43
7549,2025-04-22,101,10,0,3,0,7
7550,2025-04-22,102,0,0,0,0,0
7551,2025-04-22,103,0,0,0,0,0
7552,2025-04-22,104,27,0,1,0,26
7553,2025-04-22,105,16,0,0,0,16
7554,2025-04-22,106,48,0,2,0,46
7555,2025-04-22,108,11,0,0,0,11
7556,2025-04-22,109,27,0,0,0,27
7557,2025-04-22,110,41,0,1,0,40
7558,2025-04-22,112,29,0,2,0,27
7559,2025-04-22,113,0,0,0,0,0
7560,2025-04-22,114,8,0,0,0,8
7561,2025-04-22,115,0,0,0,0,0
7562,2025-04-22,116,13,0,0,0,13
7563,2025-04-22,117,25,0,0,0,25
7564,2025-04-22,118,39,0,2,0,37
7565,2025-04-22,119,37,0,1,0,36
7566,2025-04-22,120,0,0,0,0,0
7567,2025-04-22,121,0,0,0,0,0
7568,2025-04-22,122,9,0,0,0,9
7569,2025-04-22,123,6,0,1,0,5
7570,2025-04-22,124,0,0,0,0,0
7571,2025-04-22,125,5,0,0,0,5
7572,2025-04-22,126,9,0,0,0,9
7573,2025-04-22,127,6,0,1,0,5
7574,2025-04-22,128,0,0,0,0,0
7575,2025-04-22,129,5,0,0,0,5
7576,2025-04-22,130,12,0,0,0,12
7577,2025-04-22,131,33,0,1,0,32
7578,2025-04-22,132,0,0,0,0,0
7579,2025-04-22,133,0,0,0,0,0
7580,2025-04-22,134,4,20,0,0,24
7581,2025-04-22,135,28,0,1,0,27
7582,2025-04-22,136,0,0,0,0,0
7583,2025-04-22,137,0,0,0,0,0
7584,2025-04-22,138,21,0,1,0,20
7585,2025-04-22,139,9,0,1,0,8
7586,2025-04-22,140,0,0,0,0,0
7587,2025-04-22,141,12,0,0,0,12
7588,2025-04-22,142,53,0,2,0,51
7589,2025-04-22,143,19,0,3,0,16
7590,2025-04-22,144,0,0,0,0,0
7591,2025-04-22,145,8,0,0,0,8
7592,2025-04-22,146,11,0,0,0,11
7593,2025-04-22,147,0,0,0,0,0
7594,2025-04-22,148,13,0,0,0,13
7595,2025-04-22,149,26,0,0,0,26
7596,2025-04-22,150,6,0,0,0,6
7597,2025-04-22,151,15,0,2,0,13
7598,2025-04-22,152,13,0,0,0,13
7599,2025-04-22,153,0,0,0,0,0
7600,2025-04-22,154,0,0,0,0,0
7601,2025-04-22,155,9,0,0,0,9
7602,2025-04-22,156,43,0,1,0,42
7603,2025-04-22,157,23,0,0,0,23
7604,2025-04-22,158,40,0,3,0,37
7605,2025-04-22,159,33,0,0,0,33
7606,2025-04-22,160,24,0,0,0,24
7607,2025-04-22,161,13,0,0,0,13
7608,2025-04-22,162,0,0,0,0,0
7609,2025-04-22,163,11,0,1,0,10
7610,2025-04-22,164,4,0,1,0,3
7611,2025-04-22,165,6,0,1,0,5
7612,2025-04-22,166,36,0,2,0,34
7613,2025-04-22,167,37,0,2,0,35
7614,2025-04-22,168,25,0,0,0,25
7615,2025-04-22,169,10,0,0,0,10
7616,2025-04-22,170,43,0,0,0,43
7617,2025-04-23,101,7,0,0,0,7
7618,2025-04-23,102,0,0,0,0,0
7619,2025-04-23,103,0,0,0,0,0
7620,2025-04-23,104,26,0,2,0,24
7621,2025-04-23,105,16,0,1,0,15
7622,2025-04-23,106,46,0,1,0,45
7623,2025-04-23,108,11,0,0,0,11
7624,2025-04-23,109,27,0,1,0,26
7625,2025-04-23,110,40,0,0,0,40
7626,2025-04-23,112,27,0,1,0,26
7627,2025-04-23,113,0,0,0,0,0
7628,2025-04-23,114,8,0,0,0,8
7629,2025-04-23,115,0,0,0,0,0
7630,2025-04-23,116,13,0,0,0,13
7631,2025-04-23,117,25,0,0,0,25
7632,2025-04-23,118,37,0,0,0,37
7633,2025-04-23,119,36,0,3,0,33
7634,2025-04-23,120,0,0,0,0,0
7635,2025-04-23,121,0,0,0,0,0
7636,2025-04-23,122,9,0,0,0,9
7637,2025-04-23,123,5,0,0,0,5
7638,2025-04-23,124,0,0,0,0,0
7639,2025-04-23,125,5,0,0,0,5
7640,2025-04-23,126,9,0,0,0,9
7641,2025-04-23,127,5,0,0,0,5
7642,2025-04-23,128,0,0,0,0,0
7643,2025-04-23,129,5,0,0,0,5
7644,2025-04-23,130,12,0,1,0,11
7645,2025-04-23,131,32,0,0,0,32
7646,2025-04-23,132,0,0,0,0,0
7647,2025-04-23,133,0,0,0,0,0
7648,2025-04-23,134,24,0,1,0,23
7649,2025-04-23,135,27,0,1,0,26
7650,2025-04-23,136,0,0,0,0,0
7651,2025-04-23,137,0,0,0,0,0
7652,2025-04-23,138,20,0,1,0,19
7653,2025-04-23,139,8,0,1,-1,6
7654,2025-04-23,140,0,0,0,0,0
7655,2025-04-23,141,12,0,1,0,11
7656,2025-04-23,142,51,0,1,0,50
7657,2025-04-23,143,16,0,1,0,15
7658,2025-04-23,144,0,0,0,0,0
7659,2025-04-23,145,8,21,0,0,29
7660,2025-04-23,146,11,0,0,0,11
7661,2025-04-23,147,0,0,0,0,0
7662,2025-04-23,148,13,0,0,0,13
7663,2025-04-23,149,26,0,0,0,26
7664,2025-04-23,150,6,0,0,0,6
7665,2025-04-23,151,13,0,2,0,11
7666,2025-04-23,152,13,0,1,0,12
7667,2025-04-23,153,0,0,0,0,0
7668,2025-04-23,154,0,0,0,0,0
7669,2025-04-23,155,9,0,1,0,8
7670,2025-04-23,156,42,0,1,0,41
7671,2025-04-23,157,23,0,1,0,22
7672,2025-04-23,158,37,0,2,0,35
7673,2025-04-23,159,33,0,2,0,31
7674,2025-04-23,160,24,0,0,0,24
7675,2025-04-23,161,13,0,1,0,12
7676,2025-04-23,162,0,0,0,0,0
7677,2025-04-23,163,10,0,0,0,10
7678,2025-04-23,164,3,20,1,0,22
7679,2025-04-23,165,5,0,0,0,5
7680,2025-04-23,166,34,0,0,0,34
7681,2025-04-23,167,35,0,2,0,33
7682,2025-04-23,168,25,0,1,0,24
7683,2025-04-23,169,10,0,0,0,10
7684,2025-04-23,170,43,0,0,0,43
7685,2025-04-24,101,7,23,2,0,28
7686,2025-04-24,102,0,0,0,0,0
7687,2025-04-24,103,0,0,0,0,0
7688,2025-04-24,104,24,0,1,0,23
7689,2025-04-24,105,15,0,1,0,14
7690,2025-04-24,106,45,0,0,-3,42
7691,2025-04-24,108,11,0,0,0,11
7692,2025-04-24,109,26,0,1,0,25
7693,2025-04-24,110,40,0,7,0,33
7694,2025-04-24,112,26,0,1,0,25
7695,2025-04-24,113,0,0,0,0,0
7696,2025-04-24,114,8,0,0,0,8
7697,2025-04-24,115,0,0,0,0,0
7698,2025-04-24,116,13,0,0,0,13
7699,2025-04-24,117,25,0,0,0,25
7700,2025-04-24,118,37,0,2,0,35
7701,2025-04-24,119,33,0,2,0,31
7702,2025-04-24,120,0,0,0,0,0
7703,2025-04-24,121,0,0,0,0,0
7704,2025-04-24,122,9,0,1,0,8
7705,2025-04-24,123,5,17,0,0,22
7706,2025-04-24,124,0,0,0,0,0
7707,2025-04-24,125,5,0,0,0,5
7708,2025-04-24,126,9,0,1,0,8
7709,2025-04-24,127,5,0,1,0,4
7710,2025-04-24,128,0,0,0,0,0
7711,2025-04-24,129,5,0,0,0,5
7712,2025-04-24,130,11,0,0,0,11
7713,2025-04-24,131,32,0,1,0,31
7714,2025-04-24,132,0,0,0,0,0
7715,2025-04-24,133,0,0,0,0,0
7716,2025-04-24,134,23,0,0,0,23
7717,2025-04-24,135,26,0,0,0,26
7718,2025-04-24,136,0,0,0,0,0
7719,2025-04-24,137,0,0,0,0,0
7720,2025-04-24,138,19,0,0,0,19
7721,2025-04-24,139,6,0,1,0,5
7722,2025-04-24,140,0,0,0,0,0
7723,2025-04-24,141,11,0,0,0,11
7724,2025-04-24,142,50,0,0,0,50
7725,2025-04-24,143,15,0,4,0,11
7726,2025-04-24,144,0,0,0,0,0
7727,2025-04-24,145,29,0,0,0,29
7728,2025-04-24,146,11,0,0,0,11
7729,2025-04-24,147,0,0,0,0,0
7730,2025-04-24,148,13,0,1,0,12
7731,2025-04-24,149,26,0,1,0,25
7732,2025-04-24,150,6,0,0,0,6
7733,2025-04-24,151,11,0,3,0,8
7734,2025-04-24,152,12,0,1,0,11
7735,2025-04-24,153,0,0,0,0,0
7736,2025-04-24,154,0,0,0,0,0
7737,2025-04-24,155,8,0,0,0,8
7738,2025-04-24,156,41,0,5,0,36
7739,2025-04-24,157,22,0,0,0,22
7740,2025-04-24,158,35,0,2,0,33
7741,2025-04-24,159,31,0,0,0,31
7742,2025-04-24,160,24,0,1,0,23
7743,2025-04-24,161,12,0,0,0,12
7744,2025-04-24,162,0,0,0,0,0
7745,2025-04-24,163,10,0,0,0,10
7746,2025-04-24,164,22,0,1,0,21
7747,2025-04-24,165,5,0,0,0,5
7748,2025-04-24,166,34,0,1,0,33
7749,2025-04-24,167,33,0,2,0,31
7750,2025-04-24,168,24,0,2,0,22
7751,2025-04-24,169,10,0,0,0,10
7752,2025-04-24,170,43,0,0,0,43
7753,2025-04-25,101,28,0,0,0,28
7754,2025-04-25,102,0,0,0,0,0
7755,2025-04-25,103,0,0,0,0,0
7756,2025-04-25,104,23,0,0,0,23
7757,2025-04-25,105,14,0,1,0,13
7758,2025-04-25,106,42,0,2,0,40
7759,2025-04-25,108,11,0,0,0,11
7760,2025-04-25,109,25,0,0,0,25
7761,2025-04-25,110,33,0,2,0,31
7762,2025-04-25,112,25,0,1,0,24
7763,2025-04-25,113,0,0,0,0,0
7764,2025-04-25,114,8,0,0,0,8
7765,2025-04-25,115,0,0,0,0,0
7766,2025-04-25,116,13,0,1,0,12
7767,2025-04-25,117,25,0,0,0,25
7768,2025-04-25,118,35,0,3,0,32
7769,2025-04-25,119,31,0,0,0,31
7770,2025-04-25,120,0,0,0,0,0
7771,2025-04-25,121,0,0,0,0,0
7772,2025-04-25,122,8,0,0,0,8
7773,2025-04-25,123,22,0,0,0,22
7774,2025-04-25,124,0,0,0,0,0
7775,2025-04-25,125,5,0,0,0,5
7776,2025-04-25,126,8,0,0,0,8
7777,2025-04-25,127,4,21,0,0,25
7778,2025-04-25,128,0,0,0,0,0
7779,2025-04-25,129,5,0,0,0,5
7780,2025-04-25,130,11,0,0,0,11
7781,2025-04-25,131,31,0,1,0,30
7782,2025-04-25,132,0,0,0,0,0
7783,2025-04-25,133,0,0,0,0,0
7784,2025-04-25,134,23,0,0,0,23
7785,2025-04-25,135,26,0,1,0,25
7786,2025-04-25,136,0,0,0,0,0
7787,2025-04-25,137,0,0,0,0,0
7788,2025-04-25,138,19,0,0,0,19
7789,2025-04-25,139,5,0,0,0,5
7790,2025-04-25,140,0,0,0,0,0
7791,2025-04-25,141,11,0,0,0,11
7792,2025-04-25,142,50,0,2,0,48
7793,2025-04-25,143,11,45,1,0,55
7794,2025-04-25,144,0,0,0,0,0
7795,2025-04-25,145,29,0,0,0,29
7796,2025-04-25,146,11,0,0,0,11
7797,2025-04-25,147,0,0,0,0,0
7798,2025-04-25,148,12,0,2,0,10
7799,2025-04-25,149,25,0,0,0,25
7800,2025-04-25,150,6,0,0,0,6
7801,2025-04-25,151,8,39,1,0,46
7802,2025-04-25,152,11,0,0,0,11
7803,2025-04-25,153,0,0,0,0,0
7804,2025-04-25,154,0,0,0,0,0
7805,2025-04-25,155,8,0,1,0,7
7806,2025-04-25,156,36,0,1,0,35
7807,2025-04-25,157,22,0,0,0,22
7808,2025-04-25,158,33,0,0,0,33
7809,2025-04-25,159,31,0,1,0,30
7810,2025-04-25,160,23,0,0,0,23
7811,2025-04-25,161,12,0,0,0,12
7812,2025-04-25,162,0,0,0,0,0
7813,2025-04-25,163,10,0,0,0,10
7814,2025-04-25,164,21,0,2,0,19
7815,2025-04-25,165,5,0,1,0,4
7816,2025-04-25,166,33,0,4,0,29
7817,2025-04-25,167,31,0,1,0,30
7818,2025-04-25,168,22,0,2,0,20
7819,2025-04-25,169,10,0,0,0,10
7820,2025-04-25,170,43,0,2,0,41
7821,2025-04-26,101,28,0,0,0,28
7822,2025-04-26,102,0,0,0,0,0
7823,2025-04-26,103,0,0,0,0,0
7824,2025-04-26,104,23,0,0,0,23
7825,2025-04-26,105,13,0,0,0,13
7826,2025-04-26,106,40,0,1,0,39
7827,2025-04-26,108,11,0,0,0,11
7828,2025-04-26,109,25,0,0,0,25
7829,2025-04-26,110,31,0,0,0,31
7830,2025-04-26,112,24,0,1,0,23
7831,2025-04-26,113,0,0,0,0,0
7832,2025-04-26,114,8,0,0,0,8
7833,2025-04-26,115,0,0,0,0,0
7834,2025-04-26,116,12,0,0,0,12
7835,2025-04-26,117,25,0,2,0,23
7836,2025-04-26,118,32,0,1,0,31
7837,2025-04-26,119,31,0,2,0,29
7838,2025-04-26,120,0,0,0,0,0
7839,2025-04-26,121,0,0,0,0,0
7840,2025-04-26,122,8,0,0,0,8
7841,2025-04-26,123,22,0,0,0,22
7842,2025-04-26,124,0,0,0,0,0
7843,2025-04-26,125,5,0,0,0,5
7844,2025-04-26,126,8,0,0,0,8
7845,2025-04-26,127,25,0,0,0,25
7846,2025-04-26,128,0,0,0,0,0
7847,2025-04-26,129,5,0,0,0,5
7848,2025-04-26,130,11,0,1,0,10
7849,2025-04-26,131,30,0,0,0,30
7850,2025-04-26,132,0,0,0,0,0
7851,2025-04-26,133,0,0,0,0,0
7852,2025-04-26,134,23,0,1,0,22
7853,2025-04-26,135,25,0,0,0,25
7854,2025-04-26,136,0,0,0,0,0
7855,2025-04-26,137,0,0,0,0,0
7856,2025-04-26,138,19,0,0,-2,17
7857,2025-04-26,139,5,21,0,0,26
7858,2025-04-26,140,0,0,0,0,0
7859,2025-04-26,141,11,0,2,0,9
7860,2025-04-26,142,48,0,1,0,47
7861,2025-04-26,143,55,0,1,0,54
7862,2025-04-26,144,0,0,0,0,0
7863,2025-04-26,145,29,0,0,0,29
7864,2025-04-26,146,11,0,1,0,10
7865,2025-04-26,147,0,0,0,0,0
7866,2025-04-26,148,10,0,0,0,10
7867,2025-04-26,149,25,0,0,0,25
7868,2025-04-26,150,6,0,0,0,6
7869,2025-04-26,151,46,0,3,0,43
7870,2025-04-26,152,11,0,0,0,11
7871,2025-04-26,153,0,0,0,0,0
7872,2025-04-26,154,0,0,0,0,0
7873,2025-04-26,155,7,0,0,0,7
7874,2025-04-26,156,35,0,1,0,34
7875,2025-04-26,157,22,0,0,0,22
7876,2025-04-26,158,33,0,1,0,32
7877,2025-04-26,159,30,0,1,0,29
7878,2025-04-26,160,23,0,1,0,22
7879,2025-04-26,161,12,0,0,0,12
7880,2025-04-26,162,0,0,0,0,0
7881,2025-04-26,163,10,0,0,0,10
7882,2025-04-26,164,19,0,0,0,19
7883,2025-04-26,165,4,0,1,0,3
7884,2025-04-26,166,29,0,1,0,28
7885,2025-04-26,167,30,0,0,0,30
7886,2025-04-26,168,20,0,1,0,19
7887,2025-04-26,169,10,0,0,0,10
7888,2025-04-26,170,41,0,2,0,39
7889,2025-04-27,101,28,0,1,0,27
7890,2025-04-27,102,0,0,0,0,0
7891,2025-04-27,103,0,0,0,0,0
7892,2025-04-27,104,23,0,2,0,21
7893,2025-04-27,105,13,0,1,0,12
7894,2025-04-27,106,39,0,0,0,39
7895,2025-04-27,108,11,0,0,0,11
7896,2025-04-27,109,25,0,0,0,25
7897,2025-04-27,110,31,0,1,0,30
7898,2025-04-27,112,23,0,2,0,21
7899,2025-04-27,113,0,0,0,0,0
7900,2025-04-27,114,8,0,0,0,8
7901,2025-04-27,115,0,0,0,0,0
7902,2025-04-27,116,12,0,0,0,12
7903,2025-04-27,117,23,0,0,0,23
7904,2025-04-27,118,31,0,1,0,30
7905,2025-04-27,119,29,0,0,0,29
7906,2025-04-27,120,0,0,0,0,0
7907,2025-04-27,121,0,0,0,0,0
7908,2025-04-27,122,8,0,0,0,8
7909,2025-04-27,123,22,0,0,0,22
7910,2025-04-27,124,0,0,0,0,0
7911,2025-04-27,125,5,0,0,0,5
7912,2025-04-27,126,8,0,1,0,7
7913,2025-04-27,127,25,0,0,0,25
7914,2025-04-27,128,0,0,0,0,0
7915,2025-04-27,129,5,0,0,0,5
7916,2025-04-27,130,10,0,0,0,10
7917,2025-04-27,131,30,0,2,0,28
7918,2025-04-27,132,0,0,0,0,0
7919,2025-04-27,133,0,0,0,0,0
7920,2025-04-27,134,22,0,0,0,22
7921,2025-04-27,135,25,0,0,0,25
7922,2025-04-27,136,0,0,0,0,0
7923,2025-04-27,137,0,0,0,0,0
7924,2025-04-27,138,17,0,0,0,17
7925,2025-04-27,139,26,0,1,0,25
7926,2025-04-27,140,0,0,0,0,0
7927,2025-04-27,141,9,0,0,0,9
7928,2025-04-27,142,47,0,2,0,45
7929,2025-04-27,143,54,0,3,0,51
7930,2025-04-27,144,0,0,0,0,0
7931,2025-04-27,145,29,0,0,0,29
7932,2025-04-27,146,10,0,0,0,10
7933,2025-04-27,147,0,0,0,0,0
7934,2025-04-27,148,10,0,0,0,10
7935,2025-04-27,149,25,0,1,0,24
7936,2025-04-27,150,6,0,0,0,6
7937,2025-04-27,151,43,0,0,0,43
7938,2025-04-27,152,11,0,1,0,10
7939,2025-04-27,153,0,0,0,0,0
7940,2025-04-27,154,0,0,0,0,0
7941,2025-04-27,155,7,0,0,0,7
7942,2025-04-27,156,34,0,1,0,33
7943,2025-04-27,157,22,0,0,0,22
7944,2025-04-27,158,32,0,1,0,31
7945,2025-04-27,159,29,0,1,0,28
7946,2025-04-27,160,22,0,1,0,21
7947,2025-04-27,161,12,0,1,0,11
7948,2025-04-27,162,0,0,0,0,0
7949,2025-04-27,163,10,0,0,0,10
7950,2025-04-27,164,19,0,0,0,19
7951,2025-04-27,165,3,0,0,0,3
7952,2025-04-27,166,28,0,0,0,28
7953,2025-04-27,167,30,0,1,0,29
7954,2025-04-27,168,19,0,0,0,19
7955,2025-04-27,169,10,0,0,0,10
7956,2025-04-27,170,39,0,2,0,37
7957,2025-04-28,101,27,0,1,0,26
7958,2025-04-28,102,0,0,0,0,0
7959,2025-04-28,103,0,0,0,0,0
7960,2025-04-28,104,21,0,0,0,21
7961,2025-04-28,105,12,0,0,0,12
7962,2025-04-28,106,39,0,4,0,35
7963,2025-04-28,108,11,0,0,0,11
7964,2025-04-28,109,25,0,0,0,25
7965,2025-04-28,110,30,0,1,0,29
7966,2025-04-28,112,21,0,2,0,19
7967,2025-04-28,113,0,0,0,0,0
7968,2025-04-28,114,8,0,0,0,8
7969,2025-04-28,115,0,0,0,0,0
7970,2025-04-28,116,12,0,0,0,12
7971,2025-04-28,117,23,0,0,0,23
7972,2025-04-28,118,30,0,0,0,30
7973,2025-04-28,119,29,0,0,0,29
7974,2025-04-28,120,0,0,0,0,0
7975,2025-04-28,121,0,0,0,0,0
7976,2025-04-28,122,8,0,1,0,7
7977,2025-04-28,123,22,0,1,0,21
7978,2025-04-28,124,0,0,0,0,0
7979,2025-04-28,125,5,0,1,0,4
7980,2025-04-28,126,7,0,1,0,6
7981,2025-04-28,127,25,0,0,0,25
7982,2025-04-28,128,0,0,0,0,0
7983,2025-04-28,129,5,0,0,0,5
7984,2025-04-28,130,10,0,0,0,10
7985,2025-04-28,131,28,0,1,0,27
7986,2025-04-28,132,0,0,0,0,0
7987,2025-04-28,133,0,0,0,0,0
7988,2025-04-28,134,22,0,0,0,22
7989,2025-04-28,135,25,0,1,0,24
7990,2025-04-28,136,0,0,0,0,0
7991,2025-04-28,137,0,0,0,0,0
7992,2025-04-28,138,17,0,0,0,17
7993,2025-04-28,139,25,0,1,0,24
7994,2025-04-28,140,0,0,0,0,0
7995,2025-04-28,141,9,0,0,0,9
7996,2025-04-28,142,45,0,2,0,43
7997,2025-04-28,143,51,0,3,0,48
7998,2025-04-28,144,0,0,0,0,0
7999,2025-04-28,145,29,0,1,0,28
8000,2025-04-28,146,10,0,0,0,10
8001,2025-04-28,147,0,0,0,0,0
8002,2025-04-28,148,10,0,0,0,10
8003,2025-04-28,149,24,0,0,0,24
8004,2025-04-28,150,6,0,0,0,6
8005,2025-04-28,151,43,0,1,0,42
8006,2025-04-28,152,10,0,1,0,9
8007,2025-04-28,153,0,0,0,0,0
8008,2025-04-28,154,0,0,0,0,0
8009,2025-04-28,155,7,0,0,0,7
8010,2025-04-28,156,33,0,2,0,31
8011,2025-04-28,157,22,0,1,0,21
8012,2025-04-28,158,31,0,2,0,29
8013,2025-04-28,159,28,0,1,0,27
8014,2025-04-28,160,21,0,0,0,21
8015,2025-04-28,161,11,0,1,0,10
8016,2025-04-28,162,0,0,0,0,0
8017,2025-04-28,163,10,0,1,0,9
8018,2025-04-28,164,19,0,1,0,18
8019,2025-04-28,165,3,0,0,0,3
8020,2025-04-28,166,28,0,3,0,25
8021,2025-04-28,167,29,0,3,0,26
8022,2025-04-28,168,19,0,0,0,19
8023,2025-04-28,169,10,0,0,0,10
8024,2025-04-28,170,37,0,1,0,36
8025,2025-04-29,101,26,0,1,0,25
8026,2025-04-29,102,0,0,0,0,0
8027,2025-04-29,103,0,0,0,0,0
8028,2025-04-29,104,21,0,1,0,20
8029,2025-04-29,105,12,0,1,0,11
8030,2025-04-29,106,35,0,1,0,34
8031,2025-04-29,108,11,0,0,0,11
8032,2025-04-29,109,25,0,0,0,25
8033,2025-04-29,110,29,0,0,0,29
8034,2025-04-29,112,19,0,1,0,18
8035,2025-04-29,113,0,0,0,0,0
8036,2025-04-29,114,8,0,0,0,8
8037,2025-04-29,115,0,0,0,0,0
8038,2025-04-29,116,12,0,0,0,12
8039,2025-04-29,117,23,0,0,0,23
8040,2025-04-29,118,30,0,1,0,29
8041,2025-04-29,119,29,0,1,0,28
8042,2025-04-29,120,0,0,0,0,0
8043,2025-04-29,121,0,0,0,0,0
8044,2025-04-29,122,7,0,0,0,7
8045,2025-04-29,123,21,0,1,0,20
8046,2025-04-29,124,0,0,0,0,0
8047,2025-04-29,125,4,0,0,0,4
8048,2025-04-29,126,6,0,1,0,5
8049,2025-04-29,127,25,0,1,0,24
8050,2025-04-29,128,0,0,0,0,0
8051,2025-04-29,129,5,0,0,0,5
8052,2025-04-29,130,10,0,0,0,10
8053,2025-04-29,131,27,0,5,0,22
8054,2025-04-29,132,0,0,0,0,0
8055,2025-04-29,133,0,0,0,0,0
8056,2025-04-29,134,22,0,1,0,21
8057,2025-04-29,135,24,0,0,0,24
8058,2025-04-29,136,0,0,0,0,0
8059,2025-04-29,137,0,0,0,0,0
8060,2025-04-29,138,17,0,1,0,16
8061,2025-04-29,139,24,0,0,0,24
8062,2025-04-29,140,0,0,0,0,0
8063,2025-04-29,141,9,25,1,0,33
8064,2025-04-29,142,43,0,0,0,43
8065,2025-04-29,143,48,0,3,0,45
8066,2025-04-29,144,0,0,0,0,0
8067,2025-04-29,145,28,0,0,0,28
8068,2025-04-29,146,10,0,1,0,9
8069,2025-04-29,147,0,0,0,0,0
8070,2025-04-29,148,10,0,0,0,10
8071,2025-04-29,149,24,0,3,0,21
8072,2025-04-29,150,6,0,1,0,5
8073,2025-04-29,151,42,0,1,0,41
8074,2025-04-29,152,9,0,1,0,8
8075,2025-04-29,153,0,0,0,0,0
8076,2025-04-29,154,0,0,0,0,0
8077,2025-04-29,155,7,0,0,0,7
8078,2025-04-29,156,31,0,0,0,31
8079,2025-04-29,157,21,0,0,0,21
8080,2025-04-29,158,29,0,2,0,27
8081,2025-04-29,159,27,0,1,0,26
8082,2025-04-29,160,21,0,0,0,21
8083,2025-04-29,161,10,0,0,0,10
8084,2025-04-29,162,0,0,0,0,0
8085,2025-04-29,163,9,0,0,0,9
8086,2025-04-29,164,18,0,1,0,17
8087,2025-04-29,165,3,12,0,0,15
8088,2025-04-29,166,25,0,4,0,21
8089,2025-04-29,167,26,0,0,0,26
8090,2025-04-29,168,19,0,1,0,18
8091,2025-04-29,169,10,0,0,0,10
8092,2025-04-29,170,36,0,0,0,36
8093,2025-04-30,101,25,0,1,0,24
8094,2025-04-30,102,0,0,0,0,0
8095,2025-04-30,103,0,0,0,0,0
8096,2025-04-30,104,20,0,1,0,19
8097,2025-04-30,105,11,0,0,0,11
8098,2025-04-30,106,34,0,2,0,32
8099,2025-04-30,108,11,0,0,0,11
8100,2025-04-30,109,25,0,0,0,25
8101,2025-04-30,110,29,0,1,0,28
8102,2025-04-30,112,18,0,0,0,18
8103,2025-04-30,113,0,0,0,0,0
8104,2025-04-30,114,8,0,0,0,8
8105,2025-04-30,115,0,0,0,0,0
8106,2025-04-30,116,12,0,0,0,12
8107,2025-04-30,117,23,0,0,0,23
8108,2025-04-30,118,29,0,2,0,27
8109,2025-04-30,119,28,0,1,0,27
8110,2025-04-30,120,0,0,0,0,0
8111,2025-04-30,121,0,0,0,0,0
8112,2025-04-30,122,7,0,0,0,7
8113,2025-04-30,123,20,0,0,0,20
8114,2025-04-30,124,0,0,0,0,0
8115,2025-04-30,125,4,0,1,0,3
8116,2025-04-30,126,5,0,1,0,4
8117,2025-04-30,127,24,0,2,0,22
8118,2025-04-30,128,0,0,0,0,0
8119,2025-04-30,129,5,0,0,0,5
8120,2025-04-30,130,10,0,0,0,10
8121,2025-04-30,131,22,0,0,0,22
8122,2025-04-30,132,0,0,0,0,0
8123,2025-04-30,133,0,0,0,0,0
8124,2025-04-30,134,21,0,0,0,21
8125,2025-04-30,135,24,0,0,0,24
8126,2025-04-30,136,0,0,0,0,0
8127,2025-04-30,137,0,0,0,0,0
8128,2025-04-30,138,16,0,1,0,15
8129,2025-04-30,139,24,0,0,0,24
8130,2025-04-30,140,0,0,0,0,0
8131,2025-04-30,141,33,0,0,0,33
8132,2025-04-30,142,43,0,0,0,43
8133,2025-04-30,143,45,0,4,0,41
8134,2025-04-30,144,0,0,0,0,0
8135,2025-04-30,145,28,0,0,0,28
8136,2025-04-30,146,9,0,0,0,9
8137,2025-04-30,147,0,0,0,0,0
8138,2025-04-30,148,10,0,0,0,10
8139,2025-04-30,149,21,0,0,0,21
8140,2025-04-30,150,5,0,0,0,5
8141,2025-04-30,151,41,0,2,0,39
8142,2025-04-30,152,8,0,0,0,8
8143,2025-04-30,153,0,0,0,0,0
8144,2025-04-30,154,0,0,0,0,0
8145,2025-04-30,155,7,0,0,0,7
8146,2025-04-30,156,31,0,0,0,31
8147,2025-04-30,157,21,0,2,0,19
8148,2025-04-30,158,27,0,1,0,26
8149,2025-04-30,159,26,0,0,0,26
8150,2025-04-30,160,21,0,0,0,21
8151,2025-04-30,161,10,0,0,0,10
8152,2025-04-30,162,0,0,0,0,0
8153,2025-04-30,163,9,0,0,0,9
8154,2025-04-30,164,17,0,0,0,17
8155,2025-04-30,165,15,0,0,0,15
8156,2025-04-30,166,21,0,1,0,20
8157,2025-04-30,167,26,0,4,0,22
8158,2025-04-30,168,18,0,4,0,14
8159,2025-04-30,169,10,0,0,0,10
8160,2025-04-30,170,36,0,1,0,35
8161,2025-05-01,101,24,0,1,0,23
8162,2025-05-01,102,0,0,0,0,0
8163,2025-05-01,103,0,0,0,0,0
8164,2025-05-01,104,19,0,1,0,18
8165,2025-05-01,105,11,0,0,0,11
8166,2025-05-01,106,32,0,4,0,28
8167,2025-05-01,108,11,0,0,0,11
8168,2025-05-01,109,25,0,3,0,22
8169,2025-05-01,110,28,0,0,0,28
8170,2025-05-01,112,18,0,2,0,16
8171,2025-05-01,113,0,0,0,0,0
8172,2025-05-01,114,8,0,0,0,8
8173,2025-05-01,115,0,0,0,0,0
8174,2025-05-01,116,12,0,0,0,12
8175,2025-05-01,117,23,0,1,0,22
8176,2025-05-01,118,27,0,0,0,27
8177,2025-05-01,119,27,0,1,0,26
8178,2025-05-01,120,0,0,0,0,0
8179,2025-05-01,121,0,0,0,0,0
8180,2025-05-01,122,7,0,0,0,7
8181,2025-05-01,123,20,0,0,0,20
8182,2025-05-01,124,0,0,0,0,0
8183,2025-05-01,125,3,0,0,0,3
8184,2025-05-01,126,4,0,0,0,4
8185,2025-05-01,127,22,0,1,0,21
8186,2025-05-01,128,0,0,0,0,0
8187,2025-05-01,129,5,0,0,0,5
8188,2025-05-01,130,10,0,0,0,10
8189,2025-05-01,131,22,0,0,0,22
8190,2025-05-01,132,0,0,0,0,0
8191,2025-05-01,133,0,0,0,0,0
8192,2025-05-01,134,21,0,0,0,21
8193,2025-05-01,135,24,0,0,0,24
8194,2025-05-01,136,0,0,0,0,0
8195,2025-05-01,137,0,0,0,0,0
8196,2025-05-01,138,15,0,0,0,15
8197,2025-05-01,139,24,0,1,0,23
8198,2025-05-01,140,0,0,0,0,0
8199,2025-05-01,141,33,0,1,0,32
8200,2025-05-01,142,43,0,2,0,41
8201,2025-05-01,143,41,0,1,0,40
8202,2025-05-01,144,0,0,0,0,0
8203,2025-05-01,145,28,0,1,0,27
8204,2025-05-01,146,9,0,0,0,9
8205,2025-05-01,147,0,0,0,0,0
8206,2025-05-01,148,10,0,0,0,10
8207,2025-05-01,149,21,0,0,0,21
8208,2025-05-01,150,5,0,1,0,4
8209,2025-05-01,151,39,0,1,0,38
8210,2025-05-01,152,8,19,0,0,27
8211,2025-05-01,153,0,0,0,0,0
8212,2025-05-01,154,0,0,0,0,0
8213,2025-05-01,155,7,0,0,0,7
8214,2025-05-01,156,31,0,2,0,29
8215,2025-05-01,157,19,0,0,0,19
8216,2025-05-01,158,26,0,2,0,24
8217,2025-05-01,159,26,0,1,0,25
8218,2025-05-01,160,21,0,1,0,20
8219,2025-05-01,161,10,0,0,0,10
8220,2025-05-01,162,0,0,0,0,0
8221,2025-05-01,163,9,0,0,0,9
8222,2025-05-01,164,17,0,2,0,15
8223,2025-05-01,165,15,0,0,0,15
8224,2025-05-01,166,20,0,3,0,17
8225,2025-05-01,167,22,0,2,0,20
8226,2025-05-01,168,14,0,1,0,13
8227,2025-05-01,169,10,0,0,0,10
8228,2025-05-01,170,35,0,3,0,32
8229,2025-05-02,101,23,0,2,0,21
8230,2025-05-02,102,0,0,0,0,0
8231,2025-05-02,103,0,0,0,0,0
8232,2025-05-02,104,18,0,1,0,17
8233,2025-05-02,105,11,0,1,0,10
8234,2025-05-02,106,28,0,0,0,28
8235,2025-05-02,108,11,0,0,0,11
8236,2025-05-02,109,22,0,0,0,22
8237,2025-05-02,110,28,0,2,0,26
8238,2025-05-02,112,16,0,2,0,14
8239,2025-05-02,113,0,0,0,0,0
8240,2025-05-02,114,8,0,0,0,8
8241,2025-05-02,115,0,0,0,0,0
8242,2025-05-02,116,12,0,0,0,12
8243,2025-05-02,117,22,0,1,0,21
8244,2025-05-02,118,27,0,0,0,27
8245,2025-05-02,119,26,0,2,0,24
8246,2025-05-02,120,0,0,0,0,0
8247,2025-05-02,121,0,0,0,0,0
8248,2025-05-02,122,7,0,0,0,7
8249,2025-05-02,123,20,0,0,0,20
8250,2025-05-02,124,0,0,0,0,0
8251,2025-05-02,125,3,0,0,0,3
8252,2025-05-02,126,4,0,1,0,3
8253,2025-05-02,127,21,0,0,0,21
8254,2025-05-02,128,0,0,0,0,0
8255,2025-05-02,129,5,0,0,0,5
8256,2025-05-02,130,10,0,0,0,10
8257,2025-05-02,131,22,0,4,0,18
8258,2025-05-02,132,0,0,0,0,0
8259,2025-05-02,133,0,0,0,0,0
8260,2025-05-02,134,21,0,0,0,21
8261,2025-05-02,135,24,0,1,0,23
8262,2025-05-02,136,0,0,0,0,0
8263,2025-05-02,137,0,0,0,0,0
8264,2025-05-02,138,15,0,1,0,14
8265,2025-05-02,139,23,0,0,0,23
8266,2025-05-02,140,0,0,0,0,0
8267,2025-05-02,141,32,0,1,0,31
8268,2025-05-02,142,41,0,0,0,41
8269,2025-05-02,143,40,0,1,0,39
8270,2025-05-02,144,0,0,0,0,0
8271,2025-05-02,145,27,0,0,0,27
8272,2025-05-02,146,9,0,0,0,9
8273,2025-05-02,147,0,0,0,0,0
8274,2025-05-02,148,10,0,0,0,10
8275,2025-05-02,149,21,0,1,0,20
8276,2025-05-02,150,4,0,0,0,4
8277,2025-05-02,151,38,0,3,0,35
8278,2025-05-02,152,27,0,0,0,27
8279,2025-05-02,153,0,0,0,0,0
8280,2025-05-02,154,0,0,0,0,0
8281,2025-05-02,155,7,0,1,0,6
8282,2025-05-02,156,29,0,4,0,25
8283,2025-05-02,157,19,0,0,0,19
8284,2025-05-02,158,24,0,1,0,23
8285,2025-05-02,159,25,0,2,0,23
8286,2025-05-02,160,20,0,0,0,20
8287,2025-05-02,161,10,0,0,0,10
8288,2025-05-02,162,0,0,0,0,0
8289,2025-05-02,163,9,0,0,0,9
8290,2025-05-02,164,15,0,1,0,14
8291,2025-05-02,165,15,0,0,0,15
8292,2025-05-02,166,17,0,1,0,16
8293,2025-05-02,167,20,0,1,0,19
8294,2025-05-02,168,13,0,1,0,12
8295,2025-05-02,169,10,0,0,0,10
8296,2025-05-02,170,32,0,4,0,28
8297,2025-05-03,101,21,0,0,0,21
8298,2025-05-03,102,0,0,0,0,0
8299,2025-05-03,103,0,0,0,0,0
8300,2025-05-03,104,17,0,0,0,17
8301,2025-05-03,105,10,0,1,0,9
8302,2025-05-03,106,28,0,0,0,28
8303,2025-05-03,108,11,0,0,0,11
8304,2025-05-03,109,22,0,0,0,22
8305,2025-05-03,110,26,0,2,0,24
8306,2025-05-03,112,14,47,1,0,60
8307,2025-05-03,113,0,0,0,0,0
8308,2025-05-03,114,8,0,0,0,8
8309,2025-05-03,115,0,0,0,0,0
8310,2025-05-03,116,12,0,0,0,12
8311,2025-05-03,117,21,0,0,0,21
8312,2025-05-03,118,27,0,2,0,25
8313,2025-05-03,119,24,0,0,0,24
8314,2025-05-03,120,0,0,0,0,0
8315,2025-05-03,121,0,0,0,0,0
8316,2025-05-03,122,7,0,0,0,7
8317,2025-05-03,123,20,0,0,0,20
8318,2025-05-03,124,0,0,0,0,0
8319,2025-05-03,125,3,10,0,0,13
8320,2025-05-03,126,3,0,0,0,3
8321,2025-05-03,127,21,0,1,0,20
8322,2025-05-03,128,0,0,0,0,0
8323,2025-05-03,129,5,0,0,0,5
8324,2025-05-03,130,10,0,0,0,10
8325,2025-05-03,131,18,0,1,0,17
8326,2025-05-03,132,0,0,0,0,0
8327,2025-05-03,133,0,0,0,0,0
8328,2025-05-03,134,21,0,1,0,20
8329,2025-05-03,135,23,0,2,0,21
8330,2025-05-03,136,0,0,0,0,0
8331,2025-05-03,137,0,0,0,0,0
8332,2025-05-03,138,14,0,0,0,14
8333,2025-05-03,139,23,0,0,0,23
8334,2025-05-03,140,0,0,0,0,0
8335,2025-05-03,141,31,0,1,0,30
8336,2025-05-03,142,41,0,1,0,40
8337,2025-05-03,143,39,0,1,0,38
8338,2025-05-03,144,0,0,0,0,0
8339,2025-05-03,145,27,0,0,0,27
8340,2025-05-03,146,9,0,0,0,9
8341,2025-05-03,147,0,0,0,0,0
8342,2025-05-03,148,10,0,0,0,10
8343,2025-05-03,149,20,0,0,0,20
8344,2025-05-03,150,4,0,0,0,4
8345,2025-05-03,151,35,0,3,0,32
8346,2025-05-03,152,27,0,0,0,27
8347,2025-05-03,153,0,0,0,0,0
8348,2025-05-03,154,0,0,0,0,0
8349,2025-05-03,155,6,0,0,0,6
8350,2025-05-03,156,25,0,0,0,25
8351,2025-05-03,157,19,0,1,0,18
8352,2025-05-03,158,23,0,0,0,23
8353,2025-05-03,159,23,0,1,0,22
8354,2025-05-03,160,20,0,0,0,20
8355,2025-05-03,161,10,0,0,0,10
8356,2025-05-03,162,0,0,0,0,0
8357,2025-05-03,163,9,0,0,0,9
8358,2025-05-03,164,14,0,1,0,13
8359,2025-05-03,165,15,0,0,0,15
8360,2025-05-03,166,16,0,0,0,16
8361,2025-05-03,167,19,0,0,0,19
8362,2025-05-03,168,12,0,0,0,12
8363,2025-05-03,169,10,0,0,0,10
8364,2025-05-03,170,28,0,1,0,27
8365,2025-05-04,101,21,0,2,0,19
8366,2025-05-04,102,0,0,0,0,0
8367,2025-05-04,103,0,0,0,0,0
8368,2025-05-04,104,17,0,1,0,16
8369,2025-05-04,105,9,0,1,0,8
8370,2025-05-04,106,28,0,2,0,26
8371,2025-05-04,108,11,0,0,0,11
8372,2025-05-04,109,22,0,0,0,22
8373,2025-05-04,110,24,0,2,0,22
8374,2025-05-04,112,60,0,1,0,59
8375,2025-05-04,113,0,0,0,0,0
8376,2025-05-04,114,8,0,0,0,8
8377,2025-05-04,115,0,0,0,0,0
8378,2025-05-04,116,12,0,0,0,12
8379,2025-05-04,117,21,0,0,0,21
8380,2025-05-04,118,25,0,0,0,25
8381,2025-05-04,119,24,0,3,0,21
8382,2025-05-04,120,0,0,0,0,0
8383,2025-05-04,121,0,0,0,0,0
8384,2025-05-04,122,7,0,0,0,7
8385,2025-05-04,123,20,0,0,0,20
8386,2025-05-04,124,0,0,0,0,0
8387,2025-05-04,125,13,0,0,0,13
8388,2025-05-04,126,3,10,0,0,13
8389,2025-05-04,127,20,0,0,0,20
8390,2025-05-04,128,0,0,0,0,0
8391,2025-05-04,129,5,0,1,0,4
8392,2025-05-04,130,10,0,0,0,10
8393,2025-05-04,131,17,0,0,0,17
8394,2025-05-04,132,0,0,0,0,0
8395,2025-05-04,133,0,0,0,0,0
8396,2025-05-04,134,20,0,1,0,19
8397,2025-05-04,135,21,0,0,0,21
8398,2025-05-04,136,0,0,0,0,0
8399,2025-05-04,137,0,0,0,0,0
8400,2025-05-04,138,14,0,0,0,14
8401,2025-05-04,139,23,0,0,0,23
8402,2025-05-04,140,0,0,0,0,0
8403,2025-05-04,141,30,0,1,0,29
8404,2025-05-04,142,40,0,0,0,40
8405,2025-05-04,143,38,0,1,0,37
8406,2025-05-04,144,0,0,0,0,0
8407,2025-05-04,145,27,0,1,0,26
8408,2025-05-04,146,9,0,1,0,8
8409,2025-05-04,147,0,0,0,0,0
8410,2025-05-04,148,10,0,0,0,10
8411,2025-05-04,149,20,0,1,0,19
8412,2025-05-04,150,4,0,0,0,4
8413,2025-05-04,151,32,0,1,0,31
8414,2025-05-04,152,27,0,1,0,26
8415,2025-05-04,153,0,0,0,0,0
8416,2025-05-04,154,0,0,0,0,0
8417,2025-05-04,155,6,0,0,0,6
8418,2025-05-04,156,25,0,1,0,24
8419,2025-05-04,157,18,0,1,0,17
8420,2025-05-04,158,23,0,1,0,22
8421,2025-05-04,159,22,0,0,0,22
8422,2025-05-04,160,20,0,1,0,19
8423,2025-05-04,161,10,0,0,0,10
8424,2025-05-04,162,0,0,0,0,0
8425,2025-05-04,163,9,0,0,0,9
8426,2025-05-04,164,13,0,1,0,12
8427,2025-05-04,165,15,0,0,0,15
8428,2025-05-04,166,16,29,2,0,43
8429,2025-05-04,167,19,0,2,0,17
8430,2025-05-04,168,12,0,0,0,12
8431,2025-05-04,169,10,0,0,0,10
8432,2025-05-04,170,27,0,1,0,26
8433,2025-05-05,101,19,0,0,0,19
8434,2025-05-05,102,0,0,0,0,0
8435,2025-05-05,103,0,0,0,0,0
8436,2025-05-05,104,16,0,0,0,16
8437,2025-05-05,105,8,0,0,0,8
8438,2025-05-05,106,26,0,0,0,26
8439,2025-05-05,108,11,0,0,0,11
8440,2025-05-05,109,22,0,0,0,22
8441,2025-05-05,110,22,0,2,0,20
8442,2025-05-05,112,59,0,2,0,57
8443,2025-05-05,113,0,0,0,0,0
8444,2025-05-05,114,8,0,0,0,8
8445,2025-05-05,115,0,0,0,0,0
8446,2025-05-05,116,12,0,0,0,12
8447,2025-05-05,117,21,0,1,0,20
8448,2025-05-05,118,25,0,3,0,22
8449,2025-05-05,119,21,0,1,0,20
8450,2025-05-05,120,0,0,0,0,0
8451,2025-05-05,121,0,0,0,0,0
8452,2025-05-05,122,7,0,0,0,7
8453,2025-05-05,123,20,0,0,0,20
8454,2025-05-05,124,0,0,0,0,0
8455,2025-05-05,125,13,0,0,0,13
8456,2025-05-05,126,13,0,0,0,13
8457,2025-05-05,127,20,0,0,0,20
8458,2025-05-05,128,0,0,0,0,0
8459,2025-05-05,129,4,0,1,-2,1
8460,2025-05-05,130,10,0,0,0,10
8461,2025-05-05,131,17,0,3,0,14
8462,2025-05-05,132,0,0,0,0,0
8463,2025-05-05,133,0,0,0,0,0
8464,2025-05-05,134,19,0,0,0,19
8465,2025-05-05,135,21,0,0,0,21
8466,2025-05-05,136,0,0,0,0,0
8467,2025-05-05,137,0,0,0,0,0
8468,2025-05-05,138,14,0,0,0,14
8469,2025-05-05,139,23,0,1,0,22
8470,2025-05-05,140,0,0,0,0,0
8471,2025-05-05,141,29,0,0,0,29
8472,2025-05-05,142,40,0,0,0,40
8473,2025-05-05,143,37,0,1,0,36
8474,2025-05-05,144,0,0,0,0,0
8475,2025-05-05,145,26,0,0,0,26
8476,2025-05-05,146,8,0,0,0,8
8477,2025-05-05,147,0,0,0,0,0
8478,2025-05-05,148,10,0,0,0,10
8479,2025-05-05,149,19,0,0,0,19
8480,2025-05-05,150,4,10,0,0,14
8481,2025-05-05,151,31,0,0,0,31
8482,2025-05-05,152,26,0,1,0,25
8483,2025-05-05,153,0,0,0,0,0
8484,2025-05-05,154,0,0,0,0,0
8485,2025-05-05,155,6,0,1,0,5
8486,2025-05-05,156,24,0,1,0,23
8487,2025-05-05,157,17,0,0,0,17
8488,2025-05-05,158,22,0,2,0,20
8489,2025-05-05,159,22,0,1,0,21
8490,2025-05-05,160,19,0,0,0,19
8491,2025-05-05,161,10,0,0,0,10
8492,2025-05-05,162,0,0,0,0,0
8493,2025-05-05,163,9,0,1,0,8
8494,2025-05-05,164,12,0,0,0,12
8495,2025-05-05,165,15,0,0,0,15
8496,2025-05-05,166,43,0,3,0,40
8497,2025-05-05,167,17,0,4,0,13
8498,2025-05-05,168,12,0,0,0,12
8499,2025-05-05,169,10,0,1,0,9
8500,2025-05-05,170,26,0,2,0,24
8501,2025-05-06,101,19,0,0,0,19
8502,2025-05-06,102,0,0,0,0,0
8503,2025-05-06,103,0,0,0,0,0
8504,2025-05-06,104,16,0,0,0,16
8505,2025-05-06,105,8,0,0,0,8
8506,2025-05-06,106,26,0,0,0,26
8507,2025-05-06,108,11,0,0,0,11
8508,2025-05-06,109,22,0,1,0,21
8509,2025-05-06,110,20,0,0,0,20
8510,2025-05-06,112,57,0,0,0,57
8511,2025-05-06,113,0,0,0,0,0
8512,2025-05-06,114,8,0,0,0,8
8513,2025-05-06,115,0,0,0,0,0
8514,2025-05-06,116,12,0,0,0,12
8515,2025-05-06,117,20,0,0,0,20
8516,2025-05-06,118,22,0,2,0,20
8517,2025-05-06,119,20,0,0,0,20
8518,2025-05-06,120,0,0,0,0,0
8519,2025-05-06,121,0,0,0,0,0
8520,2025-05-06,122,7,0,0,0,7
8521,2025-05-06,123,20,0,1,0,19
8522,2025-05-06,124,0,0,0,0,0
8523,2025-05-06,125,13,0,1,0,12
8524,2025-05-06,126,13,0,1,0,12
8525,2025-05-06,127,20,0,0,0,20
8526,2025-05-06,128,0,0,0,0,0
8527,2025-05-06,129,1,0,0,0,1
8528,2025-05-06,130,10,0,0,0,10
8529,2025-05-06,131,14,0,2,0,12
8530,2025-05-06,132,0,0,0,0,0
8531,2025-05-06,133,0,0,0,0,0
8532,2025-05-06,134,19,0,0,0,19
8533,2025-05-06,135,21,0,1,0,20
8534,2025-05-06,136,0,0,0,0,0
8535,2025-05-06,137,0,0,0,0,0
8536,2025-05-06,138,14,0,1,0,13
8537,2025-05-06,139,22,0,1,0,21
8538,2025-05-06,140,0,0,0,0,0
8539,2025-05-06,141,29,0,0,0,29
8540,2025-05-06,142,40,0,4,0,36
8541,2025-05-06,143,36,0,2,0,34
8542,2025-05-06,144,0,0,0,0,0
8543,2025-05-06,145,26,0,0,0,26
8544,2025-05-06,146,8,0,0,0,8
8545,2025-05-06,147,0,0,0,0,0
8546,2025-05-06,148,10,0,0,0,10
8547,2025-05-06,149,19,0,1,0,18
8548,2025-05-06,150,14,0,1,0,13
8549,2025-05-06,151,31,0,0,0,31
8550,2025-05-06,152,25,0,0,0,25
8551,2025-05-06,153,0,0,0,0,0
8552,2025-05-06,154,0,0,0,0,0
8553,2025-05-06,155,5,0,1,0,4
8554,2025-05-06,156,23,0,1,0,22
8555,2025-05-06,157,17,0,1,0,16
8556,2025-05-06,158,20,0,2,0,18
8557,2025-05-06,159,21,0,1,0,20
8558,2025-05-06,160,19,0,0,0,19
8559,2025-05-06,161,10,0,0,0,10
8560,2025-05-06,162,0,0,0,0,0
8561,2025-05-06,163,8,0,0,0,8
8562,2025-05-06,164,12,0,1,0,11
8563,2025-05-06,165,15,0,0,0,15
8564,2025-05-06,166,40,0,2,0,38
8565,2025-05-06,167,13,0,1,0,12
8566,2025-05-06,168,12,0,0,0,12
8567,2025-05-06,169,9,0,0,0,9
8568,2025-05-06,170,24,0,0,0,24
8569,2025-05-07,101,19,0,0,0,19
8570,2025-05-07,102,0,0,0,0,0
8571,2025-05-07,103,0,0,0,0,0
8572,2025-05-07,104,16,0,0,0,16
8573,2025-05-07,105,8,0,0,0,8
8574,2025-05-07,106,26,0,1,0,25
8575,2025-05-07,108,11,0,0,0,11
8576,2025-05-07,109,21,0,0,0,21
8577,2025-05-07,110,20,0,1,0,19
8578,2025-05-07,112,57,0,0,0,57
8579,2025-05-07,113,0,0,0,0,0
8580,2025-05-07,114,8,0,0,0,8
8581,2025-05-07,115,0,0,0,0,0
8582,2025-05-07,116,12,0,0,0,12
8583,2025-05-07,117,20,0,0,0,20
8584,2025-05-07,118,20,0,3,0,17
8585,2025-05-07,119,20,0,1,0,19
8586,2025-05-07,120,0,0,0,0,0
8587,2025-05-07,121,0,0,0,0,0
8588,2025-05-07,122,7,0,1,0,6
8589,2025-05-07,123,19,0,0,0,19
8590,2025-05-07,124,0,0,0,0,0
8591,2025-05-07,125,12,0,0,0,12
8592,2025-05-07,126,12,0,0,0,12
8593,2025-05-07,127,20,0,0,0,20
8594,2025-05-07,128,0,0,0,0,0
8595,2025-05-07,129,1,0,0,0,1
8596,2025-05-07,130,10,0,0,0,10
8597,2025-05-07,131,12,0,1,0,11
8598,2025-05-07,132,0,0,0,0,0
8599,2025-05-07,133,0,0,0,0,0
8600,2025-05-07,134,19,0,0,0,19
8601,2025-05-07,135,20,0,1,0,19
8602,2025-05-07,136,0,0,0,0,0
8603,2025-05-07,137,0,0,0,0,0
8604,2025-05-07,138,13,0,0,0,13
8605,2025-05-07,139,21,0,1,0,20
8606,2025-05-07,140,0,0,0,0,0
8607,2025-05-07,141,29,0,0,0,29
8608,2025-05-07,142,36,0,0,0,36
8609,2025-05-07,143,34,0,3,0,31
8610,2025-05-07,144,0,0,0,0,0
8611,2025-05-07,145,26,0,0,0,26
8612,2025-05-07,146,8,0,0,0,8
8613,2025-05-07,147,0,0,0,0,0
8614,2025-05-07,148,10,0,0,0,10
8615,2025-05-07,149,18,0,0,0,18
8616,2025-05-07,150,13,0,0,0,13
8617,2025-05-07,151,31,0,1,0,30
8618,2025-05-07,152,25,0,2,0,23
8619,2025-05-07,153,0,0,0,0,0
8620,2025-05-07,154,0,0,0,0,0
8621,2025-05-07,155,4,0,1,0,3
8622,2025-05-07,156,22,0,3,0,19
8623,2025-05-07,157,16,0,0,0,16
8624,2025-05-07,158,18,0,1,0,17
8625,2025-05-07,159,20,0,0,0,20
8626,2025-05-07,160,19,0,0,0,19
8627,2025-05-07,161,10,0,2,0,8
8628,2025-05-07,162,0,0,0,0,0
8629,2025-05-07,163,8,0,0,0,8
8630,2025-05-07,164,11,0,1,0,10
8631,2025-05-07,165,15,0,0,0,15
8632,2025-05-07,166,38,0,2,0,36
8633,2025-05-07,167,12,0,0,0,12
8634,2025-05-07,168,12,0,1,0,11
8635,2025-05-07,169,9,0,0,0,9
8636,2025-05-07,170,24,0,0,0,24
8637,2025-05-08,101,19,0,0,0,19
8638,2025-05-08,102,0,0,0,0,0
8639,2025-05-08,103,0,0,0,0,0
8640,2025-05-08,104,16,0,0,0,16
8641,2025-05-08,105,8,0,1,0,7
8642,2025-05-08,106,25,0,2,0,23
8643,2025-05-08,108,11,0,0,0,11
8644,2025-05-08,109,21,0,0,0,21
8645,2025-05-08,110,19,0,0,0,19
8646,2025-05-08,112,57,0,0,0,57
8647,2025-05-08,113,0,0,0,0,0
8648,2025-05-08,114,8,0,0,0,8
8649,2025-05-08,115,0,0,0,0,0
8650,2025-05-08,116,12,0,0,0,12
8651,2025-05-08,117,20,0,0,0,20
8652,2025-05-08,118,17,0,0,0,17
8653,2025-05-08,119,19,0,2,0,17
8654,2025-05-08,120,0,0,0,0,0
8655,2025-05-08,121,0,0,0,0,0
8656,2025-05-08,122,6,0,0,0,6
8657,2025-05-08,123,19,0,0,0,19
8658,2025-05-08,124,0,0,0,0,0
8659,2025-05-08,125,12,0,0,0,12
8660,2025-05-08,126,12,0,1,0,11
8661,2025-05-08,127,20,0,0,0,20
8662,2025-05-08,128,0,0,0,0,0
8663,2025-05-08,129,1,0,0,0,1
8664,2025-05-08,130,10,0,0,0,10
8665,2025-05-08,131,11,0,2,0,9
8666,2025-05-08,132,0,0,0,0,0
8667,2025-05-08,133,0,0,0,0,0
8668,2025-05-08,134,19,0,1,0,18
8669,2025-05-08,135,19,0,3,0,16
8670,2025-05-08,136,0,0,0,0,0
8671,2025-05-08,137,0,0,0,0,0
8672,2025-05-08,138,13,0,1,0,12
8673,2025-05-08,139,20,0,0,0,20
8674,2025-05-08,140,0,0,0,0,0
8675,2025-05-08,141,29,0,1,0,28
8676,2025-05-08,142,36,0,0,0,36
8677,2025-05-08,143,31,0,2,0,29
8678,2025-05-08,144,0,0,0,0,0
8679,2025-05-08,145,26,0,1,0,25
8680,2025-05-08,146,8,0,0,0,8
8681,2025-05-08,147,0,0,0,0,0
8682,2025-05-08,148,10,0,0,0,10
8683,2025-05-08,149,18,0,0,0,18
8684,2025-05-08,150,13,0,0,0,13
8685,2025-05-08,151,30,0,2,0,28
8686,2025-05-08,152,23,0,0,0,23
8687,2025-05-08,153,0,0,0,0,0
8688,2025-05-08,154,0,0,0,0,0
8689,2025-05-08,155,3,0,0,0,3
8690,2025-05-08,156,19,0,2,0,17
8691,2025-05-08,157,16,0,1,0,15
8692,2025-05-08,158,17,0,1,0,16
8693,2025-05-08,159,20,0,3,0,17
8694,2025-05-08,160,19,0,0,0,19
8695,2025-05-08,161,8,0,0,-1,7
8696,2025-05-08,162,0,0,0,0,0
8697,2025-05-08,163,8,0,0,0,8
8698,2025-05-08,164,10,0,0,0,10
8699,2025-05-08,165,15,0,1,0,14
8700,2025-05-08,166,36,0,1,0,35
8701,2025-05-08,167,12,0,2,0,10
8702,2025-05-08,168,11,0,0,0,11
8703,2025-05-08,169,9,0,0,0,9
8704,2025-05-08,170,24,0,0,0,24
8705,2025-05-09,101,19,0,0,0,19
8706,2025-05-09,102,0,0,0,0,0
8707,2025-05-09,103,0,0,0,0,0
8708,2025-05-09,104,16,0,2,0,14
8709,2025-05-09,105,7,0,0,0,7
8710,2025-05-09,106,23,0,1,0,22
8711,2025-05-09,108,11,0,1,0,10
8712,2025-05-09,109,21,0,1,0,20
8713,2025-05-09,110,19,0,2,0,17
8714,2025-05-09,112,57,0,0,0,57
8715,2025-05-09,113,0,0,0,0,0
8716,2025-05-09,114,8,0,1,0,7
8717,2025-05-09,115,0,0,0,0,0
8718,2025-05-09,116,12,0,2,0,10
8719,2025-05-09,117,20,0,1,0,19
8720,2025-05-09,118,17,0,2,0,15
8721,2025-05-09,119,17,0,1,0,16
8722,2025-05-09,120,0,0,0,0,0
8723,2025-05-09,121,0,0,0,0,0
8724,2025-05-09,122,6,0,0,0,6
8725,2025-05-09,123,19,0,0,0,19
8726,2025-05-09,124,0,0,0,0,0
8727,2025-05-09,125,12,0,0,0,12
8728,2025-05-09,126,11,0,0,0,11
8729,2025-05-09,127,20,0,1,0,19
8730,2025-05-09,128,0,0,0,0,0
8731,2025-05-09,129,1,0,0,0,1
8732,2025-05-09,130,10,0,0,0,10
8733,2025-05-09,131,9,0,1,0,8
8734,2025-05-09,132,0,0,0,0,0
8735,2025-05-09,133,0,0,0,0,0
8736,2025-05-09,134,18,0,0,0,18
8737,2025-05-09,135,16,0,0,0,16
8738,2025-05-09,136,0,0,0,0,0
8739,2025-05-09,137,0,0,0,0,0
8740,2025-05-09,138,12,0,1,0,11
8741,2025-05-09,139,20,0,0,0,20
8742,2025-05-09,140,0,0,0,0,0
8743,2025-05-09,141,28,0,0,0,28
8744,2025-05-09,142,36,0,1,0,35
8745,2025-05-09,143,29,0,2,0,27
8746,2025-05-09,144,0,0,0,0,0
8747,2025-05-09,145,25,0,0,0,25
8748,2025-05-09,146,8,0,0,0,8
8749,2025-05-09,147,0,0,0,0,0
8750,2025-05-09,148,10,0,1,0,9
8751,2025-05-09,149,18,0,1,0,17
8752,2025-05-09,150,13,0,0,0,13
8753,2025-05-09,151,28,0,1,0,27
8754,2025-05-09,152,23,0,2,0,21
8755,2025-05-09,153,0,0,0,0,0
8756,2025-05-09,154,0,0,0,0,0
8757,2025-05-09,155,3,0,0,0,3
8758,2025-05-09,156,17,0,1,0,16
8759,2025-05-09,157,15,0,2,0,13
8760,2025-05-09,158,16,0,3,0,13
8761,2025-05-09,159,17,0,5,0,12
8762,2025-05-09,160,19,0,1,0,18
8763,2025-05-09,161,7,0,0,0,7
8764,2025-05-09,162,0,0,0,0,0
8765,2025-05-09,163,8,0,0,0,8
8766,2025-05-09,164,10,0,0,0,10
8767,2025-05-09,165,14,0,0,0,14
8768,2025-05-09,166,35,0,1,0,34
8769,2025-05-09,167,10,43,2,0,51
8770,2025-05-09,168,11,0,0,0,11
8771,2025-05-09,169,9,0,0,0,9
8772,2025-05-09,170,24,0,1,0,23
8773,2025-05-10,101,19,0,1,0,18
8774,2025-05-10,102,0,0,0,0,0
8775,2025-05-10,103,0,0,0,0,0
8776,2025-05-10,104,14,0,0,0,14
8777,2025-05-10,105,7,0,0,0,7
8778,2025-05-10,106,22,0,1,0,21
8779,2025-05-10,108,10,0,0,0,10
8780,2025-05-10,109,20,0,0,0,20
8781,2025-05-10,110,17,0,0,0,17
8782,2025-05-10,112,57,0,3,0,54
8783,2025-05-10,113,0,0,0,0,0
8784,2025-05-10,114,7,0,0,0,7
8785,2025-05-10,115,0,0,0,0,0
8786,2025-05-10,116,10,0,1,0,9
8787,2025-05-10,117,19,0,0,0,19
8788,2025-05-10,118,15,44,0,0,59
8789,2025-05-10,119,16,0,3,0,13
8790,2025-05-10,120,0,0,0,0,0
8791,2025-05-10,121,0,0,0,0,0
8792,2025-05-10,122,6,0,0,0,6
8793,2025-05-10,123,19,0,0,0,19
8794,2025-05-10,124,0,0,0,0,0
8795,2025-05-10,125,12,0,0,0,12
8796,2025-05-10,126,11,0,0,0,11
8797,2025-05-10,127,19,0,1,0,18
8798,2025-05-10,128,0,0,0,0,0
8799,2025-05-10,129,1,0,1,0,0
8800,2025-05-10,130,10,0,0,0,10
8801,2025-05-10,131,8,0,0,0,8
8802,2025-05-10,132,0,0,0,0,0
8803,2025-05-10,133,0,0,0,0,0
8804,2025-05-10,134,18,0,0,0,18
8805,2025-05-10,135,16,0,0,0,16
8806,2025-05-10,136,0,0,0,0,0
8807,2025-05-10,137,0,0,0,0,0
8808,2025-05-10,138,11,0,1,0,10
8809,2025-05-10,139,20,0,0,0,20
8810,2025-05-10,140,0,0,0,0,0
8811,2025-05-10,141,28,0,0,0,28
8812,2025-05-10,142,35,0,1,0,34
8813,2025-05-10,143,27,0,1,0,26
8814,2025-05-10,144,0,0,0,0,0
8815,2025-05-10,145,25,0,0,0,25
8816,2025-05-10,146,8,0,0,0,8
8817,2025-05-10,147,0,0,0,0,0
8818,2025-05-10,148,9,0,0,0,9
8819,2025-05-10,149,17,0,0,0,17
8820,2025-05-10,150,13,0,0,0,13
8821,2025-05-10,151,27,0,2,0,25
8822,2025-05-10,152,21,0,0,0,21
8823,2025-05-10,153,0,0,0,0,0
8824,2025-05-10,154,0,0,0,0,0
8825,2025-05-10,155,3,0,0,0,3
8826,2025-05-10,156,16,0,1,0,15
8827,2025-05-10,157,13,0,0,0,13
8828,2025-05-10,158,13,0,1,0,12
8829,2025-05-10,159,12,0,1,0,11
8830,2025-05-10,160,18,0,0,0,18
8831,2025-05-10,161,7,24,0,0,31
8832,2025-05-10,162,0,0,0,0,0
8833,2025-05-10,163,8,0,0,0,8
8834,2025-05-10,164,10,0,0,0,10
8835,2025-05-10,165,14,0,0,0,14
8836,2025-05-10,166,34,0,0,0,34
8837,2025-05-10,167,51,0,0,0,51
8838,2025-05-10,168,11,0,1,0,10
8839,2025-05-10,169,9,0,0,-2,7
8840,2025-05-10,170,23,0,3,0,20
8841,2025-05-11,101,18,0,1,0,17
8842,2025-05-11,102,0,0,0,0,0
8843,2025-05-11,103,0,0,0,0,0
8844,2025-05-11,104,14,0,0,0,14
8845,2025-05-11,105,7,18,0,0,25
8846,2025-05-11,106,21,0,2,0,19
8847,2025-05-11,108,10,0,0,0,10
8848,2025-05-11,109,20,0,1,0,19
8849,2025-05-11,110,17,0,1,0,16
8850,2025-05-11,112,54,0,1,0,53
8851,2025-05-11,113,0,0,0,0,0
8852,2025-05-11,114,7,0,0,0,7
8853,2025-05-11,115,0,0,0,0,0
8854,2025-05-11,116,9,0,0,0,9
8855,2025-05-11,117,19,0,0,-2,17
8856,2025-05-11,118,59,0,0,0,59
8857,2025-05-11,119,13,41,0,0,54
8858,2025-05-11,120,0,0,0,0,0
8859,2025-05-11,121,0,0,0,0,0
8860,2025-05-11,122,6,0,0,0,6
8861,2025-05-11,123,19,0,0,0,19
8862,2025-05-11,124,0,0,0,0,0
8863,2025-05-11,125,12,0,0,0,12
8864,2025-05-11,126,11,0,0,0,11
8865,2025-05-11,127,18,0,0,0,18
8866,2025-05-11,128,0,0,0,0,0
8867,2025-05-11,129,0,0,0,0,0
8868,2025-05-11,130,10,0,0,0,10
8869,2025-05-11,131,8,50,2,0,56
8870,2025-05-11,132,0,0,0,0,0
8871,2025-05-11,133,0,0,0,0,0
8872,2025-05-11,134,18,0,1,0,17
8873,2025-05-11,135,16,0,0,0,16
8874,2025-05-11,136,0,0,0,0,0
8875,2025-05-11,137,0,0,0,0,0
8876,2025-05-11,138,10,0,0,0,10
8877,2025-05-11,139,20,0,1,0,19
8878,2025-05-11,140,0,0,0,0,0
8879,2025-05-11,141,28,0,1,0,27
8880,2025-05-11,142,34,0,0,0,34
8881,2025-05-11,143,26,0,1,0,25
8882,2025-05-11,144,0,0,0,0,0
8883,2025-05-11,145,25,0,0,0,25
8884,2025-05-11,146,8,0,0,0,8
8885,2025-05-11,147,0,0,0,0,0
8886,2025-05-11,148,9,0,0,0,9
8887,2025-05-11,149,17,0,0,0,17
8888,2025-05-11,150,13,0,0,0,13
8889,2025-05-11,151,25,0,1,0,24
8890,2025-05-11,152,21,0,1,0,20
8891,2025-05-11,153,0,0,0,0,0
8892,2025-05-11,154,0,0,0,0,0
8893,2025-05-11,155,3,0,0,0,3
8894,2025-05-11,156,15,0,1,0,14
8895,2025-05-11,157,13,0,1,0,12
8896,2025-05-11,158,12,40,0,0,52
8897,2025-05-11,159,11,0,1,0,10
8898,2025-05-11,160,18,0,2,0,16
8899,2025-05-11,161,31,0,1,0,30
8900,2025-05-11,162,0,0,0,0,0
8901,2025-05-11,163,8,0,0,0,8
8902,2025-05-11,164,10,0,0,0,10
8903,2025-05-11,165,14,0,1,0,13
8904,2025-05-11,166,34,0,1,0,33
8905,2025-05-11,167,51,0,2,0,49
8906,2025-05-11,168,10,0,0,0,10
8907,2025-05-11,169,7,0,0,0,7
8908,2025-05-11,170,20,0,5,0,15
8909,2025-05-12,101,17,0,1,0,16
8910,2025-05-12,102,0,0,0,0,0
8911,2025-05-12,103,0,0,0,0,0
8912,2025-05-12,104,14,0,1,0,13
8913,2025-05-12,105,25,0,0,0,25
8914,2025-05-12,106,19,0,1,0,18
8915,2025-05-12,108,10,0,0,0,10
8916,2025-05-12,109,19,0,1,0,18
8917,2025-05-12,110,16,0,2,0,14
8918,2025-05-12,112,53,0,1,0,52
8919,2025-05-12,113,0,0,0,0,0
8920,2025-05-12,114,7,0,0,0,7
8921,2025-05-12,115,0,0,0,0,0
8922,2025-05-12,116,9,0,1,0,8
8923,2025-05-12,117,17,0,0,0,17
8924,2025-05-12,118,59,0,1,0,58
8925,2025-05-12,119,54,0,1,0,53
8926,2025-05-12,120,0,0,0,0,0
8927,2025-05-12,121,0,0,0,0,0
8928,2025-05-12,122,6,0,0,0,6
8929,2025-05-12,123,19,0,0,0,19
8930,2025-05-12,124,0,0,0,0,0
8931,2025-05-12,125,12,0,0,0,12
8932,2025-05-12,126,11,0,0,0,11
8933,2025-05-12,127,18,0,1,0,17
8934,2025-05-12,128,0,0,0,0,0
8935,2025-05-12,129,0,0,0,0,0
8936,2025-05-12,130,10,0,0,0,10
8937,2025-05-12,131,56,0,1,0,55
8938,2025-05-12,132,0,0,0,0,0
8939,2025-05-12,133,0,0,0,0,0
8940,2025-05-12,134,17,0,1,0,16
8941,2025-05-12,135,16,0,1,0,15
8942,2025-05-12,136,0,0,0,0,0
8943,2025-05-12,137,0,0,0,0,0
8944,2025-05-12,138,10,0,0,0,10
8945,2025-05-12,139,19,0,0,0,19
8946,2025-05-12,140,0,0,0,0,0
8947,2025-05-12,141,27,0,0,0,27
8948,2025-05-12,142,34,0,1,0,33
8949,2025-05-12,143,25,0,2,0,23
8950,2025-05-12,144,0,0,0,0,0
8951,2025-05-12,145,25,0,0,0,25
8952,2025-05-12,146,8,0,0,0,8
8953,2025-05-12,147,0,0,0,0,0
8954,2025-05-12,148,9,0,0,0,9
8955,2025-05-12,149,17,0,1,0,16
8956,2025-05-12,150,13,0,0,0,13
8957,2025-05-12,151,24,0,1,0,23
8958,2025-05-12,152,20,0,0,0,20
8959,2025-05-12,153,0,0,0,0,0
8960,2025-05-12,154,0,0,0,0,0
8961,2025-05-12,155,3,9,0,0,12
8962,2025-05-12,156,14,42,0,0,56
8963,2025-05-12,157,12,0,2,0,10
8964,2025-05-12,158,52,0,1,0,51
8965,2025-05-12,159,10,41,1,-1,49
8966,2025-05-12,160,16,0,1,0,15
8967,2025-05-12,161,30,0,0,0,30
8968,2025-05-12,162,0,0,0,0,0
8969,2025-05-12,163,8,0,0,0,8
8970,2025-05-12,164,10,0,1,0,9
8971,2025-05-12,165,13,0,0,0,13
8972,2025-05-12,166,33,0,1,0,32
8973,2025-05-12,167,49,0,1,0,48
8974,2025-05-12,168,10,0,0,0,10
8975,2025-05-12,169,7,0,0,0,7
8976,2025-05-12,170,15,0,0,0,15
8977,2025-05-13,101,16,0,0,-2,14
8978,2025-05-13,102,0,0,0,0,0
8979,2025-05-13,103,0,0,0,0,0
8980,2025-05-13,104,13,0,0,0,13
8981,2025-05-13,105,25,0,0,0,25
8982,2025-05-13,106,18,0,0,0,18
8983,2025-05-13,108,10,0,0,0,10
8984,2025-05-13,109,18,0,0,0,18
8985,2025-05-13,110,14,0,0,0,14
8986,2025-05-13,112,52,0,2,0,50
8987,2025-05-13,113,0,0,0,0,0
8988,2025-05-13,114,7,0,0,0,7
8989,2025-05-13,115,0,0,0,0,0
8990,2025-05-13,116,8,0,1,0,7
8991,2025-05-13,117,17,0,0,0,17
8992,2025-05-13,118,58,0,1,-1,56
8993,2025-05-13,119,53,0,2,0,51
8994,2025-05-13,120,0,0,0,0,0
8995,2025-05-13,121,0,0,0,0,0
8996,2025-05-13,122,6,0,0,0,6
8997,2025-05-13,123,19,0,1,0,18
8998,2025-05-13,124,0,0,0,0,0
8999,2025-05-13,125,12,0,0,0,12
9000,2025-05-13,126,11,0,0,0,11
9001,2025-05-13,127,17,0,0,0,17
9002,2025-05-13,128,0,0,0,0,0
9003,2025-05-13,129,0,0,0,0,0
9004,2025-05-13,130,10,0,1,0,9
9005,2025-05-13,131,55,0,3,0,52
9006,2025-05-13,132,0,0,0,0,0
9007,2025-05-13,133,0,0,0,0,0
9008,2025-05-13,134,16,0,1,0,15
9009,2025-05-13,135,15,0,0,0,15
9010,2025-05-13,136,0,0,0,0,0
9011,2025-05-13,137,0,0,0,0,0
9012,2025-05-13,138,10,0,1,0,9
9013,2025-05-13,139,19,0,1,0,18
9014,2025-05-13,140,0,0,0,0,0
9015,2025-05-13,141,27,0,0,0,27
9016,2025-05-13,142,33,0,2,0,31
9017,2025-05-13,143,23,0,2,0,21
9018,2025-05-13,144,0,0,0,0,0
9019,2025-05-13,145,25,0,1,0,24
9020,2025-05-13,146,8,0,0,0,8
9021,2025-05-13,147,0,0,0,0,0
9022,2025-05-13,148,9,0,0,0,9
9023,2025-05-13,149,16,0,2,0,14
9024,2025-05-13,150,13,0,1,0,12
9025,2025-05-13,151,23,0,0,0,23
9026,2025-05-13,152,20,0,2,0,18
9027,2025-05-13,153,0,0,0,0,0
9028,2025-05-13,154,0,0,0,0,0
9029,2025-05-13,155,12,0,0,0,12
9030,2025-05-13,156,56,0,0,0,56
9031,2025-05-13,157,10,0,1,0,9
9032,2025-05-13,158,51,0,1,0,50
9033,2025-05-13,159,49,0,1,0,48
9034,2025-05-13,160,15,0,0,0,15
9035,2025-05-13,161,30,0,2,0,28
9036,2025-05-13,162,0,0,0,0,0
9037,2025-05-13,163,8,0,0,0,8
9038,2025-05-13,164,9,0,0,0,9
9039,2025-05-13,165,13,0,0,0,13
9040,2025-05-13,166,32,0,1,0,31
9041,2025-05-13,167,48,0,2,0,46
9042,2025-05-13,168,10,0,0,0,10
9043,2025-05-13,169,7,0,1,0,6
9044,2025-05-13,170,15,0,1,0,14
9045,2025-05-14,101,14,0,1,0,13
9046,2025-05-14,102,0,0,0,0,0
9047,2025-05-14,103,0,0,0,0,0
9048,2025-05-14,104,13,0,2,0,11
9049,2025-05-14,105,25,0,2,0,23
9050,2025-05-14,106,18,0,1,0,17
9051,2025-05-14,108,10,0,0,0,10
9052,2025-05-14,109,18,0,0,0,18
9053,2025-05-14,110,14,0,1,0,13
9054,2025-05-14,112,50,0,1,0,49
9055,2025-05-14,113,0,0,0,0,0
9056,2025-05-14,114,7,0,1,0,6
9057,2025-05-14,115,0,0,0,0,0
9058,2025-05-14,116,7,0,1,0,6
9059,2025-05-14,117,17,0,0,0,17
9060,2025-05-14,118,56,0,1,0,55
9061,2025-05-14,119,51,0,1,0,50
9062,2025-05-14,120,0,0,0,0,0
9063,2025-05-14,121,0,0,0,0,0
9064,2025-05-14,122,6,0,0,0,6
9065,2025-05-14,123,18,0,2,0,16
9066,2025-05-14,124,0,0,0,0,0
9067,2025-05-14,125,12,0,0,0,12
9068,2025-05-14,126,11,0,0,0,11
9069,2025-05-14,127,17,0,0,0,17
9070,2025-05-14,128,0,0,0,0,0
9071,2025-05-14,129,0,11,0,0,11
9072,2025-05-14,130,9,0,0,0,9
9073,2025-05-14,131,52,0,0,0,52
9074,2025-05-14,132,0,0,0,0,0
9075,2025-05-14,133,0,0,0,0,0
9076,2025-05-14,134,15,0,0,0,15
9077,2025-05-14,135,15,0,1,0,14
9078,2025-05-14,136,0,0,0,0,0
9079,2025-05-14,137,0,0,0,0,0
9080,2025-05-14,138,9,0,1,0,8
9081,2025-05-14,139,18,0,2,0,16
9082,2025-05-14,140,0,0,0,0,0
9083,2025-05-14,141,27,0,0,0,27
9084,2025-05-14,142,31,0,2,0,29
9085,2025-05-14,143,21,0,0,0,21
9086,2025-05-14,144,0,0,0,0,0
9087,2025-05-14,145,24,0,0,0,24
9088,2025-05-14,146,8,0,0,0,8
9089,2025-05-14,147,0,0,0,0,0
9090,2025-05-14,148,9,0,0,0,9
9091,2025-05-14,149,14,0,1,0,13
9092,2025-05-14,150,12,0,0,0,12
9093,2025-05-14,151,23,0,2,0,21
9094,2025-05-14,152,18,0,1,0,17
9095,2025-05-14,153,0,0,0,0,0
9096,2025-05-14,154,0,0,0,0,0
9097,2025-05-14,155,12,0,0,0,12
9098,2025-05-14,156,56,0,0,0,56
9099,2025-05-14,157,9,0,1,0,8
9100,2025-05-14,158,50,0,3,0,47
9101,2025-05-14,159,48,0,0,0,48
9102,2025-05-14,160,15,0,0,0,15
9103,2025-05-14,161,28,0,0,0,28
9104,2025-05-14,162,0,0,0,0,0
9105,2025-05-14,163,8,0,0,0,8
9106,2025-05-14,164,9,0,0,0,9
9107,2025-05-14,165,13,0,0,0,13
9108,2025-05-14,166,31,0,3,0,28
9109,2025-05-14,167,46,0,2,0,44
9110,2025-05-14,168,10,0,0,0,10
9111,2025-05-14,169,6,0,1,0,5
9112,2025-05-14,170,14,49,1,0,62
9113,2025-05-15,101,13,0,2,0,11
9114,2025-05-15,102,0,0,0,0,0
9115,2025-05-15,103,0,0,0,0,0
9116,2025-05-15,104,11,0,1,0,10
9117,2025-05-15,105,23,0,0,-3,20
9118,2025-05-15,106,17,0,1,0,16
9119,2025-05-15,108,10,0,0,0,10
9120,2025-05-15,109,18,0,1,0,17
9121,2025-05-15,110,13,39,1,0,51
9122,2025-05-15,112,49,0,0,0,49
9123,2025-05-15,113,0,0,0,0,0
9124,2025-05-15,114,6,0,0,0,6
9125,2025-05-15,115,0,0,0,0,0
9126,2025-05-15,116,6,18,1,0,23
9127,2025-05-15,117,17,0,1,0,16
9128,2025-05-15,118,55,0,4,0,51
9129,2025-05-15,119,50,0,3,0,47
9130,2025-05-15,120,0,0,0,0,0
9131,2025-05-15,121,0,0,0,0,0
9132,2025-05-15,122,6,0,0,0,6
9133,2025-05-15,123,16,0,0,0,16
9134,2025-05-15,124,0,0,0,0,0
9135,2025-05-15,125,12,0,1,0,11
9136,2025-05-15,126,11,0,0,0,11
9137,2025-05-15,127,17,0,1,0,16
9138,2025-05-15,128,0,0,0,0,0
9139,2025-05-15,129,11,0,1,0,10
9140,2025-05-15,130,9,0,0,0,9
9141,2025-05-15,131,52,0,0,0,52
9142,2025-05-15,132,0,0,0,0,0
9143,2025-05-15,133,0,0,0,0,0
9144,2025-05-15,134,15,0,1,0,14
9145,2025-05-15,135,14,0,1,0,13
9146,2025-05-15,136,0,0,0,0,0
9147,2025-05-15,137,0,0,0,0,0
9148,2025-05-15,138,8,0,2,0,6
9149,2025-05-15,139,16,0,0,0,16
9150,2025-05-15,140,0,0,0,0,0
9151,2025-05-15,141,27,0,0,0,27
9152,2025-05-15,142,29,0,2,0,27
9153,2025-05-15,143,21,0,3,0,18
9154,2025-05-15,144,0,0,0,0,0
9155,2025-05-15,145,24,0,0,0,24
9156,2025-05-15,146,8,0,0,0,8
9157,2025-05-15,147,0,0,0,0,0
9158,2025-05-15,148,9,0,0,0,9
9159,2025-05-15,149,13,0,0,0,13
9160,2025-05-15,150,12,0,1,0,11
9161,2025-05-15,151,21,0,1,0,20
9162,2025-05-15,152,17,0,0,0,17
9163,2025-05-15,153,0,0,0,0,0
9164,2025-05-15,154,0,0,0,0,0
9165,2025-05-15,155,12,0,0,0,12
9166,2025-05-15,156,56,0,0,0,56
9167,2025-05-15,157,8,0,1,0,7
9168,2025-05-15,158,47,0,1,0,46
9169,2025-05-15,159,48,0,0,0,48
9170,2025-05-15,160,15,0,0,0,15
9171,2025-05-15,161,28,0,0,0,28
9172,2025-05-15,162,0,0,0,0,0
9173,2025-05-15,163,8,0,0,0,8
9174,2025-05-15,164,9,0,0,0,9
9175,2025-05-15,165,13,0,0,0,13
9176,2025-05-15,166,28,0,2,0,26
9177,2025-05-15,167,44,0,1,0,43
9178,2025-05-15,168,10,0,1,0,9
9179,2025-05-15,169,5,0,0,0,5
9180,2025-05-15,170,62,0,0,0,62
9181,2025-05-16,101,11,0,2,0,9
9182,2025-05-16,102,0,0,0,0,0
9183,2025-05-16,103,0,0,0,0,0
9184,2025-05-16,104,10,0,0,0,10
9185,2025-05-16,105,20,0,0,0,20
9186,2025-05-16,106,16,0,2,0,14
9187,2025-05-16,108,10,0,0,0,10
9188,2025-05-16,109,17,0,1,0,16
9189,2025-05-16,110,51,0,4,0,47
9190,2025-05-16,112,49,0,2,0,47
9191,2025-05-16,113,0,0,0,0,0
9192,2025-05-16,114,6,0,0,0,6
9193,2025-05-16,115,0,0,0,0,0
9194,2025-05-16,116,23,0,0,0,23
9195,2025-05-16,117,16,0,0,0,16
9196,2025-05-16,118,51,0,1,0,50
9197,2025-05-16,119,47,0,0,0,47
9198,2025-05-16,120,0,0,0,0,0
9199,2025-05-16,121,0,0,0,0,0
9200,2025-05-16,122,6,0,0,-3,3
9201,2025-05-16,123,16,0,0,0,16
9202,2025-05-16,124,0,0,0,0,0
9203,2025-05-16,125,11,0,0,0,11
9204,2025-05-16,126,11,0,0,0,11
9205,2025-05-16,127,16,0,0,0,16
9206,2025-05-16,128,0,0,0,0,0
9207,2025-05-16,129,10,0,0,0,10
9208,2025-05-16,130,9,0,1,0,8
9209,2025-05-16,131,52,0,3,-2,47
9210,2025-05-16,132,0,0,0,0,0
9211,2025-05-16,133,0,0,0,0,0
9212,2025-05-16,134,14,0,1,0,13
9213,2025-05-16,135,13,0,1,0,12
9214,2025-05-16,136,0,0,0,0,0
9215,2025-05-16,137,0,0,0,0,0
9216,2025-05-16,138,6,0,0,0,6
9217,2025-05-16,139,16,0,0,0,16
9218,2025-05-16,140,0,0,0,0,0
9219,2025-05-16,141,27,0,0,0,27
9220,2025-05-16,142,27,0,2,0,25
9221,2025-05-16,143,18,0,1,0,17
9222,2025-05-16,144,0,0,0,0,0
9223,2025-05-16,145,24,0,0,0,24
9224,2025-05-16,146,8,0,0,0,8
9225,2025-05-16,147,0,0,0,0,0
9226,2025-05-16,148,9,0,0,0,9
9227,2025-05-16,149,13,0,1,0,12
9228,2025-05-16,150,11,0,0,0,11
9229,2025-05-16,151,20,0,2,0,18
9230,2025-05-16,152,17,0,0,0,17
9231,2025-05-16,153,0,0,0,0,0
9232,2025-05-16,154,0,0,0,0,0
9233,2025-05-16,155,12,0,0,0,12
9234,2025-05-16,156,56,0,0,0,56
9235,2025-05-16,157,7,22,0,0,29
9236,2025-05-16,158,46,0,1,0,45
9237,2025-05-16,159,48,0,1,0,47
9238,2025-05-16,160,15,0,1,0,14
9239,2025-05-16,161,28,0,0,0,28
9240,2025-05-16,162,0,0,0,0,0
9241,2025-05-16,163,8,0,0,0,8
9242,2025-05-16,164,9,0,1,0,8
9243,2025-05-16,165,13,0,0,0,13
9244,2025-05-16,166,26,0,2,0,24
9245,2025-05-16,167,43,0,4,0,39
9246,2025-05-16,168,9,0,0,0,9
9247,2025-05-16,169,5,0,0,0,5
9248,2025-05-16,170,62,0,4,0,58
9249,2025-05-17,101,9,0,2,0,7
9250,2025-05-17,102,0,0,0,0,0
9251,2025-05-17,103,0,0,0,0,0
9252,2025-05-17,104,10,0,1,0,9
9253,2025-05-17,105,20,0,1,0,19
9254,2025-05-17,106,14,0,0,0,14
9255,2025-05-17,108,10,0,0,0,10
9256,2025-05-17,109,16,0,0,0,16
9257,2025-05-17,110,47,0,0,0,47
9258,2025-05-17,112,47,0,1,0,46
9259,2025-05-17,113,0,0,0,0,0
9260,2025-05-17,114,6,0,0,0,6
9261,2025-05-17,115,0,0,0,0,0
9262,2025-05-17,116,23,0,2,0,21
9263,2025-05-17,117,16,0,1,0,15
9264,2025-05-17,118,50,0,3,0,47
9265,2025-05-17,119,47,0,1,0,46
9266,2025-05-17,120,0,0,0,0,0
9267,2025-05-17,121,0,0,0,0,0
9268,2025-05-17,122,3,0,0,0,3
9269,2025-05-17,123,16,0,1,0,15
9270,2025-05-17,124,0,0,0,0,0
9271,2025-05-17,125,11,0,0,0,11
9272,2025-05-17,126,11,0,0,0,11
9273,2025-05-17,127,16,0,1,0,15
9274,2025-05-17,128,0,0,0,0,0
9275,2025-05-17,129,10,0,0,0,10
9276,2025-05-17,130,8,0,1,0,7
9277,2025-05-17,131,47,0,1,0,46
9278,2025-05-17,132,0,0,0,0,0
9279,2025-05-17,133,0,0,0,0,0
9280,2025-05-17,134,13,0,0,0,13
9281,2025-05-17,135,12,0,0,0,12
9282,2025-05-17,136,0,0,0,0,0
9283,2025-05-17,137,0,0,0,0,0
9284,2025-05-17,138,6,0,0,0,6
9285,2025-05-17,139,16,0,0,0,16
9286,2025-05-17,140,0,0,0,0,0
9287,2025-05-17,141,27,0,0,0,27
9288,2025-05-17,142,25,0,4,0,21
9289,2025-05-17,143,17,0,0,0,17
9290,2025-05-17,144,0,0,0,0,0
9291,2025-05-17,145,24,0,0,0,24
9292,2025-05-17,146,8,0,0,0,8
9293,2025-05-17,147,0,0,0,0,0
9294,2025-05-17,148,9,0,0,0,9
9295,2025-05-17,149,12,0,0,0,12
9296,2025-05-17,150,11,0,0,0,11
9297,2025-05-17,151,18,0,0,0,18
9298,2025-05-17,152,17,0,0,0,17
9299,2025-05-17,153,0,0,0,0,0
9300,2025-05-17,154,0,0,0,0,0
9301,2025-05-17,155,12,0,0,0,12
9302,2025-05-17,156,56,0,0,0,56
9303,2025-05-17,157,29,0,0,0,29
9304,2025-05-17,158,45,0,0,0,45
9305,2025-05-17,159,47,0,2,0,45
9306,2025-05-17,160,14,0,2,0,12
9307,2025-05-17,161,28,0,0,0,28
9308,2025-05-17,162,0,0,0,0,0
9309,2025-05-17,163,8,0,0,0,8
9310,2025-05-17,164,8,0,0,0,8
9311,2025-05-17,165,13,0,0,0,13
9312,2025-05-17,166,24,0,1,0,23
9313,2025-05-17,167,39,0,1,0,38
9314,2025-05-17,168,9,24,0,0,33
9315,2025-05-17,169,5,0,0,0,5
9316,2025-05-17,170,58,0,1,0,57
9317,2025-05-18,101,7,21,0,0,28
9318,2025-05-18,102,0,0,0,0,0
9319,2025-05-18,103,0,0,0,0,0
9320,2025-05-18,104,9,0,0,0,9
9321,2025-05-18,105,19,0,0,0,19
9322,2025-05-18,106,14,0,0,0,14
9323,2025-05-18,108,10,0,0,0,10
9324,2025-05-18,109,16,0,2,0,14
9325,2025-05-18,110,47,0,1,0,46
9326,2025-05-18,112,46,0,0,0,46
9327,2025-05-18,113,0,0,0,0,0
9328,2025-05-18,114,6,0,0,0,6
9329,2025-05-18,115,0,0,0,0,0
9330,2025-05-18,116,21,0,2,0,19
9331,2025-05-18,117,15,0,0,0,15
9332,2025-05-18,118,47,0,0,0,47
9333,2025-05-18,119,46,0,0,0,46
9334,2025-05-18,120,0,0,0,0,0
9335,2025-05-18,121,0,0,0,0,0
9336,2025-05-18,122,3,0,0,0,3
9337,2025-05-18,123,15,0,0,0,15
9338,2025-05-18,124,0,0,0,0,0
9339,2025-05-18,125,11,0,0,0,11
9340,2025-05-18,126,11,0,0,0,11
9341,2025-05-18,127,15,0,2,0,13
9342,2025-05-18,128,0,0,0,0,0
9343,2025-05-18,129,10,0,0,0,10
9344,2025-05-18,130,7,0,0,0,7
9345,2025-05-18,131,46,0,4,0,42
9346,2025-05-18,132,0,0,0,0,0
9347,2025-05-18,133,0,0,0,0,0
9348,2025-05-18,134,13,0,1,0,12
9349,2025-05-18,135,12,0,1,0,11
9350,2025-05-18,136,0,0,0,0,0
9351,2025-05-18,137,0,0,0,0,0
9352,2025-05-18,138,6,20,1,0,25
9353,2025-05-18,139,16,0,1,0,15
9354,2025-05-18,140,0,0,0,0,0
9355,2025-05-18,141,27,0,0,0,27
9356,2025-05-18,142,21,0,0,0,21
9357,2025-05-18,143,17,0,3,0,14
9358,2025-05-18,144,0,0,0,0,0
9359,2025-05-18,145,24,0,0,0,24
9360,2025-05-18,146,8,0,0,0,8
9361,2025-05-18,147,0,0,0,0,0
9362,2025-05-18,148,9,0,0,0,9
9363,2025-05-18,149,12,0,0,0,12
9364,2025-05-18,150,11,0,0,0,11
9365,2025-05-18,151,18,0,1,0,17
9366,2025-05-18,152,17,0,1,0,16
9367,2025-05-18,153,0,0,0,0,0
9368,2025-05-18,154,0,0,0,0,0
9369,2025-05-18,155,12,0,0,0,12
9370,2025-05-18,156,56,0,1,0,55
9371,2025-05-18,157,29,0,1,0,28
9372,2025-05-18,158,45,0,0,0,45
9373,2025-05-18,159,45,0,0,0,45
9374,2025-05-18,160,12,0,0,0,12
9375,2025-05-18,161,28,0,0,0,28
9376,2025-05-18,162,0,0,0,0,0
9377,2025-05-18,163,8,0,0,0,8
9378,2025-05-18,164,8,0,1,0,7
9379,2025-05-18,165,13,0,1,0,12
9380,2025-05-18,166,23,0,3,0,20
9381,2025-05-18,167,38,0,2,0,36
9382,2025-05-18,168,33,0,0,0,33
9383,2025-05-18,169,5,0,0,0,5
9384,2025-05-18,170,57,0,0,0,57
9385,2025-05-19,101,28,0,5,0,23
9386,2025-05-19,102,0,0,0,0,0
9387,2025-05-19,103,0,0,0,0,0
9388,2025-05-19,104,9,0,1,0,8
9389,2025-05-19,105,19,0,1,0,18
9390,2025-05-19,106,14,0,1,0,13
9391,2025-05-19,108,10,0,0,0,10
9392,2025-05-19,109,14,0,1,0,13
9393,2025-05-19,110,46,0,0,0,46
9394,2025-05-19,112,46,0,1,0,45
9395,2025-05-19,113,0,0,0,0,0
9396,2025-05-19,114,6,0,0,0,6
9397,2025-05-19,115,0,0,0,0,0
9398,2025-05-19,116,19,0,0,0,19
9399,2025-05-19,117,15,0,2,0,13
9400,2025-05-19,118,47,0,0,0,47
9401,2025-05-19,119,46,0,3,0,43
9402,2025-05-19,120,0,0,0,0,0
9403,2025-05-19,121,0,0,0,0,0
9404,2025-05-19,122,3,0,0,0,3
9405,2025-05-19,123,15,0,0,0,15
9406,2025-05-19,124,0,0,0,0,0
9407,2025-05-19,125,11,0,0,0,11
9408,2025-05-19,126,11,0,0,0,11
9409,2025-05-19,127,13,0,1,0,12
9410,2025-05-19,128,0,0,0,0,0
9411,2025-05-19,129,10,0,0,0,10
9412,2025-05-19,130,7,0,0,0,7
9413,2025-05-19,131,42,0,3,0,39
9414,2025-05-19,132,0,0,0,0,0
9415,2025-05-19,133,0,0,0,0,0
9416,2025-05-19,134,12,0,1,0,11
9417,2025-05-19,135,11,0,1,0,10
9418,2025-05-19,136,0,0,0,0,0
9419,2025-05-19,137,0,0,0,0,0
9420,2025-05-19,138,25,0,1,0,24
9421,2025-05-19,139,15,0,1,0,14
9422,2025-05-19,140,0,0,0,0,0
9423,2025-05-19,141,27,0,0,0,27
9424,2025-05-19,142,21,0,2,0,19
9425,2025-05-19,143,14,0,0,0,14
9426,2025-05-19,144,0,0,0,0,0
9427,2025-05-19,145,24,0,1,0,23
9428,2025-05-19,146,8,0,2,0,6
9429,2025-05-19,147,0,0,0,0,0
9430,2025-05-19,148,9,0,0,0,9
9431,2025-05-19,149,12,0,1,0,11
9432,2025-05-19,150,11,0,0,0,11
9433,2025-05-19,151,17,0,0,0,17
9434,2025-05-19,152,16,0,0,0,16
9435,2025-05-19,153,0,0,0,0,0
9436,2025-05-19,154,0,0,0,0,0
9437,2025-05-19,155,12,0,1,0,11
9438,2025-05-19,156,55,0,1,0,54
9439,2025-05-19,157,28,0,2,0,26
9440,2025-05-19,158,45,0,2,0,43
9441,2025-05-19,159,45,0,4,0,41
9442,2025-05-19,160,12,0,0,0,12
9443,2025-05-19,161,28,0,0,0,28
9444,2025-05-19,162,0,0,0,0,0
9445,2025-05-19,163,8,0,0,0,8
9446,2025-05-19,164,7,0,0,0,7
9447,2025-05-19,165,12,0,0,0,12
9448,2025-05-19,166,20,0,1,0,19
9449,2025-05-19,167,36,0,0,0,36
9450,2025-05-19,168,33,0,0,0,33
9451,2025-05-19,169,5,0,0,0,5
9452,2025-05-19,170,57,0,2,0,55
9453,2025-05-20,101,23,0,1,0,22
9454,2025-05-20,102,0,0,0,0,0
9455,2025-05-20,103,0,0,0,0,0
9456,2025-05-20,104,8,22,0,0,30
9457,2025-05-20,105,18,0,1,0,17
9458,2025-05-20,106,13,0,6,0,7
9459,2025-05-20,108,10,0,0,0,10
9460,2025-05-20,109,13,0,0,0,13
9461,2025-05-20,110,46,0,1,0,45
9462,2025-05-20,112,45,0,1,0,44
9463,2025-05-20,113,0,0,0,0,0
9464,2025-05-20,114,6,0,0,0,6
9465,2025-05-20,115,0,0,0,0,0
9466,2025-05-20,116,19,0,0,0,19
9467,2025-05-20,117,13,0,1,0,12
9468,2025-05-20,118,47,0,2,0,45
9469,2025-05-20,119,43,0,2,0,41
9470,2025-05-20,120,0,0,0,0,0
9471,2025-05-20,121,0,0,0,0,0
9472,2025-05-20,122,3,10,1,0,12
9473,2025-05-20,123,15,0,0,0,15
9474,2025-05-20,124,0,0,0,0,0
9475,2025-05-20,125,11,0,1,0,10
9476,2025-05-20,126,11,0,0,0,11
9477,2025-05-20,127,12,0,0,0,12
9478,2025-05-20,128,0,0,0,0,0
9479,2025-05-20,129,10,0,0,0,10
9480,2025-05-20,130,7,0,1,0,6
9481,2025-05-20,131,39,0,3,0,36
9482,2025-05-20,132,0,0,0,0,0
9483,2025-05-20,133,0,0,0,0,0
9484,2025-05-20,134,11,0,0,0,11
9485,2025-05-20,135,10,0,2,0,8
9486,2025-05-20,136,0,0,0,0,0
9487,2025-05-20,137,0,0,0,0,0
9488,2025-05-20,138,24,0,0,0,24
9489,2025-05-20,139,14,0,2,0,12
9490,2025-05-20,140,0,0,0,0,0
9491,2025-05-20,141,27,0,1,0,26
9492,2025-05-20,142,19,0,0,0,19
9493,2025-05-20,143,14,0,0,0,14
9494,2025-05-20,144,0,0,0,0,0
9495,2025-05-20,145,23,0,1,0,22
9496,2025-05-20,146,6,0,0,0,6
9497,2025-05-20,147,0,0,0,0,0
9498,2025-05-20,148,9,0,0,0,9
9499,2025-05-20,149,11,0,1,0,10
9500,2025-05-20,150,11,0,0,0,11
9501,2025-05-20,151,17,0,1,0,16
9502,2025-05-20,152,16,0,1,0,15
9503,2025-05-20,153,0,0,0,0,0
9504,2025-05-20,154,0,0,0,0,0
9505,2025-05-20,155,11,0,0,0,11
9506,2025-05-20,156,54,0,2,0,52
9507,2025-05-20,157,26,0,0,0,26
9508,2025-05-20,158,43,0,1,0,42
9509,2025-05-20,159,41,0,0,0,41
9510,2025-05-20,160,12,0,1,0,11
9511,2025-05-20,161,28,0,0,0,28
9512,2025-05-20,162,0,0,0,0,0
9513,2025-05-20,163,8,0,0,0,8
9514,2025-05-20,164,7,0,0,0,7
9515,2025-05-20,165,12,0,0,0,12
9516,2025-05-20,166,19,0,0,0,19
9517,2025-05-20,167,36,0,3,0,33
9518,2025-05-20,168,33,0,0,0,33
9519,2025-05-20,169,5,0,0,0,5
9520,2025-05-20,170,55,0,1,0,54
9521,2025-05-21,101,22,0,1,0,21
9522,2025-05-21,102,0,0,0,0,0
9523,2025-05-21,103,0,0,0,0,0
9524,2025-05-21,104,30,0,1,0,29
9525,2025-05-21,105,17,0,0,0,17
9526,2025-05-21,106,7,0,1,0,6
9527,2025-05-21,108,10,0,0,0,10
9528,2025-05-21,109,13,0,0,0,13
9529,2025-05-21,110,45,0,2,0,43
9530,2025-05-21,112,44,0,1,0,43
9531,2025-05-21,113,0,0,0,0,0
9532,2025-05-21,114,6,0,0,0,6
9533,2025-05-21,115,0,0,0,0,0
9534,2025-05-21,116,19,0,1,0,18
9535,2025-05-21,117,12,0,1,0,11
9536,2025-05-21,118,45,0,2,0,43
9537,2025-05-21,119,41,0,2,0,39
9538,2025-05-21,120,0,0,0,0,0
9539,2025-05-21,121,0,0,0,0,0
9540,2025-05-21,122,12,0,0,0,12
9541,2025-05-21,123,15,0,0,0,15
9542,2025-05-21,124,0,0,0,0,0
9543,2025-05-21,125,10,0,0,0,10
9544,2025-05-21,126,11,0,0,0,11
9545,2025-05-21,127,12,0,0,0,12
9546,2025-05-21,128,0,0,0,0,0
9547,2025-05-21,129,10,0,0,0,10
9548,2025-05-21,130,6,0,0,0,6
9549,2025-05-21,131,36,0,1,0,35
9550,2025-05-21,132,0,0,0,0,0
9551,2025-05-21,133,0,0,0,0,0
9552,2025-05-21,134,11,0,0,0,11
9553,2025-05-21,135,8,0,0,0,8
9554,2025-05-21,136,0,0,0,0,0
9555,2025-05-21,137,0,0,0,0,0
9556,2025-05-21,138,24,0,0,0,24
9557,2025-05-21,139,12,0,1,0,11
9558,2025-05-21,140,0,0,0,0,0
9559,2025-05-21,141,26,0,0,0,26
9560,2025-05-21,142,19,0,1,0,18
9561,2025-05-21,143,14,0,0,0,14
9562,2025-05-21,144,0,0,0,0,0
9563,2025-05-21,145,22,0,0,0,22
9564,2025-05-21,146,6,0,0,0,6
9565,2025-05-21,147,0,0,0,0,0
9566,2025-05-21,148,9,0,0,0,9
9567,2025-05-21,149,10,0,0,0,10
9568,2025-05-21,150,11,0,0,0,11
9569,2025-05-21,151,16,0,2,0,14
9570,2025-05-21,152,15,0,0,0,15
9571,2025-05-21,153,0,0,0,0,0
9572,2025-05-21,154,0,0,0,0,0
9573,2025-05-21,155,11,0,0,0,11
9574,2025-05-21,156,52,0,0,0,52
9575,2025-05-21,157,26,0,0,0,26
9576,2025-05-21,158,42,0,2,0,40
9577,2025-05-21,159,41,0,1,0,40
9578,2025-05-21,160,11,0,0,0,11
9579,2025-05-21,161,28,0,0,0,28
9580,2025-05-21,162,0,0,0,0,0
9581,2025-05-21,163,8,0,0,0,8
9582,2025-05-21,164,7,20,1,0,26
9583,2025-05-21,165,12,0,0,0,12
9584,2025-05-21,166,19,0,2,0,17
9585,2025-05-21,167,33,0,1,0,32
9586,2025-05-21,168,33,0,1,0,32
9587,2025-05-21,169,5,0,1,0,4
9588,2025-05-21,170,54,0,3,0,51
9589,2025-05-22,101,21,0,0,0,21
9590,2025-05-22,102,0,0,0,0,0
9591,2025-05-22,103,0,0,0,0,0
9592,2025-05-22,104,29,0,1,0,28
9593,2025-05-22,105,17,0,0,0,17
9594,2025-05-22,106,6,0,3,0,3
9595,2025-05-22,108,10,0,0,0,10
9596,2025-05-22,109,13,0,0,0,13
9597,2025-05-22,110,43,0,3,0,40
9598,2025-05-22,112,43,0,4,0,39
9599,2025-05-22,113,0,0,0,0,0
9600,2025-05-22,114,6,0,0,0,6
9601,2025-05-22,115,0,0,0,0,0
9602,2025-05-22,116,18,0,0,0,18
9603,2025-05-22,117,11,0,1,0,10
9604,2025-05-22,118,43,0,0,0,43
9605,2025-05-22,119,39,0,2,0,37
9606,2025-05-22,120,0,0,0,0,0
9607,2025-05-22,121,0,0,0,0,0
9608,2025-05-22,122,12,0,0,0,12
9609,2025-05-22,123,15,0,0,0,15
9610,2025-05-22,124,0,0,0,0,0
9611,2025-05-22,125,10,0,0,0,10
9612,2025-05-22,126,11,0,0,0,11
9613,2025-05-22,127,12,0,0,0,12
9614,2025-05-22,128,0,0,0,0,0
9615,2025-05-22,129,10,0,0,0,10
9616,2025-05-22,130,6,0,0,0,6
9617,2025-05-22,131,35,0,3,0,32
9618,2025-05-22,132,0,0,0,0,0
9619,2025-05-22,133,0,0,0,0,0
9620,2025-05-22,134,11,0,0,0,11
9621,2025-05-22,135,8,0,0,0,8
9622,2025-05-22,136,0,0,0,0,0
9623,2025-05-22,137,0,0,0,0,0
9624,2025-05-22,138,24,0,0,0,24
9625,2025-05-22,139,11,0,2,0,9
9626,2025-05-22,140,0,0,0,0,0
9627,2025-05-22,141,26,0,0,0,26
9628,2025-05-22,142,18,0,0,0,18
9629,2025-05-22,143,14,0,0,0,14
9630,2025-05-22,144,0,0,0,0,0
9631,2025-05-22,145,22,0,0,0,22
9632,2025-05-22,146,6,0,0,0,6
9633,2025-05-22,147,0,0,0,0,0
9634,2025-05-22,148,9,0,0,0,9
9635,2025-05-22,149,10,0,0,0,10
9636,2025-05-22,150,11,0,0,0,11
9637,2025-05-22,151,14,0,4,0,10
9638,2025-05-22,152,15,0,2,0,13
9639,2025-05-22,153,0,0,0,0,0
9640,2025-05-22,154,0,0,0,0,0
9641,2025-05-22,155,11,0,0,0,11
9642,2025-05-22,156,52,0,2,0,50
9643,2025-05-22,157,26,0,0,0,26
9644,2025-05-22,158,40,0,1,0,39
9645,2025-05-22,159,40,0,3,0,37
9646,2025-05-22,160,11,0,2,0,9
9647,2025-05-22,161,28,0,2,0,26
9648,2025-05-22,162,0,0,0,0,0
9649,2025-05-22,163,8,0,0,-3,5
9650,2025-05-22,164,26,0,1,0,25
9651,2025-05-22,165,12,0,0,0,12
9652,2025-05-22,166,17,0,1,0,16
9653,2025-05-22,167,32,0,1,0,31
9654,2025-05-22,168,32,0,1,0,31
9655,2025-05-22,169,4,0,0,0,4
9656,2025-05-22,170,51,0,2,0,49
9657,2025-05-23,101,21,0,0,0,21
9658,2025-05-23,102,0,0,0,0,0
9659,2025-05-23,103,0,0,0,0,0
9660,2025-05-23,104,28,0,0,0,28
9661,2025-05-23,105,17,0,1,0,16
9662,2025-05-23,106,3,0,1,0,2
9663,2025-05-23,108,10,0,1,0,9
9664,2025-05-23,109,13,0,1,0,12
9665,2025-05-23,110,40,0,2,0,38
9666,2025-05-23,112,39,0,2,0,37
9667,2025-05-23,113,0,0,0,0,0
9668,2025-05-23,114,6,0,0,0,6
9669,2025-05-23,115,0,0,0,0,0
9670,2025-05-23,116,18,0,0,0,18
9671,2025-05-23,117,10,0,1,0,9
9672,2025-05-23,118,43,0,0,0,43
9673,2025-05-23,119,37,0,2,0,35
9674,2025-05-23,120,0,0,0,0,0
9675,2025-05-23,121,0,0,0,0,0
9676,2025-05-23,122,12,0,0,0,12
9677,2025-05-23,123,15,0,0,0,15
9678,2025-05-23,124,0,0,0,0,0
9679,2025-05-23,125,10,0,0,0,10
9680,2025-05-23,126,11,0,0,0,11
9681,2025-05-23,127,12,0,0,0,12
9682,2025-05-23,128,0,0,0,0,0
9683,2025-05-23,129,10,0,0,0,10
9684,2025-05-23,130,6,0,1,0,5
9685,2025-05-23,131,32,0,0,0,32
9686,2025-05-23,132,0,0,0,0,0
9687,2025-05-23,133,0,0,0,0,0
9688,2025-05-23,134,11,0,1,0,10
9689,2025-05-23,135,8,0,0,0,8
9690,2025-05-23,136,0,0,0,0,0
9691,2025-05-23,137,0,0,0,0,0
9692,2025-05-23,138,24,0,0,0,24
9693,2025-05-23,139,9,0,1,0,8
9694,2025-05-23,140,0,0,0,0,0
9695,2025-05-23,141,26,0,0,0,26
9696,2025-05-23,142,18,0,4,-3,11
9697,2025-05-23,143,14,0,2,0,12
9698,2025-05-23,144,0,0,0,0,0
9699,2025-05-23,145,22,0,0,0,22
9700,2025-05-23,146,6,0,0,0,6
9701,2025-05-23,147,0,0,0,0,0
9702,2025-05-23,148,9,0,0,0,9
9703,2025-05-23,149,10,0,0,0,10
9704,2025-05-23,150,11,0,0,0,11
9705,2025-05-23,151,10,0,0,0,10
9706,2025-05-23,152,13,0,1,0,12
9707,2025-05-23,153,0,0,0,0,0
9708,2025-05-23,154,0,0,0,0,0
9709,2025-05-23,155,11,0,0,0,11
9710,2025-05-23,156,50,0,2,0,48
9711,2025-05-23,157,26,0,0,0,26
9712,2025-05-23,158,39,0,2,0,37
9713,2025-05-23,159,37,0,0,0,37
9714,2025-05-23,160,9,0,0,0,9
9715,2025-05-23,161,26,0,0,0,26
9716,2025-05-23,162,0,0,0,0,0
9717,2025-05-23,163,5,0,1,0,4
9718,2025-05-23,164,25,0,1,0,24
9719,2025-05-23,165,12,0,1,0,11
9720,2025-05-23,166,16,0,2,0,14
9721,2025-05-23,167,31,0,0,0,31
9722,2025-05-23,168,31,0,0,0,31
9723,2025-05-23,169,4,0,0,0,4
9724,2025-05-23,170,49,0,3,0,46
9725,2025-05-24,101,21,0,0,0,21
9726,2025-05-24,102,0,0,0,0,0
9727,2025-05-24,103,0,0,0,0,0
9728,2025-05-24,104,28,0,0,0,28
9729,2025-05-24,105,16,0,1,0,15
9730,2025-05-24,106,2,42,0,-1,43
9731,2025-05-24,108,9,0,0,0,9
9732,2025-05-24,109,12,0,0,0,12
9733,2025-05-24,110,38,0,0,0,38
9734,2025-05-24,112,37,0,1,0,36
9735,2025-05-24,113,0,0,0,0,0
9736,2025-05-24,114,6,0,0,0,6
9737,2025-05-24,115,0,0,0,0,0
9738,2025-05-24,116,18,0,0,0,18
9739,2025-05-24,117,9,0,0,0,9
9740,2025-05-24,118,43,0,4,0,39
9741,2025-05-24,119,35,0,0,0,35
9742,2025-05-24,120,0,0,0,0,0
9743,2025-05-24,121,0,0,0,0,0
9744,2025-05-24,122,12,0,0,0,12
9745,2025-05-24,123,15,0,0,0,15
9746,2025-05-24,124,0,0,0,0,0
9747,2025-05-24,125,10,0,0,0,10
9748,2025-05-24,126,11,0,0,0,11
9749,2025-05-24,127,12,0,0,0,12
9750,2025-05-24,128,0,0,0,0,0
9751,2025-05-24,129,10,0,0,0,10
9752,2025-05-24,130,5,0,0,0,5
9753,2025-05-24,131,32,0,3,0,29
9754,2025-05-24,132,0,0,0,0,0
9755,2025-05-24,133,0,0,0,0,0
9756,2025-05-24,134,10,0,1,0,9
9757,2025-05-24,135,8,0,2,0,6
9758,2025-05-24,136,0,0,0,0,0
9759,2025-05-24,137,0,0,0,0,0
9760,2025-05-24,138,24,0,0,0,24
9761,2025-05-24,139,8,0,1,0,7
9762,2025-05-24,140,0,0,0,0,0
9763,2025-05-24,141,26,0,1,0,25
9764,2025-05-24,142,11,0,2,0,9
9765,2025-05-24,143,12,0,2,0,10
9766,2025-05-24,144,0,0,0,0,0
9767,2025-05-24,145,22,0,2,0,20
9768,2025-05-24,146,6,0,1,0,5
9769,2025-05-24,147,0,0,0,0,0
9770,2025-05-24,148,9,0,0,0,9
9771,2025-05-24,149,10,0,1,0,9
9772,2025-05-24,150,11,0,0,0,11
9773,2025-05-24,151,10,38,4,0,44
9774,2025-05-24,152,12,0,0,0,12
9775,2025-05-24,153,0,0,0,0,0
9776,2025-05-24,154,0,0,0,0,0
9777,2025-05-24,155,11,0,0,0,11
9778,2025-05-24,156,48,0,2,0,46
9779,2025-05-24,157,26,0,0,0,26
9780,2025-05-24,158,37,0,2,0,35
9781,2025-05-24,159,37,0,3,0,34
9782,2025-05-24,160,9,0,0,0,9
9783,2025-05-24,161,26,0,1,0,25
9784,2025-05-24,162,0,0,0,0,0
9785,2025-05-24,163,4,0,0,0,4
9786,2025-05-24,164,24,0,0,0,24
9787,2025-05-24,165,11,0,0,0,11
9788,2025-05-24,166,14,39,0,0,53
9789,2025-05-24,167,31,0,0,0,31
9790,2025-05-24,168,31,0,1,0,30
9791,2025-05-24,169,4,0,1,0,3
9792,2025-05-24,170,46,0,0,0,46
9793,2025-05-25,101,21,0,2,0,19
9794,2025-05-25,102,0,0,0,0,0
9795,2025-05-25,103,0,0,0,0,0
9796,2025-05-25,104,28,0,0,0,28
9797,2025-05-25,105,15,0,1,-1,13
9798,2025-05-25,106,43,0,1,0,42
9799,2025-05-25,108,9,0,0,0,9
9800,2025-05-25,109,12,0,1,0,11
9801,2025-05-25,110,38,0,1,0,37
9802,2025-05-25,112,36,0,1,0,35
9803,2025-05-25,113,0,0,0,0,0
9804,2025-05-25,114,6,0,0,0,6
9805,2025-05-25,115,0,0,0,0,0
9806,2025-05-25,116,18,0,1,0,17
9807,2025-05-25,117,9,0,0,0,9
9808,2025-05-25,118,39,0,0,0,39
9809,2025-05-25,119,35,0,2,0,33
9810,2025-05-25,120,0,0,0,0,0
9811,2025-05-25,121,0,0,0,0,0
9812,2025-05-25,122,12,0,0,0,12
9813,2025-05-25,123,15,0,2,0,13
9814,2025-05-25,124,0,0,0,0,0
9815,2025-05-25,125,10,0,0,0,10
9816,2025-05-25,126,11,0,0,0,11
9817,2025-05-25,127,12,0,0,0,12
9818,2025-05-25,128,0,0,0,0,0
9819,2025-05-25,129,10,0,0,0,10
9820,2025-05-25,130,5,0,0,0,5
9821,2025-05-25,131,29,0,1,0,28
9822,2025-05-25,132,0,0,0,0,0
9823,2025-05-25,133,0,0,0,0,0
9824,2025-05-25,134,9,0,0,0,9
9825,2025-05-25,135,6,21,1,0,26
9826,2025-05-25,136,0,0,0,0,0
9827,2025-05-25,137,0,0,0,0,0
9828,2025-05-25,138,24,0,1,0,23
9829,2025-05-25,139,7,0,2,0,5
9830,2025-05-25,140,0,0,0,0,0
9831,2025-05-25,141,25,0,0,0,25
9832,2025-05-25,142,9,0,0,0,9
9833,2025-05-25,143,10,0,1,0,9
9834,2025-05-25,144,0,0,0,0,0
9835,2025-05-25,145,20,0,0,0,20
9836,2025-05-25,146,5,0,0,0,5
9837,2025-05-25,147,0,0,0,0,0
9838,2025-05-25,148,9,0,0,0,9
9839,2025-05-25,149,9,0,1,0,8
9840,2025-05-25,150,11,0,0,0,11
9841,2025-05-25,151,44,0,2,0,42
9842,2025-05-25,152,12,0,0,0,12
9843,2025-05-25,153,0,0,0,0,0
9844,2025-05-25,154,0,0,0,0,0
9845,2025-05-25,155,11,0,0,0,11
9846,2025-05-25,156,46,0,0,0,46
9847,2025-05-25,157,26,0,0,0,26
9848,2025-05-25,158,35,0,1,0,34
9849,2025-05-25,159,34,0,1,0,33
9850,2025-05-25,160,9,0,1,0,8
9851,2025-05-25,161,25,0,0,0,25
9852,2025-05-25,162,0,0,0,0,0
9853,2025-05-25,163,4,11,0,0,15
9854,2025-05-25,164,24,0,0,0,24
9855,2025-05-25,165,11,0,0,0,11
9856,2025-05-25,166,53,0,1,0,52
9857,2025-05-25,167,31,0,0,0,31
9858,2025-05-25,168,30,0,0,0,30
9859,2025-05-25,169,3,11,1,0,13
9860,2025-05-25,170,46,0,1,0,45
9861,2025-05-26,101,19,0,0,0,19
9862,2025-05-26,102,0,0,0,0,0
9863,2025-05-26,103,0,0,0,0,0
9864,2025-05-26,104,28,0,2,0,26
9865,2025-05-26,105,13,0,0,0,13
9866,2025-05-26,106,42,0,0,0,42
9867,2025-05-26,108,9,0,0,0,9
9868,2025-05-26,109,11,0,0,0,11
9869,2025-05-26,110,37,0,3,0,34
9870,2025-05-26,112,35,0,0,0,35
9871,2025-05-26,113,0,0,0,0,0
9872,2025-05-26,114,6,0,1,0,5
9873,2025-05-26,115,0,0,0,0,0
9874,2025-05-26,116,17,0,2,0,15
9875,2025-05-26,117,9,0,1,0,8
9876,2025-05-26,118,39,0,3,0,36
9877,2025-05-26,119,33,0,3,0,30
9878,2025-05-26,120,0,0,0,0,0
9879,2025-05-26,121,0,0,0,0,0
9880,2025-05-26,122,12,0,1,0,11
9881,2025-05-26,123,13,0,0,0,13
9882,2025-05-26,124,0,0,0,0,0
9883,2025-05-26,125,10,0,0,0,10
9884,2025-05-26,126,11,0,0,0,11
9885,2025-05-26,127,12,0,0,0,12
9886,2025-05-26,128,0,0,0,0,0
9887,2025-05-26,129,10,0,0,0,10
9888,2025-05-26,130,5,0,0,0,5
9889,2025-05-26,131,28,0,1,0,27
9890,2025-05-26,132,0,0,0,0,0
9891,2025-05-26,133,0,0,0,0,0
9892,2025-05-26,134,9,0,0,0,9
9893,2025-05-26,135,26,0,2,0,24
9894,2025-05-26,136,0,0,0,0,0
9895,2025-05-26,137,0,0,0,0,0
9896,2025-05-26,138,23,0,1,0,22
9897,2025-05-26,139,5,0,0,0,5
9898,2025-05-26,140,0,0,0,0,0
9899,2025-05-26,141,25,0,1,0,24
9900,2025-05-26,142,9,0,1,0,8
9901,2025-05-26,143,9,43,3,0,49
9902,2025-05-26,144,0,0,0,0,0
9903,2025-05-26,145,20,0,2,0,18
9904,2025-05-26,146,5,0,0,0,5
9905,2025-05-26,147,0,0,0,0,0
9906,2025-05-26,148,9,0,0,0,9
9907,2025-05-26,149,8,0,3,0,5
9908,2025-05-26,150,11,0,0,0,11
9909,2025-05-26,151,42,0,0,0,42
9910,2025-05-26,152,12,0,2,0,10
9911,2025-05-26,153,0,0,0,0,0
9912,2025-05-26,154,0,0,0,0,0
9913,2025-05-26,155,11,0,1,0,10
9914,2025-05-26,156,46,0,3,0,43
9915,2025-05-26,157,26,0,1,0,25
9916,2025-05-26,158,34,0,0,0,34
9917,2025-05-26,159,33,0,1,0,32
9918,2025-05-26,160,8,0,0,0,8
9919,2025-05-26,161,25,0,3,0,22
9920,2025-05-26,162,0,0,0,0,0
9921,2025-05-26,163,15,0,0,0,15
9922,2025-05-26,164,24,0,2,0,22
9923,2025-05-26,165,11,0,1,0,10
9924,2025-05-26,166,52,0,1,0,51
9925,2025-05-26,167,31,0,1,0,30
9926,2025-05-26,168,30,0,0,0,30
9927,2025-05-26,169,13,0,0,0,13
9928,2025-05-26,170,45,0,2,0,43
9929,2025-05-27,101,19,0,1,0,18
9930,2025-05-27,102,0,0,0,0,0
9931,2025-05-27,103,0,0,0,0,0
9932,2025-05-27,104,26,0,1,0,25
9933,2025-05-27,105,13,0,0,0,13
9934,2025-05-27,106,42,0,0,0,42
9935,2025-05-27,108,9,0,0,0,9
9936,2025-05-27,109,11,0,1,0,10
9937,2025-05-27,110,34,0,4,0,30
9938,2025-05-27,112,35,0,3,0,32
9939,2025-05-27,113,0,0,0,0,0
9940,2025-05-27,114,5,0,0,0,5
9941,2025-05-27,115,0,0,0,0,0
9942,2025-05-27,116,15,0,0,0,15
9943,2025-05-27,117,8,0,0,0,8
9944,2025-05-27,118,36,0,0,0,36
9945,2025-05-27,119,30,0,0,0,30
9946,2025-05-27,120,0,0,0,0,0
9947,2025-05-27,121,0,0,0,0,0
9948,2025-05-27,122,11,0,0,0,11
9949,2025-05-27,123,13,0,1,0,12
9950,2025-05-27,124,0,0,0,0,0
9951,2025-05-27,125,10,0,0,0,10
9952,2025-05-27,126,11,0,0,0,11
9953,2025-05-27,127,12,0,0,0,12
9954,2025-05-27,128,0,0,0,0,0
9955,2025-05-27,129,10,0,1,0,9
9956,2025-05-27,130,5,0,1,0,4
9957,2025-05-27,131,27,0,0,0,27
9958,2025-05-27,132,0,0,0,0,0
9959,2025-05-27,133,0,0,0,0,0
9960,2025-05-27,134,9,0,0,0,9
9961,2025-05-27,135,24,0,0,0,24
9962,2025-05-27,136,0,0,0,0,0
9963,2025-05-27,137,0,0,0,0,0
9964,2025-05-27,138,22,0,0,0,22
9965,2025-05-27,139,5,21,1,0,25
9966,2025-05-27,140,0,0,0,0,0
9967,2025-05-27,141,24,0,0,0,24
9968,2025-05-27,142,8,0,0,0,8
9969,2025-05-27,143,49,0,3,0,46
9970,2025-05-27,144,0,0,0,0,0
9971,2025-05-27,145,18,0,1,0,17
9972,2025-05-27,146,5,0,0,0,5
9973,2025-05-27,147,0,0,0,0,0
9974,2025-05-27,148,9,0,1,0,8
9975,2025-05-27,149,5,0,0,0,5
9976,2025-05-27,150,11,0,0,0,11
9977,2025-05-27,151,42,0,1,0,41
9978,2025-05-27,152,10,0,0,0,10
9979,2025-05-27,153,0,0,0,0,0
9980,2025-05-27,154,0,0,0,0,0
9981,2025-05-27,155,10,0,0,0,10
9982,2025-05-27,156,43,0,3,0,40
9983,2025-05-27,157,25,0,2,0,23
9984,2025-05-27,158,34,0,0,0,34
9985,2025-05-27,159,32,0,3,0,29
9986,2025-05-27,160,8,0,0,0,8
9987,2025-05-27,161,22,0,1,0,21
9988,2025-05-27,162,0,0,0,0,0
9989,2025-05-27,163,15,0,0,0,15
9990,2025-05-27,164,22,0,4,0,18
9991,2025-05-27,165,10,0,0,0,10
9992,2025-05-27,166,51,0,1,0,50
9993,2025-05-27,167,30,0,3,0,27
9994,2025-05-27,168,30,0,1,0,29
9995,2025-05-27,169,13,0,0,0,13
9996,2025-05-27,170,43,0,2,0,41
9997,2025-05-28,101,18,0,2,0,16
9998,2025-05-28,102,0,0,0,0,0
9999,2025-05-28,103,0,0,0,0,0
10000,2025-05-28,104,25,0,1,0,24
10001,2025-05-28,105,13,0,0,0,13
10002,2025-05-28,106,42,0,5,0,37
10003,2025-05-28,108,9,0,0,0,9
10004,2025-05-28,109,10,0,0,0,10
10005,2025-05-28,110,30,0,2,0,28
10006,2025-05-28,112,32,0,2,0,30
10007,2025-05-28,113,0,0,0,0,0
10008,2025-05-28,114,5,0,0,0,5
10009,2025-05-28,115,0,0,0,0,0
10010,2025-05-28,116,15,0,0,0,15
10011,2025-05-28,117,8,0,0,0,8
10012,2025-05-28,118,36,0,0,0,36
10013,2025-05-28,119,30,0,1,0,29
10014,2025-05-28,120,0,0,0,0,0
10015,2025-05-28,121,0,0,0,0,0
10016,2025-05-28,122,11,0,1,0,10
10017,2025-05-28,123,12,0,0,0,12
10018,2025-05-28,124,0,0,0,0,0
10019,2025-05-28,125,10,0,0,0,10
10020,2025-05-28,126,11,0,0,0,11
10021,2025-05-28,127,12,0,0,0,12
10022,2025-05-28,128,0,0,0,0,0
10023,2025-05-28,129,9,0,0,0,9
10024,2025-05-28,130,4,0,1,0,3
10025,2025-05-28,131,27,0,0,0,27
10026,2025-05-28,132,0,0,0,0,0
10027,2025-05-28,133,0,0,0,0,0
10028,2025-05-28,134,9,0,0,0,9
10029,2025-05-28,135,24,0,1,0,23
10030,2025-05-28,136,0,0,0,0,0
10031,2025-05-28,137,0,0,0,0,0
10032,2025-05-28,138,22,0,1,0,21
10033,2025-05-28,139,25,0,1,0,24
10034,2025-05-28,140,0,0,0,0,0
10035,2025-05-28,141,24,0,0,0,24
10036,2025-05-28,142,8,45,0,0,53
10037,2025-05-28,143,46,0,1,0,45
10038,2025-05-28,144,0,0,0,0,0
10039,2025-05-28,145,17,0,0,0,17
10040,2025-05-28,146,5,0,0,0,5
10041,2025-05-28,147,0,0,0,0,0
10042,2025-05-28,148,8,0,0,0,8
10043,2025-05-28,149,5,21,0,0,26
10044,2025-05-28,150,11,0,0,0,11
10045,2025-05-28,151,41,0,4,0,37
10046,2025-05-28,152,10,0,1,0,9
10047,2025-05-28,153,0,0,0,0,0
10048,2025-05-28,154,0,0,0,0,0
10049,2025-05-28,155,10,0,0,0,10
10050,2025-05-28,156,40,0,1,0,39
10051,2025-05-28,157,23,0,1,0,22
10052,2025-05-28,158,34,0,3,0,31
10053,2025-05-28,159,29,0,1,0,28
10054,2025-05-28,160,8,0,0,0,8
10055,2025-05-28,161,21,0,3,0,18
10056,2025-05-28,162,0,0,0,0,0
10057,2025-05-28,163,15,0,0,0,15
10058,2025-05-28,164,18,0,0,0,18
10059,2025-05-28,165,10,0,0,0,10
10060,2025-05-28,166,50,0,0,0,50
10061,2025-05-28,167,27,0,5,0,22
10062,2025-05-28,168,29,0,0,0,29
10063,2025-05-28,169,13,0,0,0,13
10064,2025-05-28,170,41,0,1,0,40
10065,2025-05-29,101,16,0,1,0,15
10066,2025-05-29,102,0,0,0,0,0
10067,2025-05-29,103,0,0,0,0,0
10068,2025-05-29,104,24,0,0,0,24
10069,2025-05-29,105,13,0,0,0,13
10070,2025-05-29,106,37,0,4,0,33
10071,2025-05-29,108,9,0,0,0,9
10072,2025-05-29,109,10,0,1,0,9
10073,2025-05-29,110,28,0,1,0,27
10074,2025-05-29,112,30,0,3,0,27
10075,2025-05-29,113,0,0,0,0,0
10076,2025-05-29,114,5,0,0,0,5
10077,2025-05-29,115,0,0,0,0,0
10078,2025-05-29,116,15,0,0,0,15
10079,2025-05-29,117,8,0,1,0,7
10080,2025-05-29,118,36,0,0,0,36
10081,2025-05-29,119,29,0,0,0,29
10082,2025-05-29,120,0,0,0,0,0
10083,2025-05-29,121,0,0,0,0,0
10084,2025-05-29,122,10,0,0,0,10
10085,2025-05-29,123,12,0,0,0,12
10086,2025-05-29,124,0,0,0,0,0
10087,2025-05-29,125,10,0,0,0,10
10088,2025-05-29,126,11,0,0,0,11
10089,2025-05-29,127,12,0,3,0,9
10090,2025-05-29,128,0,0,0,0,0
10091,2025-05-29,129,9,0,0,0,9
10092,2025-05-29,130,3,0,0,0,3
10093,2025-05-29,131,27,0,1,0,26
10094,2025-05-29,132,0,0,0,0,0
10095,2025-05-29,133,0,0,0,0,0
10096,2025-05-29,134,9,0,0,0,9
10097,2025-05-29,135,23,0,1,0,22
10098,2025-05-29,136,0,0,0,0,0
10099,2025-05-29,137,0,0,0,0,0
10100,2025-05-29,138,21,0,1,0,20
10101,2025-05-29,139,24,0,0,0,24
10102,2025-05-29,140,0,0,0,0,0
10103,2025-05-29,141,24,0,1,0,23
10104,2025-05-29,142,53,0,1,0,52
10105,2025-05-29,143,45,0,0,0,45
10106,2025-05-29,144,0,0,0,0,0
10107,2025-05-29,145,17,0,2,0,15
10108,2025-05-29,146,5,0,0,0,5
10109,2025-05-29,147,0,0,0,0,0
10110,2025-05-29,148,8,0,0,0,8
10111,2025-05-29,149,26,0,0,0,26
10112,2025-05-29,150,11,0,0,0,11
10113,2025-05-29,151,37,0,0,0,37
10114,2025-05-29,152,9,0,1,0,8
10115,2025-05-29,153,0,0,0,0,0
10116,2025-05-29,154,0,0,0,0,0
10117,2025-05-29,155,10,0,0,0,10
10118,2025-05-29,156,39,0,1,0,38
10119,2025-05-29,157,22,0,3,0,19
10120,2025-05-29,158,31,0,0,0,31
10121,2025-05-29,159,28,0,1,0,27
10122,2025-05-29,160,8,0,1,0,7
10123,2025-05-29,161,18,0,1,0,17
10124,2025-05-29,162,0,0,0,0,0
10125,2025-05-29,163,15,0,0,0,15
10126,2025-05-29,164,18,0,0,0,18
10127,2025-05-29,165,10,0,2,0,8
10128,2025-05-29,166,50,0,1,0,49
10129,2025-05-29,167,22,0,2,0,20
10130,2025-05-29,168,29,0,0,0,29
10131,2025-05-29,169,13,0,0,0,13
10132,2025-05-29,170,40,0,1,0,39
10133,2025-05-30,101,15,0,0,0,15
10134,2025-05-30,102,0,0,0,0,0
10135,2025-05-30,103,0,0,0,0,0
10136,2025-05-30,104,24,0,0,0,24
10137,2025-05-30,105,13,0,0,0,13
10138,2025-05-30,106,33,0,1,0,32
10139,2025-05-30,108,9,0,0,0,9
10140,2025-05-30,109,9,0,3,0,6
10141,2025-05-30,110,27,0,2,0,25
10142,2025-05-30,112,27,0,0,0,27
10143,2025-05-30,113,0,0,0,0,0
10144,2025-05-30,114,5,0,1,0,4
10145,2025-05-30,115,0,0,0,0,0
10146,2025-05-30,116,15,0,2,0,13
10147,2025-05-30,117,7,20,1,0,26
10148,2025-05-30,118,36,0,1,0,35
10149,2025-05-30,119,29,0,3,0,26
10150,2025-05-30,120,0,0,0,0,0
10151,2025-05-30,121,0,0,0,0,0
10152,2025-05-30,122,10,0,1,0,9
10153,2025-05-30,123,12,0,0,0,12
10154,2025-05-30,124,0,0,0,0,0
10155,2025-05-30,125,10,0,0,0,10
10156,2025-05-30,126,11,0,0,0,11
10157,2025-05-30,127,9,0,1,0,8
10158,2025-05-30,128,0,0,0,0,0
10159,2025-05-30,129,9,0,0,0,9
10160,2025-05-30,130,3,0,0,0,3
10161,2025-05-30,131,26,0,1,0,25
10162,2025-05-30,132,0,0,0,0,0
10163,2025-05-30,133,0,0,0,0,0
10164,2025-05-30,134,9,0,1,0,8
10165,2025-05-30,135,22,0,0,0,22
10166,2025-05-30,136,0,0,0,0,0
10167,2025-05-30,137,0,0,0,0,0
10168,2025-05-30,138,20,0,1,0,19
10169,2025-05-30,139,24,0,1,0,23
10170,2025-05-30,140,0,0,0,0,0
10171,2025-05-30,141,23,0,0,0,23
10172,2025-05-30,142,52,0,1,0,51
10173,2025-05-30,143,45,0,1,0,44
10174,2025-05-30,144,0,0,0,0,0
10175,2025-05-30,145,15,0,1,0,14
10176,2025-05-30,146,5,0,0,0,5
10177,2025-05-30,147,0,0,0,0,0
10178,2025-05-30,148,8,0,0,0,8
10179,2025-05-30,149,26,0,0,0,26
10180,2025-05-30,150,11,0,0,0,11
10181,2025-05-30,151,37,0,0,0,37
10182,2025-05-30,152,8,0,1,0,7
10183,2025-05-30,153,0,0,0,0,0
10184,2025-05-30,154,0,0,0,0,0
10185,2025-05-30,155,10,0,0,0,10
10186,2025-05-30,156,38,0,0,0,38
10187,2025-05-30,157,19,0,0,0,19
10188,2025-05-30,158,31,0,2,0,29
10189,2025-05-30,159,27,0,1,0,26
10190,2025-05-30,160,7,0,0,0,7
10191,2025-05-30,161,17,0,0,0,17
10192,2025-05-30,162,0,0,0,0,0
10193,2025-05-30,163,15,0,0,0,15
10194,2025-05-30,164,18,0,1,0,17
10195,2025-05-30,165,8,0,0,0,8
10196,2025-05-30,166,49,0,3,0,46
10197,2025-05-30,167,20,0,1,0,19
10198,2025-05-30,168,29,0,1,0,28
10199,2025-05-30,169,13,0,0,0,13
10200,2025-05-30,170,39,0,1,0,38
10201,2025-05-31,101,15,0,0,0,15
10202,2025-05-31,102,0,0,0,0,0
10203,2025-05-31,103,0,0,0,0,0
10204,2025-05-31,104,24,0,0,0,24
10205,2025-05-31,105,13,0,0,0,13
10206,2025-05-31,106,32,0,0,0,32
10207,2025-05-31,108,9,0,0,0,9
10208,2025-05-31,109,6,0,0,0,6
10209,2025-05-31,110,25,0,3,0,22
10210,2025-05-31,112,27,0,0,0,27
10211,2025-05-31,113,0,0,0,0,0
10212,2025-05-31,114,4,0,0,0,4
10213,2025-05-31,115,0,0,0,0,0
10214,2025-05-31,116,13,0,0,0,13
10215,2025-05-31,117,26,0,0,0,26
10216,2025-05-31,118,35,0,1,0,34
10217,2025-05-31,119,26,0,3,0,23
10218,2025-05-31,120,0,0,0,0,0
10219,2025-05-31,121,0,0,0,0,0
10220,2025-05-31,122,9,0,0,0,9
10221,2025-05-31,123,12,0,0,0,12
10222,2025-05-31,124,0,0,0,0,0
10223,2025-05-31,125,10,0,0,0,10
10224,2025-05-31,126,11,0,1,0,10
10225,2025-05-31,127,8,0,0,0,8
10226,2025-05-31,128,0,0,0,0,0
10227,2025-05-31,129,9,0,0,0,9
10228,2025-05-31,130,3,12,1,0,14
10229,2025-05-31,131,25,0,1,0,24
10230,2025-05-31,132,0,0,0,0,0
10231,2025-05-31,133,0,0,0,0,0
10232,2025-05-31,134,8,0,0,0,8
10233,2025-05-31,135,22,0,0,0,22
10234,2025-05-31,136,0,0,0,0,0
10235,2025-05-31,137,0,0,0,0,0
10236,2025-05-31,138,19,0,1,0,18
10237,2025-05-31,139,23,0,1,0,22
10238,2025-05-31,140,0,0,0,0,0
10239,2025-05-31,141,23,0,0,0,23
10240,2025-05-31,142,51,0,0,0,51
10241,2025-05-31,143,44,0,0,0,44
10242,2025-05-31,144,0,0,0,0,0
10243,2025-05-31,145,14,0,0,0,14
10244,2025-05-31,146,5,0,0,0,5
10245,2025-05-31,147,0,0,0,0,0
10246,2025-05-31,148,8,0,0,0,8
10247,2025-05-31,149,26,0,2,0,24
10248,2025-05-31,150,11,0,1,0,10
10249,2025-05-31,151,37,0,1,0,36
10250,2025-05-31,152,7,19,0,0,26
10251,2025-05-31,153,0,0,0,0,0
10252,2025-05-31,154,0,0,0,0,0
10253,2025-05-31,155,10,0,0,0,10
10254,2025-05-31,156,38,0,0,-1,37
10255,2025-05-31,157,19,0,1,0,18
10256,2025-05-31,158,29,0,1,0,28
10257,2025-05-31,159,26,0,1,0,25
10258,2025-05-31,160,7,25,0,0,32
10259,2025-05-31,161,17,0,0,0,17
10260,2025-05-31,162,0,0,0,0,0
10261,2025-05-31,163,15,0,0,0,15
10262,2025-05-31,164,17,0,1,0,16
10263,2025-05-31,165,8,0,0,0,8
10264,2025-05-31,166,46,0,0,0,46
10265,2025-05-31,167,19,0,1,0,18
10266,2025-05-31,168,28,0,0,0,28
10267,2025-05-31,169,13,0,0,0,13
10268,2025-05-31,170,38,0,0,0,38
10269,2025-06-01,101,15,0,0,0,15
10270,2025-06-01,102,0,0,0,0,0
10271,2025-06-01,103,0,0,0,0,0
10272,2025-06-01,104,24,0,0,0,24
10273,2025-06-01,105,13,0,0,0,13
10274,2025-06-01,106,32,0,1,0,31
10275,2025-06-01,108,9,0,0,0,9
10276,2025-06-01,109,6,0,0,0,6
10277,2025-06-01,110,22,0,2,0,20
10278,2025-06-01,112,27,0,0,0,27
10279,2025-06-01,113,0,0,0,0,0
10280,2025-06-01,114,4,0,0,0,4
10281,2025-06-01,115,0,0,0,0,0
10282,2025-06-01,116,13,0,0,0,13
10283,2025-06-01,117,26,0,0,0,26
10284,2025-06-01,118,34,0,0,0,34
10285,2025-06-01,119,23,0,1,0,22
10286,2025-06-01,120,0,0,0,0,0
10287,2025-06-01,121,0,0,0,0,0
10288,2025-06-01,122,9,0,0,0,9
10289,2025-06-01,123,12,0,0,0,12
10290,2025-06-01,124,0,0,0,0,0
10291,2025-06-01,125,10,0,0,0,10
10292,2025-06-01,126,10,0,0,0,10
10293,2025-06-01,127,8,0,2,0,6
10294,2025-06-01,128,0,0,0,0,0
10295,2025-06-01,129,9,0,0,0,9
10296,2025-06-01,130,14,0,0,0,14
10297,2025-06-01,131,24,0,2,0,22
10298,2025-06-01,132,0,0,0,0,0
10299,2025-06-01,133,0,0,0,0,0
10300,2025-06-01,134,8,0,0,0,8
10301,2025-06-01,135,22,0,0,0,22
10302,2025-06-01,136,0,0,0,0,0
10303,2025-06-01,137,0,0,0,0,0
10304,2025-06-01,138,18,0,0,0,18
10305,2025-06-01,139,22,0,0,0,22
10306,2025-06-01,140,0,0,0,0,0
10307,2025-06-01,141,23,0,0,-2,21
10308,2025-06-01,142,51,0,2,0,49
10309,2025-06-01,143,44,0,1,0,43
10310,2025-06-01,144,0,0,0,0,0
10311,2025-06-01,145,14,0,0,0,14
10312,2025-06-01,146,5,0,1,0,4
10313,2025-06-01,147,0,0,0,0,0
10314,2025-06-01,148,8,0,0,0,8
10315,2025-06-01,149,24,0,2,0,22
10316,2025-06-01,150,10,0,0,0,10
10317,2025-06-01,151,36,0,1,0,35
10318,2025-06-01,152,26,0,1,0,25
10319,2025-06-01,153,0,0,0,0,0
10320,2025-06-01,154,0,0,0,0,0
10321,2025-06-01,155,10,0,0,0,10
10322,2025-06-01,156,37,0,3,0,34
10323,2025-06-01,157,18,0,1,0,17
10324,2025-06-01,158,28,0,4,0,24
10325,2025-06-01,159,25,0,0,0,25
10326,2025-06-01,160,32,0,0,0,32
10327,2025-06-01,161,17,0,0,0,17
10328,2025-06-01,162,0,0,0,0,0
10329,2025-06-01,163,15,0,0,0,15
10330,2025-06-01,164,16,0,1,0,15
10331,2025-06-01,165,8,0,0,0,8
10332,2025-06-01,166,46,0,2,0,44
10333,2025-06-01,167,18,0,2,0,16
10334,2025-06-01,168,28,0,1,0,27
10335,2025-06-01,169,13,0,0,0,13
10336,2025-06-01,170,38,0,2,0,36
10337,2025-06-02,101,15,0,1,0,14
10338,2025-06-02,102,0,0,0,0,0
10339,2025-06-02,103,0,0,0,0,0
10340,2025-06-02,104,24,0,2,0,22
10341,2025-06-02,105,13,0,2,0,11
10342,2025-06-02,106,31,0,0,0,31
10343,2025-06-02,108,9,0,0,0,9
10344,2025-06-02,109,6,0,2,0,4
10345,2025-06-02,110,20,0,1,0,19
10346,2025-06-02,112,27,0,1,0,26
10347,2025-06-02,113,0,0,0,0,0
10348,2025-06-02,114,4,10,0,0,14
10349,2025-06-02,115,0,0,0,0,0
10350,2025-06-02,116,13,0,0,0,13
10351,2025-06-02,117,26,0,0,0,26
10352,2025-06-02,118,34,0,1,0,33
10353,2025-06-02,119,22,0,2,0,20
10354,2025-06-02,120,0,0,0,0,0
10355,2025-06-02,121,0,0,0,0,0
10356,2025-06-02,122,9,0,1,0,8
10357,2025-06-02,123,12,0,0,0,12
10358,2025-06-02,124,0,0,0,0,0
10359,2025-06-02,125,10,0,0,0,10
10360,2025-06-02,126,10,0,0,0,10
10361,2025-06-02,127,6,20,2,0,24
10362,2025-06-02,128,0,0,0,0,0
10363,2025-06-02,129,9,0,0,0,9
10364,2025-06-02,130,14,0,0,0,14
10365,2025-06-02,131,22,0,2,0,20
10366,2025-06-02,132,0,0,0,0,0
10367,2025-06-02,133,0,0,0,0,0
10368,2025-06-02,134,8,0,0,0,8
10369,2025-06-02,135,22,0,0,0,22
10370,2025-06-02,136,0,0,0,0,0
10371,2025-06-02,137,0,0,0,0,0
10372,2025-06-02,138,18,0,0,0,18
10373,2025-06-02,139,22,0,0,0,22
10374,2025-06-02,140,0,0,0,0,0
10375,2025-06-02,141,21,0,0,0,21
10376,2025-06-02,142,49,0,2,0,47
10377,2025-06-02,143,43,0,2,0,41
10378,2025-06-02,144,0,0,0,0,0
10379,2025-06-02,145,14,0,1,0,13
10380,2025-06-02,146,4,0,0,0,4
10381,2025-06-02,147,0,0,0,0,0
10382,2025-06-02,148,8,0,1,0,7
10383,2025-06-02,149,22,0,0,0,22
10384,2025-06-02,150,10,0,0,0,10
10385,2025-06-02,151,35,0,0,0,35
10386,2025-06-02,152,25,0,2,0,23
10387,2025-06-02,153,0,0,0,0,0
10388,2025-06-02,154,0,0,0,0,0
10389,2025-06-02,155,10,0,0,0,10
10390,2025-06-02,156,34,0,1,0,33
10391,2025-06-02,157,17,0,0,0,17
10392,2025-06-02,158,24,0,0,0,24
10393,2025-06-02,159,25,0,0,0,25
10394,2025-06-02,160,32,0,1,0,31
10395,2025-06-02,161,17,0,1,0,16
10396,2025-06-02,162,0,0,0,0,0
10397,2025-06-02,163,15,0,0,0,15
10398,2025-06-02,164,15,0,1,0,14
10399,2025-06-02,165,8,0,1,0,7
10400,2025-06-02,166,44,0,0,0,44
10401,2025-06-02,167,16,0,1,0,15
10402,2025-06-02,168,27,0,0,0,27
10403,2025-06-02,169,13,0,0,0,13
10404,2025-06-02,170,36,0,1,0,35
10405,2025-06-03,101,14,0,4,0,10
10406,2025-06-03,102,0,0,0,0,0
10407,2025-06-03,103,0,0,0,0,0
10408,2025-06-03,104,22,0,0,0,22
10409,2025-06-03,105,11,0,0,0,11
10410,2025-06-03,106,31,0,1,0,30
10411,2025-06-03,108,9,0,1,0,8
10412,2025-06-03,109,4,22,2,0,24
10413,2025-06-03,110,19,0,4,0,15
10414,2025-06-03,112,26,0,1,0,25
10415,2025-06-03,113,0,0,0,0,0
10416,2025-06-03,114,14,0,0,0,14
10417,2025-06-03,115,0,0,0,0,0
10418,2025-06-03,116,13,0,0,0,13
10419,2025-06-03,117,26,0,0,0,26
10420,2025-06-03,118,33,0,0,0,33
10421,2025-06-03,119,20,0,1,0,19
10422,2025-06-03,120,0,0,0,0,0
10423,2025-06-03,121,0,0,0,0,0
10424,2025-06-03,122,8,0,0,0,8
10425,2025-06-03,123,12,0,1,0,11
10426,2025-06-03,124,0,0,0,0,0
10427,2025-06-03,125,10,0,0,0,10
10428,2025-06-03,126,10,0,0,0,10
10429,2025-06-03,127,24,0,1,0,23
10430,2025-06-03,128,0,0,0,0,0
10431,2025-06-03,129,9,0,0,0,9
10432,2025-06-03,130,14,0,0,0,14
10433,2025-06-03,131,20,0,2,0,18
10434,2025-06-03,132,0,0,0,0,0
10435,2025-06-03,133,0,0,0,0,0
10436,2025-06-03,134,8,20,0,0,28
10437,2025-06-03,135,22,0,1,0,21
10438,2025-06-03,136,0,0,0,0,0
10439,2025-06-03,137,0,0,0,0,0
10440,2025-06-03,138,18,0,0,0,18
10441,2025-06-03,139,22,0,1,0,21
10442,2025-06-03,140,0,0,0,0,0
10443,2025-06-03,141,21,0,0,0,21
10444,2025-06-03,142,47,0,2,0,45
10445,2025-06-03,143,41,0,1,0,40
10446,2025-06-03,144,0,0,0,0,0
10447,2025-06-03,145,13,0,0,0,13
10448,2025-06-03,146,4,0,0,0,4
10449,2025-06-03,147,0,0,0,0,0
10450,2025-06-03,148,7,0,0,0,7
10451,2025-06-03,149,22,0,0,0,22
10452,2025-06-03,150,10,0,0,0,10
10453,2025-06-03,151,35,0,2,0,33
10454,2025-06-03,152,23,0,0,0,23
10455,2025-06-03,153,0,0,0,0,0
10456,2025-06-03,154,0,0,0,0,0
10457,2025-06-03,155,10,0,0,0,10
10458,2025-06-03,156,33,0,2,0,31
10459,2025-06-03,157,17,0,0,0,17
10460,2025-06-03,158,24,0,0,0,24
10461,2025-06-03,159,25,0,1,0,24
10462,2025-06-03,160,31,0,1,0,30
10463,2025-06-03,161,16,0,0,0,16
10464,2025-06-03,162,0,0,0,0,0
10465,2025-06-03,163,15,0,2,0,13
10466,2025-06-03,164,14,0,1,0,13
10467,2025-06-03,165,7,0,0,0,7
10468,2025-06-03,166,44,0,2,0,42
10469,2025-06-03,167,15,0,0,0,15
10470,2025-06-03,168,27,0,1,0,26
10471,2025-06-03,169,13,0,0,0,13
10472,2025-06-03,170,35,0,1,0,34
10473,2025-06-04,101,10,0,1,0,9
10474,2025-06-04,102,0,0,0,0,0
10475,2025-06-04,103,0,0,0,0,0
10476,2025-06-04,104,22,0,0,0,22
10477,2025-06-04,105,11,0,0,0,11
10478,2025-06-04,106,30,0,0,0,30
10479,2025-06-04,108,8,0,0,0,8
10480,2025-06-04,109,24,0,0,0,24
10481,2025-06-04,110,15,0,2,0,13
10482,2025-06-04,112,25,0,2,0,23
10483,2025-06-04,113,0,0,0,0,0
10484,2025-06-04,114,14,0,0,0,14
10485,2025-06-04,115,0,0,0,0,0
10486,2025-06-04,116,13,0,0,0,13
10487,2025-06-04,117,26,0,0,0,26
10488,2025-06-04,118,33,0,1,0,32
10489,2025-06-04,119,19,0,1,0,18
10490,2025-06-04,120,0,0,0,0,0
10491,2025-06-04,121,0,0,0,0,0
10492,2025-06-04,122,8,0,0,0,8
10493,2025-06-04,123,11,0,0,0,11
10494,2025-06-04,124,0,0,0,0,0
10495,2025-06-04,125,10,0,0,0,10
10496,2025-06-04,126,10,0,1,0,9
10497,2025-06-04,127,23,0,0,0,23
10498,2025-06-04,128,0,0,0,0,0
10499,2025-06-04,129,9,0,0,0,9
10500,2025-06-04,130,14,0,0,0,14
10501,2025-06-04,131,18,0,0,0,18
10502,2025-06-04,132,0,0,0,0,0
10503,2025-06-04,133,0,0,0,0,0
10504,2025-06-04,134,28,0,0,0,28
10505,2025-06-04,135,21,0,1,0,20
10506,2025-06-04,136,0,0,0,0,0
10507,2025-06-04,137,0,0,0,0,0
10508,2025-06-04,138,18,0,0,0,18
10509,2025-06-04,139,21,0,2,0,19
10510,2025-06-04,140,0,0,0,0,0
10511,2025-06-04,141,21,0,2,0,19
10512,2025-06-04,142,45,0,2,0,43
10513,2025-06-04,143,40,0,1,0,39
10514,2025-06-04,144,0,0,0,0,0
10515,2025-06-04,145,13,0,0,0,13
10516,2025-06-04,146,4,0,1,0,3
10517,2025-06-04,147,0,0,0,0,0
10518,2025-06-04,148,7,0,0,0,7
10519,2025-06-04,149,22,0,1,0,21
10520,2025-06-04,150,10,0,0,0,10
10521,2025-06-04,151,33,0,0,0,33
10522,2025-06-04,152,23,0,1,0,22
10523,2025-06-04,153,0,0,0,0,0
10524,2025-06-04,154,0,0,0,0,0
10525,2025-06-04,155,10,0,0,0,10
10526,2025-06-04,156,31,0,2,0,29
10527,2025-06-04,157,17,0,0,0,17
10528,2025-06-04,158,24,0,2,0,22
10529,2025-06-04,159,24,0,3,0,21
10530,2025-06-04,160,30,0,2,0,28
10531,2025-06-04,161,16,0,1,0,15
10532,2025-06-04,162,0,0,0,0,0
10533,2025-06-04,163,13,0,0,0,13
10534,2025-06-04,164,13,0,1,0,12
10535,2025-06-04,165,7,0,0,0,7
10536,2025-06-04,166,42,0,2,0,40
10537,2025-06-04,167,15,0,0,0,15
10538,2025-06-04,168,26,0,0,-1,25
10539,2025-06-04,169,13,0,0,0,13
10540,2025-06-04,170,34,0,1,0,33
10541,2025-06-05,101,9,0,2,0,7
10542,2025-06-05,102,0,0,0,0,0
10543,2025-06-05,103,0,0,0,0,0
10544,2025-06-05,104,22,0,0,0,22
10545,2025-06-05,105,11,0,2,0,9
10546,2025-06-05,106,30,0,3,0,27
10547,2025-06-05,108,8,0,0,0,8
10548,2025-06-05,109,24,0,0,0,24
10549,2025-06-05,110,13,0,2,0,11
10550,2025-06-05,112,23,0,1,0,22
10551,2025-06-05,113,0,0,0,0,0
10552,2025-06-05,114,14,0,0,0,14
10553,2025-06-05,115,0,0,0,0,0
10554,2025-06-05,116,13,0,1,0,12
10555,2025-06-05,117,26,0,1,0,25
10556,2025-06-05,118,32,0,0,0,32
10557,2025-06-05,119,18,0,0,0,18
10558,2025-06-05,120,0,0,0,0,0
10559,2025-06-05,121,0,0,0,0,0
10560,2025-06-05,122,8,0,0,0,8
10561,2025-06-05,123,11,0,0,0,11
10562,2025-06-05,124,0,0,0,0,0
10563,2025-06-05,125,10,0,0,0,10
10564,2025-06-05,126,9,0,0,-2,7
10565,2025-06-05,127,23,0,0,0,23
10566,2025-06-05,128,0,0,0,0,0
10567,2025-06-05,129,9,0,1,0,8
10568,2025-06-05,130,14,0,0,0,14
10569,2025-06-05,131,18,48,4,0,62
10570,2025-06-05,132,0,0,0,0,0
10571,2025-06-05,133,0,0,0,0,0
10572,2025-06-05,134,28,0,0,0,28
10573,2025-06-05,135,20,0,1,0,19
10574,2025-06-05,136,0,0,0,0,0
10575,2025-06-05,137,0,0,0,0,0
10576,2025-06-05,138,18,0,0,0,18
10577,2025-06-05,139,19,0,0,0,19
10578,2025-06-05,140,0,0,0,0,0
10579,2025-06-05,141,19,0,1,0,18
10580,2025-06-05,142,43,0,0,0,43
10581,2025-06-05,143,39,0,1,0,38
10582,2025-06-05,144,0,0,0,0,0
10583,2025-06-05,145,13,0,2,0,11
10584,2025-06-05,146,3,0,0,0,3
10585,2025-06-05,147,0,0,0,0,0
10586,2025-06-05,148,7,0,0,0,7
10587,2025-06-05,149,21,0,1,0,20
10588,2025-06-05,150,10,0,0,0,10
10589,2025-06-05,151,33,0,2,0,31
10590,2025-06-05,152,22,0,1,0,21
10591,2025-06-05,153,0,0,0,0,0
10592,2025-06-05,154,0,0,0,0,0
10593,2025-06-05,155,10,0,0,0,10
10594,2025-06-05,156,29,0,1,0,28
10595,2025-06-05,157,17,0,0,0,17
10596,2025-06-05,158,22,0,2,0,20
10597,2025-06-05,159,21,0,0,0,21
10598,2025-06-05,160,28,0,0,0,28
10599,2025-06-05,161,15,0,2,0,13
10600,2025-06-05,162,0,0,0,0,0
10601,2025-06-05,163,13,0,1,0,12
10602,2025-06-05,164,12,0,0,0,12
10603,2025-06-05,165,7,0,1,0,6
10604,2025-06-05,166,40,0,0,0,40
10605,2025-06-05,167,15,40,1,0,54
10606,2025-06-05,168,25,0,1,0,24
10607,2025-06-05,169,13,0,0,0,13
10608,2025-06-05,170,33,0,1,0,32
10609,2025-06-06,101,7,21,1,0,27
10610,2025-06-06,102,0,0,0,0,0
10611,2025-06-06,103,0,0,0,0,0
10612,2025-06-06,104,22,0,2,0,20
10613,2025-06-06,105,9,0,0,0,9
10614,2025-06-06,106,27,0,2,0,25
10615,2025-06-06,108,8,0,0,0,8
10616,2025-06-06,109,24,0,0,0,24
10617,2025-06-06,110,11,0,0,0,11
10618,2025-06-06,112,22,0,0,0,22
10619,2025-06-06,113,0,0,0,0,0
10620,2025-06-06,114,14,0,0,0,14
10621,2025-06-06,115,0,0,0,0,0
10622,2025-06-06,116,12,0,0,0,12
10623,2025-06-06,117,25,0,0,0,25
10624,2025-06-06,118,32,0,2,0,30
10625,2025-06-06,119,18,0,0,0,18
10626,2025-06-06,120,0,0,0,0,0
10627,2025-06-06,121,0,0,0,0,0
10628,2025-06-06,122,8,0,1,0,7
10629,2025-06-06,123,11,0,0,0,11
10630,2025-06-06,124,0,0,0,0,0
10631,2025-06-06,125,10,0,0,0,10
10632,2025-06-06,126,7,0,0,0,7
10633,2025-06-06,127,23,0,1,0,22
10634,2025-06-06,128,0,0,0,0,0
10635,2025-06-06,129,8,0,0,0,8
10636,2025-06-06,130,14,0,0,0,14
10637,2025-06-06,131,62,0,1,0,61
10638,2025-06-06,132,0,0,0,0,0
10639,2025-06-06,133,0,0,0,0,0
10640,2025-06-06,134,28,0,0,0,28
10641,2025-06-06,135,19,0,0,0,19
10642,2025-06-06,136,0,0,0,0,0
10643,2025-06-06,137,0,0,0,0,0
10644,2025-06-06,138,18,0,1,0,17
10645,2025-06-06,139,19,0,0,0,19
10646,2025-06-06,140,0,0,0,0,0
10647,2025-06-06,141,18,0,0,0,18
10648,2025-06-06,142,43,0,2,0,41
10649,2025-06-06,143,38,0,0,0,38
10650,2025-06-06,144,0,0,0,0,0
10651,2025-06-06,145,11,0,0,0,11
10652,2025-06-06,146,3,12,0,0,15
10653,2025-06-06,147,0,0,0,0,0
10654,2025-06-06,148,7,0,0,0,7
10655,2025-06-06,149,20,0,1,0,19
10656,2025-06-06,150,10,0,0,0,10
10657,2025-06-06,151,31,0,1,0,30
10658,2025-06-06,152,21,0,0,0,21
10659,2025-06-06,153,0,0,0,0,0
10660,2025-06-06,154,0,0,0,0,0
10661,2025-06-06,155,10,0,0,0,10
10662,2025-06-06,156,28,0,3,0,25
10663,2025-06-06,157,17,0,0,0,17
10664,2025-06-06,158,20,0,0,0,20
10665,2025-06-06,159,21,0,1,0,20
10666,2025-06-06,160,28,0,1,0,27
10667,2025-06-06,161,13,0,0,0,13
10668,2025-06-06,162,0,0,0,0,0
10669,2025-06-06,163,12,0,1,0,11
10670,2025-06-06,164,12,0,0,0,12
10671,2025-06-06,165,6,0,0,0,6
10672,2025-06-06,166,40,0,2,0,38
10673,2025-06-06,167,54,0,1,0,53
10674,2025-06-06,168,24,0,1,0,23
10675,2025-06-06,169,13,0,0,0,13
10676,2025-06-06,170,32,0,1,0,31
10677,2025-06-07,101,27,0,0,0,27
10678,2025-06-07,102,0,0,0,0,0
10679,2025-06-07,103,0,0,0,0,0
10680,2025-06-07,104,20,0,0,0,20
10681,2025-06-07,105,9,0,2,0,7
10682,2025-06-07,106,25,0,4,0,21
10683,2025-06-07,108,8,0,0,0,8
10684,2025-06-07,109,24,0,1,0,23
10685,2025-06-07,110,11,40,1,0,50
10686,2025-06-07,112,22,0,1,0,21
10687,2025-06-07,113,0,0,0,0,0
10688,2025-06-07,114,14,0,0,0,14
10689,2025-06-07,115,0,0,0,0,0
10690,2025-06-07,116,12,0,0,0,12
10691,2025-06-07,117,25,0,0,0,25
10692,2025-06-07,118,30,0,2,0,28
10693,2025-06-07,119,18,0,0,0,18
10694,2025-06-07,120,0,0,0,0,0
10695,2025-06-07,121,0,0,0,0,0
10696,2025-06-07,122,7,0,0,0,7
10697,2025-06-07,123,11,0,0,0,11
10698,2025-06-07,124,0,0,0,0,0
10699,2025-06-07,125,10,0,0,0,10
10700,2025-06-07,126,7,0,1,0,6
10701,2025-06-07,127,22,0,1,0,21
10702,2025-06-07,128,0,0,0,0,0
10703,2025-06-07,129,8,0,2,0,6
10704,2025-06-07,130,14,0,0,0,14
10705,2025-06-07,131,61,0,1,0,60
10706,2025-06-07,132,0,0,0,0,0
10707,2025-06-07,133,0,0,0,0,0
10708,2025-06-07,134,28,0,0,0,28
10709,2025-06-07,135,19,0,2,0,17
10710,2025-06-07,136,0,0,0,0,0
10711,2025-06-07,137,0,0,0,0,0
10712,2025-06-07,138,17,0,0,0,17
10713,2025-06-07,139,19,0,1,0,18
10714,2025-06-07,140,0,0,0,0,0
10715,2025-06-07,141,18,0,2,0,16
10716,2025-06-07,142,41,0,2,0,39
10717,2025-06-07,143,38,0,0,0,38
10718,2025-06-07,144,0,0,0,0,0
10719,2025-06-07,145,11,0,0,0,11
10720,2025-06-07,146,15,0,0,0,15
10721,2025-06-07,147,0,0,0,0,0
10722,2025-06-07,148,7,0,0,0,7
10723,2025-06-07,149,19,0,0,0,19
10724,2025-06-07,150,10,0,0,0,10
10725,2025-06-07,151,30,0,0,0,30
10726,2025-06-07,152,21,0,0,0,21
10727,2025-06-07,153,0,0,0,0,0
10728,2025-06-07,154,0,0,0,0,0
10729,2025-06-07,155,10,0,0,0,10
10730,2025-06-07,156,25,0,0,0,25
10731,2025-06-07,157,17,0,0,0,17
10732,2025-06-07,158,20,0,0,0,20
10733,2025-06-07,159,20,0,3,0,17
10734,2025-06-07,160,27,0,0,0,27
10735,2025-06-07,161,13,0,0,0,13
10736,2025-06-07,162,0,0,0,0,0
10737,2025-06-07,163,11,0,0,0,11
10738,2025-06-07,164,12,0,0,0,12
10739,2025-06-07,165,6,0,0,0,6
10740,2025-06-07,166,38,0,3,0,35
10741,2025-06-07,167,53,0,0,0,53
10742,2025-06-07,168,23,0,0,0,23
10743,2025-06-07,169,13,0,0,0,13
10744,2025-06-07,170,31,0,2,0,29
10745,2025-06-08,101,27,0,0,0,27
10746,2025-06-08,102,0,0,0,0,0
10747,2025-06-08,103,0,0,0,0,0
10748,2025-06-08,104,20,0,0,0,20
10749,2025-06-08,105,7,0,0,0,7
10750,2025-06-08,106,21,0,2,-3,16
10751,2025-06-08,108,8,0,0,0,8
10752,2025-06-08,109,23,0,2,0,21
10753,2025-06-08,110,50,0,1,0,49
10754,2025-06-08,112,21,0,1,0,20
10755,2025-06-08,113,0,0,0,0,0
10756,2025-06-08,114,14,0,0,0,14
10757,2025-06-08,115,0,0,0,0,0
10758,2025-06-08,116,12,0,1,0,11
10759,2025-06-08,117,25,0,0,0,25
10760,2025-06-08,118,28,0,1,0,27
10761,2025-06-08,119,18,0,1,0,17
10762,2025-06-08,120,0,0,0,0,0
10763,2025-06-08,121,0,0,0,0,0
10764,2025-06-08,122,7,0,0,0,7
10765,2025-06-08,123,11,0,1,0,10
10766,2025-06-08,124,0,0,0,0,0
10767,2025-06-08,125,10,0,0,0,10
10768,2025-06-08,126,6,0,0,0,6
10769,2025-06-08,127,21,0,0,0,21
10770,2025-06-08,128,0,0,0,0,0
10771,2025-06-08,129,6,0,0,0,6
10772,2025-06-08,130,14,0,0,0,14
10773,2025-06-08,131,60,0,1,0,59
10774,2025-06-08,132,0,0,0,0,0
10775,2025-06-08,133,0,0,0,0,0
10776,2025-06-08,134,28,0,0,0,28
10777,2025-06-08,135,17,0,0,0,17
10778,2025-06-08,136,0,0,0,0,0
10779,2025-06-08,137,0,0,0,0,0
10780,2025-06-08,138,17,0,0,0,17
10781,2025-06-08,139,18,0,1,0,17
10782,2025-06-08,140,0,0,0,0,0
10783,2025-06-08,141,16,0,1,0,15
10784,2025-06-08,142,39,0,2,0,37
10785,2025-06-08,143,38,0,0,0,38
10786,2025-06-08,144,0,0,0,0,0
10787,2025-06-08,145,11,0,2,0,9
10788,2025-06-08,146,15,0,1,0,14
10789,2025-06-08,147,0,0,0,0,0
10790,2025-06-08,148,7,0,0,0,7
10791,2025-06-08,149,19,0,0,0,19
10792,2025-06-08,150,10,0,0,0,10
10793,2025-06-08,151,30,0,0,0,30
10794,2025-06-08,152,21,0,0,0,21
10795,2025-06-08,153,0,0,0,0,0
10796,2025-06-08,154,0,0,0,0,0
10797,2025-06-08,155,10,0,0,0,10
10798,2025-06-08,156,25,0,3,0,22
10799,2025-06-08,157,17,0,0,0,17
10800,2025-06-08,158,20,0,0,0,20
10801,2025-06-08,159,17,0,1,0,16
10802,2025-06-08,160,27,0,0,0,27
10803,2025-06-08,161,13,0,0,0,13
10804,2025-06-08,162,0,0,0,0,0
10805,2025-06-08,163,11,0,0,0,11
10806,2025-06-08,164,12,0,0,0,12
10807,2025-06-08,165,6,0,0,0,6
10808,2025-06-08,166,35,0,0,0,35
10809,2025-06-08,167,53,0,1,0,52
10810,2025-06-08,168,23,0,2,0,21
10811,2025-06-08,169,13,0,1,0,12
10812,2025-06-08,170,29,0,1,0,28
10813,2025-06-09,101,27,0,1,0,26
10814,2025-06-09,102,0,0,0,0,0
10815,2025-06-09,103,0,0,0,0,0
10816,2025-06-09,104,20,0,1,0,19
10817,2025-06-09,105,7,0,0,0,7
10818,2025-06-09,106,16,0,4,0,12
10819,2025-06-09,108,8,0,0,0,8
10820,2025-06-09,109,21,0,0,0,21
10821,2025-06-09,110,49,0,1,0,48
10822,2025-06-09,112,20,0,0,0,20
10823,2025-06-09,113,0,0,0,0,0
10824,2025-06-09,114,14,0,0,0,14
10825,2025-06-09,115,0,0,0,0,0
10826,2025-06-09,116,11,0,0,0,11
10827,2025-06-09,117,25,0,0,0,25
10828,2025-06-09,118,27,0,4,0,23
10829,2025-06-09,119,17,0,2,0,15
10830,2025-06-09,120,0,0,0,0,0
10831,2025-06-09,121,0,0,0,0,0
10832,2025-06-09,122,7,0,0,0,7
10833,2025-06-09,123,10,0,1,0,9
10834,2025-06-09,124,0,0,0,0,0
10835,2025-06-09,125,10,0,0,0,10
10836,2025-06-09,126,6,0,0,0,6
10837,2025-06-09,127,21,0,1,0,20
10838,2025-06-09,128,0,0,0,0,0
10839,2025-06-09,129,6,0,0,0,6
10840,2025-06-09,130,14,0,0,0,14
10841,2025-06-09,131,59,0,1,0,58
10842,2025-06-09,132,0,0,0,0,0
10843,2025-06-09,133,0,0,0,0,0
10844,2025-06-09,134,28,0,0,0,28
10845,2025-06-09,135,17,0,0,0,17
10846,2025-06-09,136,0,0,0,0,0
10847,2025-06-09,137,0,0,0,0,0
10848,2025-06-09,138,17,0,0,0,17
10849,2025-06-09,139,17,0,1,0,16
10850,2025-06-09,140,0,0,0,0,0
10851,2025-06-09,141,15,0,1,0,14
10852,2025-06-09,142,37,0,1,0,36
10853,2025-06-09,143,38,0,0,0,38
10854,2025-06-09,144,0,0,0,0,0
10855,2025-06-09,145,9,0,0,0,9
10856,2025-06-09,146,14,0,0,0,14
10857,2025-06-09,147,0,0,0,0,0
10858,2025-06-09,148,7,0,0,0,7
10859,2025-06-09,149,19,0,0,0,19
10860,2025-06-09,150,10,0,0,0,10
10861,2025-06-09,151,30,0,3,0,27
10862,2025-06-09,152,21,0,0,0,21
10863,2025-06-09,153,0,0,0,0,0
10864,2025-06-09,154,0,0,0,0,0
10865,2025-06-09,155,10,0,0,0,10
10866,2025-06-09,156,22,0,0,0,22
10867,2025-06-09,157,17,0,1,0,16
10868,2025-06-09,158,20,0,0,0,20
10869,2025-06-09,159,16,0,1,0,15
10870,2025-06-09,160,27,0,2,0,25
10871,2025-06-09,161,13,0,1,0,12
10872,2025-06-09,162,0,0,0,0,0
10873,2025-06-09,163,11,0,0,0,11
10874,2025-06-09,164,12,0,1,0,11
10875,2025-06-09,165,6,0,0,0,6
10876,2025-06-09,166,35,0,0,0,35
10877,2025-06-09,167,52,0,0,0,52
10878,2025-06-09,168,21,0,1,0,20
10879,2025-06-09,169,12,0,0,0,12
10880,2025-06-09,170,28,0,1,0,27
10881,2025-06-10,101,26,0,0,0,26
10882,2025-06-10,102,0,0,0,0,0
10883,2025-06-10,103,0,0,0,0,0
10884,2025-06-10,104,19,0,0,0,19
10885,2025-06-10,105,7,18,0,0,25
10886,2025-06-10,106,12,0,0,0,12
10887,2025-06-10,108,8,0,0,0,8
10888,2025-06-10,109,21,0,1,0,20
10889,2025-06-10,110,48,0,1,0,47
10890,2025-06-10,112,20,0,1,0,19
10891,2025-06-10,113,0,0,0,0,0
10892,2025-06-10,114,14,0,0,0,14
10893,2025-06-10,115,0,0,0,0,0
10894,2025-06-10,116,11,0,1,0,10
10895,2025-06-10,117,25,0,0,0,25
10896,2025-06-10,118,23,0,2,0,21
10897,2025-06-10,119,15,0,2,0,13
10898,2025-06-10,120,0,0,0,0,0
10899,2025-06-10,121,0,0,0,0,0
10900,2025-06-10,122,7,0,0,0,7
10901,2025-06-10,123,9,0,1,-3,5
10902,2025-06-10,124,0,0,0,0,0
10903,2025-06-10,125,10,0,0,0,10
10904,2025-06-10,126,6,0,0,0,6
10905,2025-06-10,127,20,0,1,0,19
10906,2025-06-10,128,0,0,0,0,0
10907,2025-06-10,129,6,0,0,0,6
10908,2025-06-10,130,14,0,0,0,14
10909,2025-06-10,131,58,0,2,0,56
10910,2025-06-10,132,0,0,0,0,0
10911,2025-06-10,133,0,0,0,0,0
10912,2025-06-10,134,28,0,1,0,27
10913,2025-06-10,135,17,0,1,0,16
10914,2025-06-10,136,0,0,0,0,0
10915,2025-06-10,137,0,0,0,0,0
10916,2025-06-10,138,17,0,0,0,17
10917,2025-06-10,139,16,0,1,0,15
10918,2025-06-10,140,0,0,0,0,0
10919,2025-06-10,141,14,0,0,0,14
10920,2025-06-10,142,36,0,2,0,34
10921,2025-06-10,143,38,0,2,0,36
10922,2025-06-10,144,0,0,0,0,0
10923,2025-06-10,145,9,0,0,0,9
10924,2025-06-10,146,14,0,0,0,14
10925,2025-06-10,147,0,0,0,0,0
10926,2025-06-10,148,7,0,0,0,7
10927,2025-06-10,149,19,0,0,0,19
10928,2025-06-10,150,10,0,0,0,10
10929,2025-06-10,151,27,0,1,0,26
10930,2025-06-10,152,21,0,1,0,20
10931,2025-06-10,153,0,0,0,0,0
10932,2025-06-10,154,0,0,0,0,0
10933,2025-06-10,155,10,0,0,0,10
10934,2025-06-10,156,22,0,0,0,22
10935,2025-06-10,157,16,0,1,0,15
10936,2025-06-10,158,20,0,2,0,18
10937,2025-06-10,159,15,0,2,0,13
10938,2025-06-10,160,25,0,1,0,24
10939,2025-06-10,161,12,0,0,0,12
10940,2025-06-10,162,0,0,0,0,0
10941,2025-06-10,163,11,0,0,0,11
10942,2025-06-10,164,11,0,0,0,11
10943,2025-06-10,165,6,0,0,0,6
10944,2025-06-10,166,35,0,1,0,34
10945,2025-06-10,167,52,0,2,0,50
10946,2025-06-10,168,20,0,0,0,20
10947,2025-06-10,169,12,0,0,0,12
10948,2025-06-10,170,27,0,2,0,25
10949,2025-06-11,101,26,0,2,0,24
10950,2025-06-11,102,0,0,0,0,0
10951,2025-06-11,103,0,0,0,0,0
10952,2025-06-11,104,19,0,0,0,19
10953,2025-06-11,105,25,0,0,0,25
10954,2025-06-11,106,12,0,1,0,11
10955,2025-06-11,108,8,0,1,0,7
10956,2025-06-11,109,20,0,1,0,19
10957,2025-06-11,110,47,0,1,0,46
10958,2025-06-11,112,19,0,0,0,19
10959,2025-06-11,113,0,0,0,0,0
10960,2025-06-11,114,14,0,0,0,14
10961,2025-06-11,115,0,0,0,0,0
10962,2025-06-11,116,10,0,1,0,9
10963,2025-06-11,117,25,0,0,0,25
10964,2025-06-11,118,21,0,0,0,21
10965,2025-06-11,119,13,0,1,0,12
10966,2025-06-11,120,0,0,0,0,0
10967,2025-06-11,121,0,0,0,0,0
10968,2025-06-11,122,7,0,0,0,7
10969,2025-06-11,123,5,0,0,0,5
10970,2025-06-11,124,0,0,0,0,0
10971,2025-06-11,125,10,0,0,0,10
10972,2025-06-11,126,6,0,0,0,6
10973,2025-06-11,127,19,0,1,0,18
10974,2025-06-11,128,0,0,0,0,0
10975,2025-06-11,129,6,0,0,0,6
10976,2025-06-11,130,14,0,0,0,14
10977,2025-06-11,131,56,0,2,0,54
10978,2025-06-11,132,0,0,0,0,0
10979,2025-06-11,133,0,0,0,0,0
10980,2025-06-11,134,27,0,0,0,27
10981,2025-06-11,135,16,0,0,0,16
10982,2025-06-11,136,0,0,0,0,0
10983,2025-06-11,137,0,0,0,0,0
10984,2025-06-11,138,17,0,1,0,16
10985,2025-06-11,139,15,0,0,0,15
10986,2025-06-11,140,0,0,0,0,0
10987,2025-06-11,141,14,0,0,0,14
10988,2025-06-11,142,34,0,3,0,31
10989,2025-06-11,143,36,0,3,0,33
10990,2025-06-11,144,0,0,0,0,0
10991,2025-06-11,145,9,0,0,0,9
10992,2025-06-11,146,14,0,1,0,13
10993,2025-06-11,147,0,0,0,0,0
10994,2025-06-11,148,7,0,0,0,7
10995,2025-06-11,149,19,0,0,0,19
10996,2025-06-11,150,10,0,0,0,10
10997,2025-06-11,151,26,0,1,0,25
10998,2025-06-11,152,20,0,0,0,20
10999,2025-06-11,153,0,0,0,0,0
11000,2025-06-11,154,0,0,0,0,0
11001,2025-06-11,155,10,0,0,0,10
11002,2025-06-11,156,22,0,1,0,21
11003,2025-06-11,157,15,0,0,0,15
11004,2025-06-11,158,18,0,2,0,16
11005,2025-06-11,159,13,31,0,0,44
11006,2025-06-11,160,24,0,0,0,24
11007,2025-06-11,161,12,0,0,0,12
11008,2025-06-11,162,0,0,0,0,0
11009,2025-06-11,163,11,0,1,0,10
11010,2025-06-11,164,11,0,0,0,11
11011,2025-06-11,165,6,0,0,0,6
11012,2025-06-11,166,34,0,1,0,33
11013,2025-06-11,167,50,0,0,0,50
11014,2025-06-11,168,20,0,1,0,19
11015,2025-06-11,169,12,0,0,0,12
11016,2025-06-11,170,25,0,2,0,23
11017,2025-06-12,101,24,0,1,0,23
11018,2025-06-12,102,0,0,0,0,0
11019,2025-06-12,103,0,0,0,0,0
11020,2025-06-12,104,19,0,0,0,19
11021,2025-06-12,105,25,0,0,0,25
11022,2025-06-12,106,11,0,1,0,10
11023,2025-06-12,108,7,0,0,0,7
11024,2025-06-12,109,19,0,0,0,19
11025,2025-06-12,110,46,0,2,-3,41
11026,2025-06-12,112,19,0,0,0,19
11027,2025-06-12,113,0,0,0,0,0
11028,2025-06-12,114,14,0,0,0,14
11029,2025-06-12,115,0,0,0,0,0
11030,2025-06-12,116,9,0,3,0,6
11031,2025-06-12,117,25,0,0,0,25
11032,2025-06-12,118,21,0,0,0,21
11033,2025-06-12,119,12,0,1,0,11
11034,2025-06-12,120,0,0,0,0,0
11035,2025-06-12,121,0,0,0,0,0
11036,2025-06-12,122,7,0,0,0,7
11037,2025-06-12,123,5,24,0,0,29
11038,2025-06-12,124,0,0,0,0,0
11039,2025-06-12,125,10,0,0,0,10
11040,2025-06-12,126,6,0,0,0,6
11041,2025-06-12,127,18,0,1,0,17
11042,2025-06-12,128,0,0,0,0,0
11043,2025-06-12,129,6,0,0,0,6
11044,2025-06-12,130,14,0,1,0,13
11045,2025-06-12,131,54,0,1,0,53
11046,2025-06-12,132,0,0,0,0,0
11047,2025-06-12,133,0,0,0,0,0
11048,2025-06-12,134,27,0,0,0,27
11049,2025-06-12,135,16,0,0,0,16
11050,2025-06-12,136,0,0,0,0,0
11051,2025-06-12,137,0,0,0,0,0
11052,2025-06-12,138,16,0,1,0,15
11053,2025-06-12,139,15,0,0,-1,14
11054,2025-06-12,140,0,0,0,0,0
11055,2025-06-12,141,14,0,0,0,14
11056,2025-06-12,142,31,0,1,0,30
11057,2025-06-12,143,33,0,2,0,31
11058,2025-06-12,144,0,0,0,0,0
11059,2025-06-12,145,9,0,0,0,9
11060,2025-06-12,146,13,0,0,0,13
11061,2025-06-12,147,0,0,0,0,0
11062,2025-06-12,148,7,0,1,0,6
11063,2025-06-12,149,19,0,0,0,19
11064,2025-06-12,150,10,0,0,0,10
11065,2025-06-12,151,25,0,1,0,24
11066,2025-06-12,152,20,0,2,0,18
11067,2025-06-12,153,0,0,0,0,0
11068,2025-06-12,154,0,0,0,0,0
11069,2025-06-12,155,10,0,1,0,9
11070,2025-06-12,156,21,0,3,0,18
11071,2025-06-12,157,15,0,1,0,14
11072,2025-06-12,158,16,0,3,0,13
11073,2025-06-12,159,44,0,1,0,43
11074,2025-06-12,160,24,0,0,0,24
11075,2025-06-12,161,12,0,1,0,11
11076,2025-06-12,162,0,0,0,0,0
11077,2025-06-12,163,10,0,1,0,9
11078,2025-06-12,164,11,0,0,-3,8
11079,2025-06-12,165,6,0,0,0,6
11080,2025-06-12,166,33,0,3,0,30
11081,2025-06-12,167,50,0,1,0,49
11082,2025-06-12,168,19,0,0,0,19
11083,2025-06-12,169,12,0,0,0,12
11084,2025-06-12,170,23,0,0,0,23
11085,2025-06-13,101,23,0,1,0,22
11086,2025-06-13,102,0,0,0,0,0
11087,2025-06-13,103,0,0,0,0,0
11088,2025-06-13,104,19,0,2,0,17
11089,2025-06-13,105,25,0,0,0,25
11090,2025-06-13,106,10,0,4,0,6
11091,2025-06-13,108,7,0,0,0,7
11092,2025-06-13,109,19,0,1,0,18
11093,2025-06-13,110,41,0,2,0,39
11094,2025-06-13,112,19,0,1,0,18
11095,2025-06-13,113,0,0,0,0,0
11096,2025-06-13,114,14,0,0,0,14
11097,2025-06-13,115,0,0,0,0,0
11098,2025-06-13,116,6,0,0,0,6
11099,2025-06-13,117,25,0,0,0,25
11100,2025-06-13,118,21,0,0,0,21
11101,2025-06-13,119,11,0,2,0,9
11102,2025-06-13,120,0,0,0,0,0
11103,2025-06-13,121,0,0,0,0,0
11104,2025-06-13,122,7,0,0,0,7
11105,2025-06-13,123,29,0,0,0,29
11106,2025-06-13,124,0,0,0,0,0
11107,2025-06-13,125,10,0,0,0,10
11108,2025-06-13,126,6,0,0,0,6
11109,2025-06-13,127,17,0,0,0,17
11110,2025-06-13,128,0,0,0,0,0
11111,2025-06-13,129,6,0,0,0,6
11112,2025-06-13,130,13,0,0,0,13
11113,2025-06-13,131,53,0,1,0,52
11114,2025-06-13,132,0,0,0,0,0
11115,2025-06-13,133,0,0,0,0,0
11116,2025-06-13,134,27,0,1,0,26
11117,2025-06-13,135,16,0,0,0,16
11118,2025-06-13,136,0,0,0,0,0
11119,2025-06-13,137,0,0,0,0,0
11120,2025-06-13,138,15,0,0,0,15
11121,2025-06-13,139,14,0,0,0,14
11122,2025-06-13,140,0,0,0,0,0
11123,2025-06-13,141,14,0,1,0,13
11124,2025-06-13,142,30,0,0,0,30
11125,2025-06-13,143,31,0,1,0,30
11126,2025-06-13,144,0,0,0,0,0
11127,2025-06-13,145,9,0,1,0,8
11128,2025-06-13,146,13,0,0,0,13
11129,2025-06-13,147,0,0,0,0,0
11130,2025-06-13,148,6,0,0,-2,4
11131,2025-06-13,149,19,0,0,0,19
11132,2025-06-13,150,10,0,0,0,10
11133,2025-06-13,151,24,0,5,0,19
11134,2025-06-13,152,18,0,1,0,17
11135,2025-06-13,153,0,0,0,0,0
11136,2025-06-13,154,0,0,0,0,0
11137,2025-06-13,155,9,0,1,0,8
11138,2025-06-13,156,18,0,1,0,17
11139,2025-06-13,157,14,0,0,0,14
11140,2025-06-13,158,13,0,0,0,13
11141,2025-06-13,159,43,0,1,0,42
11142,2025-06-13,160,24,0,1,0,23
11143,2025-06-13,161,11,0,0,0,11
11144,2025-06-13,162,0,0,0,0,0
11145,2025-06-13,163,9,0,1,0,8
11146,2025-06-13,164,8,0,1,0,7
11147,2025-06-13,165,6,0,0,0,6
11148,2025-06-13,166,30,0,1,0,29
11149,2025-06-13,167,49,0,0,0,49
11150,2025-06-13,168,19,0,0,0,19
11151,2025-06-13,169,12,0,0,-1,11
11152,2025-06-13,170,23,0,3,0,20
11153,2025-06-14,101,22,0,0,0,22
11154,2025-06-14,102,0,0,0,0,0
11155,2025-06-14,103,0,0,0,0,0
11156,2025-06-14,104,17,0,0,0,17
11157,2025-06-14,105,25,0,1,0,24
11158,2025-06-14,106,6,42,1,0,47
11159,2025-06-14,108,7,0,0,0,7
11160,2025-06-14,109,18,0,0,0,18
11161,2025-06-14,110,39,0,0,0,39
11162,2025-06-14,112,18,0,1,0,17
11163,2025-06-14,113,0,0,0,0,0
11164,2025-06-14,114,14,0,0,0,14
11165,2025-06-14,115,0,0,0,0,0
11166,2025-06-14,116,6,0,1,0,5
11167,2025-06-14,117,25,0,0,0,25
11168,2025-06-14,118,21,0,1,0,20
11169,2025-06-14,119,9,41,1,0,49
11170,2025-06-14,120,0,0,0,0,0
11171,2025-06-14,121,0,0,0,0,0
11172,2025-06-14,122,7,0,0,0,7
11173,2025-06-14,123,29,0,1,0,28
11174,2025-06-14,124,0,0,0,0,0
11175,2025-06-14,125,10,0,0,0,10
11176,2025-06-14,126,6,0,0,0,6
11177,2025-06-14,127,17,0,1,0,16
11178,2025-06-14,128,0,0,0,0,0
11179,2025-06-14,129,6,0,0,0,6
11180,2025-06-14,130,13,0,0,0,13
11181,2025-06-14,131,52,0,2,0,50
11182,2025-06-14,132,0,0,0,0,0
11183,2025-06-14,133,0,0,0,0,0
11184,2025-06-14,134,26,0,0,0,26
11185,2025-06-14,135,16,0,0,0,16
11186,2025-06-14,136,0,0,0,0,0
11187,2025-06-14,137,0,0,0,0,0
11188,2025-06-14,138,15,0,0,0,15
11189,2025-06-14,139,14,0,0,0,14
11190,2025-06-14,140,0,0,0,0,0
11191,2025-06-14,141,13,0,2,0,11
11192,2025-06-14,142,30,0,1,0,29
11193,2025-06-14,143,30,0,3,0,27
11194,2025-06-14,144,0,0,0,0,0
11195,2025-06-14,145,8,0,0,0,8
11196,2025-06-14,146,13,0,0,0,13
11197,2025-06-14,147,0,0,0,0,0
11198,2025-06-14,148,4,0,0,0,4
11199,2025-06-14,149,19,0,0,0,19
11200,2025-06-14,150,10,0,0,0,10
11201,2025-06-14,151,19,0,0,0,19
11202,2025-06-14,152,17,0,2,0,15
11203,2025-06-14,153,0,0,0,0,0
11204,2025-06-14,154,0,0,0,0,0
11205,2025-06-14,155,8,0,0,0,8
11206,2025-06-14,156,17,0,0,0,17
11207,2025-06-14,157,14,0,0,0,14
11208,2025-06-14,158,13,0,1,0,12
11209,2025-06-14,159,42,0,1,0,41
11210,2025-06-14,160,23,0,1,0,22
11211,2025-06-14,161,11,0,0,0,11
11212,2025-06-14,162,0,0,0,0,0
11213,2025-06-14,163,8,0,0,0,8
11214,2025-06-14,164,7,0,0,0,7
11215,2025-06-14,165,6,0,0,0,6
11216,2025-06-14,166,29,0,0,0,29
11217,2025-06-14,167,49,0,2,0,47
11218,2025-06-14,168,19,0,0,0,19
11219,2025-06-14,169,11,0,0,0,11
11220,2025-06-14,170,20,0,2,0,18
11221,2025-06-15,101,22,0,3,0,19
11222,2025-06-15,102,0,0,0,0,0
11223,2025-06-15,103,0,0,0,0,0
11224,2025-06-15,104,17,0,0,0,17
11225,2025-06-15,105,24,0,0,0,24
11226,2025-06-15,106,47,0,0,0,47
11227,2025-06-15,108,7,0,0,0,7
11228,2025-06-15,109,18,0,0,0,18
11229,2025-06-15,110,39,0,0,0,39
11230,2025-06-15,112,17,47,2,0,62
11231,2025-06-15,113,0,0,0,0,0
11232,2025-06-15,114,14,0,1,0,13
11233,2025-06-15,115,0,0,0,0,0
11234,2025-06-15,116,5,0,2,0,3
11235,2025-06-15,117,25,0,0,0,25
11236,2025-06-15,118,20,0,0,0,20
11237,2025-06-15,119,49,0,1,0,48
11238,2025-06-15,120,0,0,0,0,0
11239,2025-06-15,121,0,0,0,0,0
11240,2025-06-15,122,7,0,0,0,7
11241,2025-06-15,123,28,0,1,0,27
11242,2025-06-15,124,0,0,0,0,0
11243,2025-06-15,125,10,0,0,0,10
11244,2025-06-15,126,6,0,0,0,6
11245,2025-06-15,127,16,0,1,0,15
11246,2025-06-15,128,0,0,0,0,0
11247,2025-06-15,129,6,0,0,0,6
11248,2025-06-15,130,13,0,0,0,13
11249,2025-06-15,131,50,0,0,0,50
11250,2025-06-15,132,0,0,0,0,0
11251,2025-06-15,133,0,0,0,0,0
11252,2025-06-15,134,26,0,1,0,25
11253,2025-06-15,135,16,0,0,0,16
11254,2025-06-15,136,0,0,0,0,0
11255,2025-06-15,137,0,0,0,0,0
11256,2025-06-15,138,15,0,0,0,15
11257,2025-06-15,139,14,0,0,0,14
11258,2025-06-15,140,0,0,0,0,0
11259,2025-06-15,141,11,0,0,0,11
11260,2025-06-15,142,29,0,0,0,29
11261,2025-06-15,143,27,0,0,0,27
11262,2025-06-15,144,0,0,0,0,0
11263,2025-06-15,145,8,21,1,0,28
11264,2025-06-15,146,13,0,0,0,13
11265,2025-06-15,147,0,0,0,0,0
11266,2025-06-15,148,4,0,0,0,4
11267,2025-06-15,149,19,0,0,0,19
11268,2025-06-15,150,10,0,0,0,10
11269,2025-06-15,151,19,0,2,0,17
11270,2025-06-15,152,15,0,0,0,15
11271,2025-06-15,153,0,0,0,0,0
11272,2025-06-15,154,0,0,0,0,0
11273,2025-06-15,155,8,0,0,0,8
11274,2025-06-15,156,17,0,2,0,15
11275,2025-06-15,157,14,0,1,0,13
11276,2025-06-15,158,12,41,0,0,53
11277,2025-06-15,159,41,0,0,0,41
11278,2025-06-15,160,22,0,1,0,21
11279,2025-06-15,161,11,0,2,0,9
11280,2025-06-15,162,0,0,0,0,0
11281,2025-06-15,163,8,0,0,0,8
11282,2025-06-15,164,7,0,0,0,7
11283,2025-06-15,165,6,0,0,0,6
11284,2025-06-15,166,29,0,3,0,26
11285,2025-06-15,167,47,0,0,0,47
11286,2025-06-15,168,19,0,0,0,19
11287,2025-06-15,169,11,0,0,0,11
11288,2025-06-15,170,18,0,1,0,17
11289,2025-06-16,101,19,0,1,0,18
11290,2025-06-16,102,0,0,0,0,0
11291,2025-06-16,103,0,0,0,0,0
11292,2025-06-16,104,17,0,0,0,17
11293,2025-06-16,105,24,0,0,0,24
11294,2025-06-16,106,47,0,2,0,45
11295,2025-06-16,108,7,0,0,0,7
11296,2025-06-16,109,18,0,2,0,16
11297,2025-06-16,110,39,0,3,0,36
11298,2025-06-16,112,62,0,1,0,61
11299,2025-06-16,113,0,0,0,0,0
11300,2025-06-16,114,13,0,0,0,13
11301,2025-06-16,115,0,0,0,0,0
11302,2025-06-16,116,3,24,0,0,27
11303,2025-06-16,117,25,0,0,0,25
11304,2025-06-16,118,20,0,1,0,19
11305,2025-06-16,119,48,0,1,0,47
11306,2025-06-16,120,0,0,0,0,0
11307,2025-06-16,121,0,0,0,0,0
11308,2025-06-16,122,7,0,0,0,7
11309,2025-06-16,123,27,0,0,0,27
11310,2025-06-16,124,0,0,0,0,0
11311,2025-06-16,125,10,0,0,0,10
11312,2025-06-16,126,6,0,0,0,6
11313,2025-06-16,127,15,0,0,0,15
11314,2025-06-16,128,0,0,0,0,0
11315,2025-06-16,129,6,0,0,0,6
11316,2025-06-16,130,13,0,1,0,12
11317,2025-06-16,131,50,0,1,0,49
11318,2025-06-16,132,0,0,0,0,0
11319,2025-06-16,133,0,0,0,0,0
11320,2025-06-16,134,25,0,1,0,24
11321,2025-06-16,135,16,0,0,0,16
11322,2025-06-16,136,0,0,0,0,0
11323,2025-06-16,137,0,0,0,0,0
11324,2025-06-16,138,15,0,0,0,15
11325,2025-06-16,139,14,0,0,0,14
11326,2025-06-16,140,0,0,0,0,0
11327,2025-06-16,141,11,0,1,0,10
11328,2025-06-16,142,29,0,1,0,28
11329,2025-06-16,143,27,0,2,0,25
11330,2025-06-16,144,0,0,0,0,0
11331,2025-06-16,145,28,0,1,0,27
11332,2025-06-16,146,13,0,0,0,13
11333,2025-06-16,147,0,0,0,0,0
11334,2025-06-16,148,4,10,0,0,14
11335,2025-06-16,149,19,0,1,0,18
11336,2025-06-16,150,10,0,0,0,10
11337,2025-06-16,151,17,0,0,0,17
11338,2025-06-16,152,15,0,1,0,14
11339,2025-06-16,153,0,0,0,0,0
11340,2025-06-16,154,0,0,0,0,0
11341,2025-06-16,155,8,0,0,0,8
11342,2025-06-16,156,15,0,0,0,15
11343,2025-06-16,157,13,0,1,0,12
11344,2025-06-16,158,53,0,2,0,51
11345,2025-06-16,159,41,0,3,0,38
11346,2025-06-16,160,21,0,0,0,21
11347,2025-06-16,161,9,0,0,0,9
11348,2025-06-16,162,0,0,0,0,0
11349,2025-06-16,163,8,0,0,0,8
11350,2025-06-16,164,7,0,0,0,7
11351,2025-06-16,165,6,0,0,0,6
11352,2025-06-16,166,26,0,3,-3,20
11353,2025-06-16,167,47,0,1,0,46
11354,2025-06-16,168,19,0,0,0,19
11355,2025-06-16,169,11,0,0,0,11
11356,2025-06-16,170,17,0,0,0,17
11357,2025-06-17,101,18,0,0,0,18
11358,2025-06-17,102,0,0,0,0,0
11359,2025-06-17,103,0,0,0,0,0
11360,2025-06-17,104,17,0,0,0,17
11361,2025-06-17,105,24,0,1,0,23
11362,2025-06-17,106,45,0,2,0,43
11363,2025-06-17,108,7,0,0,0,7
11364,2025-06-17,109,16,0,1,0,15
11365,2025-06-17,110,36,0,4,0,32
11366,2025-06-17,112,61,0,0,0,61
11367,2025-06-17,113,0,0,0,0,0
11368,2025-06-17,114,13,0,0,0,13
11369,2025-06-17,115,0,0,0,0,0
11370,2025-06-17,116,27,0,1,-3,23
11371,2025-06-17,117,25,0,0,0,25
11372,2025-06-17,118,19,0,0,0,19
11373,2025-06-17,119,47,0,0,0,47
11374,2025-06-17,120,0,0,0,0,0
11375,2025-06-17,121,0,0,0,0,0
11376,2025-06-17,122,7,0,0,0,7
11377,2025-06-17,123,27,0,0,0,27
11378,2025-06-17,124,0,0,0,0,0
11379,2025-06-17,125,10,0,0,0,10
11380,2025-06-17,126,6,0,0,0,6
11381,2025-06-17,127,15,0,0,0,15
11382,2025-06-17,128,0,0,0,0,0
11383,2025-06-17,129,6,0,0,0,6
11384,2025-06-17,130,12,0,0,0,12
11385,2025-06-17,131,49,0,1,0,48
11386,2025-06-17,132,0,0,0,0,0
11387,2025-06-17,133,0,0,0,0,0
11388,2025-06-17,134,24,0,0,0,24
11389,2025-06-17,135,16,0,1,0,15
11390,2025-06-17,136,0,0,0,0,0
11391,2025-06-17,137,0,0,0,0,0
11392,2025-06-17,138,15,0,0,0,15
11393,2025-06-17,139,14,0,1,0,13
11394,2025-06-17,140,0,0,0,0,0
11395,2025-06-17,141,10,0,0,0,10
11396,2025-06-17,142,28,0,0,0,28
11397,2025-06-17,143,25,0,2,0,23
11398,2025-06-17,144,0,0,0,0,0
11399,2025-06-17,145,27,0,0,0,27
11400,2025-06-17,146,13,0,0,0,13
11401,2025-06-17,147,0,0,0,0,0
11402,2025-06-17,148,14,0,0,0,14
11403,2025-06-17,149,18,0,0,0,18
11404,2025-06-17,150,10,0,2,0,8
11405,2025-06-17,151,17,0,0,0,17
11406,2025-06-17,152,14,0,0,0,14
11407,2025-06-17,153,0,0,0,0,0
11408,2025-06-17,154,0,0,0,0,0
11409,2025-06-17,155,8,0,0,0,8
11410,2025-06-17,156,15,42,2,0,55
11411,2025-06-17,157,12,0,0,0,12
11412,2025-06-17,158,51,0,1,0,50
11413,2025-06-17,159,38,0,1,0,37
11414,2025-06-17,160,21,0,0,0,21
11415,2025-06-17,161,9,0,0,0,9
11416,2025-06-17,162,0,0,0,0,0
11417,2025-06-17,163,8,0,0,0,8
11418,2025-06-17,164,7,20,0,0,27
11419,2025-06-17,165,6,0,0,0,6
11420,2025-06-17,166,20,0,3,0,17
11421,2025-06-17,167,46,0,3,0,43
11422,2025-06-17,168,19,0,0,-3,16
11423,2025-06-17,169,11,0,0,0,11
11424,2025-06-17,170,17,46,1,0,62
11425,2025-06-18,101,18,0,1,0,17
11426,2025-06-18,102,0,0,0,0,0
11427,2025-06-18,103,0,0,0,0,0
11428,2025-06-18,104,17,0,1,0,16
11429,2025-06-18,105,23,0,0,0,23
11430,2025-06-18,106,43,0,3,0,40
11431,2025-06-18,108,7,0,1,0,6
11432,2025-06-18,109,15,0,0,0,15
11433,2025-06-18,110,32,0,2,0,30
11434,2025-06-18,112,61,0,3,0,58
11435,2025-06-18,113,0,0,0,0,0
11436,2025-06-18,114,13,0,0,0,13
11437,2025-06-18,115,0,0,0,0,0
11438,2025-06-18,116,23,0,0,0,23
11439,2025-06-18,117,25,0,0,0,25
11440,2025-06-18,118,19,0,3,0,16
11441,2025-06-18,119,47,0,1,0,46
11442,2025-06-18,120,0,0,0,0,0
11443,2025-06-18,121,0,0,0,0,0
11444,2025-06-18,122,7,0,0,-2,5
11445,2025-06-18,123,27,0,0,0,27
11446,2025-06-18,124,0,0,0,0,0
11447,2025-06-18,125,10,0,1,0,9
11448,2025-06-18,126,6,0,0,0,6
11449,2025-06-18,127,15,0,1,0,14
11450,2025-06-18,128,0,0,0,0,0
11451,2025-06-18,129,6,0,0,0,6
11452,2025-06-18,130,12,0,0,0,12
11453,2025-06-18,131,48,0,1,-2,45
11454,2025-06-18,132,0,0,0,0,0
11455,2025-06-18,133,0,0,0,0,0
11456,2025-06-18,134,24,0,0,0,24
11457,2025-06-18,135,15,0,1,0,14
11458,2025-06-18,136,0,0,0,0,0
11459,2025-06-18,137,0,0,0,0,0
11460,2025-06-18,138,15,0,1,0,14
11461,2025-06-18,139,13,0,0,0,13
11462,2025-06-18,140,0,0,0,0,0
11463,2025-06-18,141,10,0,0,0,10
11464,2025-06-18,142,28,0,2,0,26
11465,2025-06-18,143,23,0,2,0,21
11466,2025-06-18,144,0,0,0,0,0
11467,2025-06-18,145,27,0,0,0,27
11468,2025-06-18,146,13,0,0,0,13
11469,2025-06-18,147,0,0,0,0,0
11470,2025-06-18,148,14,0,0,0,14
11471,2025-06-18,149,18,0,0,0,18
11472,2025-06-18,150,8,0,0,0,8
11473,2025-06-18,151,17,0,1,0,16
11474,2025-06-18,152,14,0,1,0,13
11475,2025-06-18,153,0,0,0,0,0
11476,2025-06-18,154,0,0,0,0,0
11477,2025-06-18,155,8,0,0,0,8
11478,2025-06-18,156,55,0,1,0,54
11479,2025-06-18,157,12,0,0,0,12
11480,2025-06-18,158,50,0,1,0,49
11481,2025-06-18,159,37,0,2,0,35
11482,2025-06-18,160,21,0,1,0,20
11483,2025-06-18,161,9,0,1,0,8
11484,2025-06-18,162,0,0,0,0,0
11485,2025-06-18,163,8,0,2,0,6
11486,2025-06-18,164,27,0,0,0,27
11487,2025-06-18,165,6,0,1,0,5
11488,2025-06-18,166,17,0,0,0,17
11489,2025-06-18,167,43,0,3,0,40
11490,2025-06-18,168,16,0,0,0,16
11491,2025-06-18,169,11,0,0,0,11
11492,2025-06-18,170,62,0,2,0,60
11493,2025-06-19,101,17,0,2,0,15
11494,2025-06-19,102,0,0,0,0,0
11495,2025-06-19,103,0,0,0,0,0
11496,2025-06-19,104,16,0,0,0,16
11497,2025-06-19,105,23,0,0,0,23
11498,2025-06-19,106,40,0,3,0,37
11499,2025-06-19,108,6,0,0,0,6
11500,2025-06-19,109,15,0,1,0,14
11501,2025-06-19,110,30,0,1,0,29
11502,2025-06-19,112,58,0,3,0,55
11503,2025-06-19,113,0,0,0,0,0
11504,2025-06-19,114,13,0,0,0,13
11505,2025-06-19,115,0,0,0,0,0
11506,2025-06-19,116,23,0,0,0,23
11507,2025-06-19,117,25,0,1,0,24
11508,2025-06-19,118,16,0,1,0,15
11509,2025-06-19,119,46,0,0,0,46
11510,2025-06-19,120,0,0,0,0,0
11511,2025-06-19,121,0,0,0,0,0
11512,2025-06-19,122,5,0,0,0,5
11513,2025-06-19,123,27,0,1,0,26
11514,2025-06-19,124,0,0,0,0,0
11515,2025-06-19,125,9,0,0,0,9
11516,2025-06-19,126,6,0,0,0,6
11517,2025-06-19,127,14,0,1,0,13
11518,2025-06-19,128,0,0,0,0,0
11519,2025-06-19,129,6,0,0,0,6
11520,2025-06-19,130,12,0,1,0,11
11521,2025-06-19,131,45,0,2,0,43
11522,2025-06-19,132,0,0,0,0,0
11523,2025-06-19,133,0,0,0,0,0
11524,2025-06-19,134,24,0,1,0,23
11525,2025-06-19,135,14,0,0,0,14
11526,2025-06-19,136,0,0,0,0,0
11527,2025-06-19,137,0,0,0,0,0
11528,2025-06-19,138,14,0,0,0,14
11529,2025-06-19,139,13,0,0,0,13
11530,2025-06-19,140,0,0,0,0,0
11531,2025-06-19,141,10,24,0,0,34
11532,2025-06-19,142,26,0,2,0,24
11533,2025-06-19,143,21,0,0,0,21
11534,2025-06-19,144,0,0,0,0,0
11535,2025-06-19,145,27,0,1,0,26
11536,2025-06-19,146,13,0,0,0,13
11537,2025-06-19,147,0,0,0,0,0
11538,2025-06-19,148,14,0,0,0,14
11539,2025-06-19,149,18,0,0,0,18
11540,2025-06-19,150,8,0,1,0,7
11541,2025-06-19,151,16,0,2,0,14
11542,2025-06-19,152,13,0,0,0,13
11543,2025-06-19,153,0,0,0,0,0
11544,2025-06-19,154,0,0,0,0,0
11545,2025-06-19,155,8,0,0,0,8
11546,2025-06-19,156,54,0,2,0,52
11547,2025-06-19,157,12,0,1,0,11
11548,2025-06-19,158,49,0,1,0,48
11549,2025-06-19,159,35,0,0,0,35
11550,2025-06-19,160,20,0,1,0,19
11551,2025-06-19,161,8,0,1,0,7
11552,2025-06-19,162,0,0,0,0,0
11553,2025-06-19,163,6,0,1,0,5
11554,2025-06-19,164,27,0,0,0,27
11555,2025-06-19,165,5,0,0,0,5
11556,2025-06-19,166,17,0,1,0,16
11557,2025-06-19,167,40,0,2,0,38
11558,2025-06-19,168,16,0,1,0,15
11559,2025-06-19,169,11,0,0,0,11
11560,2025-06-19,170,60,0,1,0,59
11561,2025-06-20,101,15,0,0,0,15
11562,2025-06-20,102,0,0,0,0,0
11563,2025-06-20,103,0,0,0,0,0
11564,2025-06-20,104,16,0,0,0,16
11565,2025-06-20,105,23,0,0,0,23
11566,2025-06-20,106,37,0,1,0,36
11567,2025-06-20,108,6,0,0,0,6
11568,2025-06-20,109,14,0,1,0,13
11569,2025-06-20,110,29,0,1,0,28
11570,2025-06-20,112,55,0,2,0,53
11571,2025-06-20,113,0,0,0,0,0
11572,2025-06-20,114,13,0,0,0,13
11573,2025-06-20,115,0,0,0,0,0
11574,2025-06-20,116,23,0,0,0,23
11575,2025-06-20,117,24,0,0,0,24
11576,2025-06-20,118,15,0,1,0,14
11577,2025-06-20,119,46,0,1,0,45
11578,2025-06-20,120,0,0,0,0,0
11579,2025-06-20,121,0,0,0,0,0
11580,2025-06-20,122,5,0,0,0,5
11581,2025-06-20,123,26,0,1,0,25
11582,2025-06-20,124,0,0,0,0,0
11583,2025-06-20,125,9,0,0,0,9
11584,2025-06-20,126,6,0,0,0,6
11585,2025-06-20,127,13,0,0,0,13
11586,2025-06-20,128,0,0,0,0,0
11587,2025-06-20,129,6,0,0,0,6
11588,2025-06-20,130,11,0,0,0,11
11589,2025-06-20,131,43,0,1,0,42
11590,2025-06-20,132,0,0,0,0,0
11591,2025-06-20,133,0,0,0,0,0
11592,2025-06-20,134,23,0,1,0,22
11593,2025-06-20,135,14,0,1,0,13
11594,2025-06-20,136,0,0,0,0,0
11595,2025-06-20,137,0,0,0,0,0
11596,2025-06-20,138,14,0,1,0,13
11597,2025-06-20,139,13,0,0,0,13
11598,2025-06-20,140,0,0,0,0,0
11599,2025-06-20,141,34,0,0,0,34
11600,2025-06-20,142,24,0,1,0,23
11601,2025-06-20,143,21,0,5,0,16
11602,2025-06-20,144,0,0,0,0,0
11603,2025-06-20,145,26,0,0,0,26
11604,2025-06-20,146,13,0,0,0,13
11605,2025-06-20,147,0,0,0,0,0
11606,2025-06-20,148,14,0,0,0,14
11607,2025-06-20,149,18,0,0,0,18
11608,2025-06-20,150,7,0,0,0,7
11609,2025-06-20,151,14,0,3,0,11
11610,2025-06-20,152,13,0,0,0,13
11611,2025-06-20,153,0,0,0,0,0
11612,2025-06-20,154,0,0,0,0,0
11613,2025-06-20,155,8,0,0,0,8
11614,2025-06-20,156,52,0,1,0,51
11615,2025-06-20,157,11,0,1,0,10
11616,2025-06-20,158,48,0,3,0,45
11617,2025-06-20,159,35,0,2,0,33
11618,2025-06-20,160,19,0,0,0,19
11619,2025-06-20,161,7,0,1,0,6
11620,2025-06-20,162,0,0,0,0,0
11621,2025-06-20,163,5,0,0,0,5
11622,2025-06-20,164,27,0,3,0,24
11623,2025-06-20,165,5,0,0,0,5
11624,2025-06-20,166,16,0,1,0,15
11625,2025-06-20,167,38,0,1,0,37
11626,2025-06-20,168,15,0,0,0,15
11627,2025-06-20,169,11,0,0,0,11
11628,2025-06-20,170,59,0,0,0,59
11629,2025-06-21,101,15,0,0,0,15
11630,2025-06-21,102,0,0,0,0,0
11631,2025-06-21,103,0,0,0,0,0
11632,2025-06-21,104,16,0,1,0,15
11633,2025-06-21,105,23,0,0,0,23
11634,2025-06-21,106,36,0,2,0,34
11635,2025-06-21,108,6,0,0,0,6
11636,2025-06-21,109,13,0,0,0,13
11637,2025-06-21,110,28,0,0,0,28
11638,2025-06-21,112,53,0,2,0,51
11639,2025-06-21,113,0,0,0,0,0
11640,2025-06-21,114,13,0,0,0,13
11641,2025-06-21,115,0,0,0,0,0
11642,2025-06-21,116,23,0,1,0,22
11643,2025-06-21,117,24,0,0,0,24
11644,2025-06-21,118,14,45,2,0,57
11645,2025-06-21,119,45,0,0,0,45
11646,2025-06-21,120,0,0,0,0,0
11647,2025-06-21,121,0,0,0,0,0
11648,2025-06-21,122,5,0,0,0,5
11649,2025-06-21,123,25,0,0,0,25
11650,2025-06-21,124,0,0,0,0,0
11651,2025-06-21,125,9,0,1,0,8
11652,2025-06-21,126,6,0,0,0,6
11653,2025-06-21,127,13,0,0,0,13
11654,2025-06-21,128,0,0,0,0,0
11655,2025-06-21,129,6,0,0,0,6
11656,2025-06-21,130,11,0,0,0,11
11657,2025-06-21,131,42,0,1,0,41
11658,2025-06-21,132,0,0,0,0,0
11659,2025-06-21,133,0,0,0,0,0
11660,2025-06-21,134,22,0,1,0,21
11661,2025-06-21,135,13,0,1,0,12
11662,2025-06-21,136,0,0,0,0,0
11663,2025-06-21,137,0,0,0,0,0
11664,2025-06-21,138,13,0,0,0,13
11665,2025-06-21,139,13,0,0,0,13
11666,2025-06-21,140,0,0,0,0,0
11667,2025-06-21,141,34,0,1,0,33
11668,2025-06-21,142,23,0,1,0,22
11669,2025-06-21,143,16,0,0,0,16
11670,2025-06-21,144,0,0,0,0,0
11671,2025-06-21,145,26,0,2,0,24
11672,2025-06-21,146,13,0,0,0,13
11673,2025-06-21,147,0,0,0,0,0
11674,2025-06-21,148,14,0,0,0,14
11675,2025-06-21,149,18,0,0,0,18
11676,2025-06-21,150,7,0,0,0,7
11677,2025-06-21,151,11,0,1,0,10
11678,2025-06-21,152,13,0,0,0,13
11679,2025-06-21,153,0,0,0,0,0
11680,2025-06-21,154,0,0,0,0,0
11681,2025-06-21,155,8,0,0,0,8
11682,2025-06-21,156,51,0,1,0,50
11683,2025-06-21,157,10,0,2,0,8
11684,2025-06-21,158,45,0,1,0,44
11685,2025-06-21,159,33,0,0,0,33
11686,2025-06-21,160,19,0,0,0,19
11687,2025-06-21,161,6,23,1,0,28
11688,2025-06-21,162,0,0,0,0,0
11689,2025-06-21,163,5,0,1,0,4
11690,2025-06-21,164,24,0,0,0,24
11691,2025-06-21,165,5,0,0,0,5
11692,2025-06-21,166,15,0,1,-2,12
11693,2025-06-21,167,37,0,2,0,35
11694,2025-06-21,168,15,0,1,0,14
11695,2025-06-21,169,11,0,0,0,11
11696,2025-06-21,170,59,0,1,0,58
11697,2025-06-22,101,15,0,2,0,13
11698,2025-06-22,102,0,0,0,0,0
11699,2025-06-22,103,0,0,0,0,0
11700,2025-06-22,104,15,0,1,0,14
11701,2025-06-22,105,23,0,0,0,23
11702,2025-06-22,106,34,0,0,0,34
11703,2025-06-22,108,6,0,0,0,6
11704,2025-06-22,109,13,0,0,0,13
11705,2025-06-22,110,28,0,2,0,26
11706,2025-06-22,112,51,0,0,0,51
11707,2025-06-22,113,0,0,0,0,0
11708,2025-06-22,114,13,0,0,0,13
11709,2025-06-22,115,0,0,0,0,0
11710,2025-06-22,116,22,0,1,0,21
11711,2025-06-22,117,24,0,0,0,24
11712,2025-06-22,118,57,0,0,0,57
11713,2025-06-22,119,45,0,0,0,45
11714,2025-06-22,120,0,0,0,0,0
11715,2025-06-22,121,0,0,0,0,0
11716,2025-06-22,122,5,0,0,0,5
11717,2025-06-22,123,25,0,1,0,24
11718,2025-06-22,124,0,0,0,0,0
11719,2025-06-22,125,8,0,0,0,8
11720,2025-06-22,126,6,0,0,0,6
11721,2025-06-22,127,13,0,0,0,13
11722,2025-06-22,128,0,0,0,0,0
11723,2025-06-22,129,6,0,0,0,6
11724,2025-06-22,130,11,0,0,0,11
11725,2025-06-22,131,41,0,0,0,41
11726,2025-06-22,132,0,0,0,0,0
11727,2025-06-22,133,0,0,0,0,0
11728,2025-06-22,134,21,0,1,0,20
11729,2025-06-22,135,12,0,0,0,12
11730,2025-06-22,136,0,0,0,0,0
11731,2025-06-22,137,0,0,0,0,0
11732,2025-06-22,138,13,0,0,0,13
11733,2025-06-22,139,13,0,1,0,12
11734,2025-06-22,140,0,0,0,0,0
11735,2025-06-22,141,33,0,2,0,31
11736,2025-06-22,142,22,0,1,0,21
11737,2025-06-22,143,16,0,1,0,15
11738,2025-06-22,144,0,0,0,0,0
11739,2025-06-22,145,24,0,0,0,24
11740,2025-06-22,146,13,0,1,0,12
11741,2025-06-22,147,0,0,0,0,0
11742,2025-06-22,148,14,0,0,0,14
11743,2025-06-22,149,18,0,0,0,18
11744,2025-06-22,150,7,0,0,0,7
11745,2025-06-22,151,10,0,0,0,10
11746,2025-06-22,152,13,0,0,0,13
11747,2025-06-22,153,0,0,0,0,0
11748,2025-06-22,154,0,0,0,0,0
11749,2025-06-22,155,8,0,0,0,8
11750,2025-06-22,156,50,0,1,0,49
11751,2025-06-22,157,8,0,0,0,8
11752,2025-06-22,158,44,0,1,0,43
11753,2025-06-22,159,33,0,0,0,33
11754,2025-06-22,160,19,0,2,0,17
11755,2025-06-22,161,28,0,0,0,28
11756,2025-06-22,162,0,0,0,0,0
11757,2025-06-22,163,4,0,0,0,4
11758,2025-06-22,164,24,0,0,0,24
11759,2025-06-22,165,5,0,0,0,5
11760,2025-06-22,166,12,0,0,0,12
11761,2025-06-22,167,35,0,0,0,35
11762,2025-06-22,168,14,0,1,0,13
11763,2025-06-22,169,11,0,1,-3,7
11764,2025-06-22,170,58,0,2,0,56
11765,2025-06-23,101,13,0,0,0,13
11766,2025-06-23,102,0,0,0,0,0
11767,2025-06-23,103,0,0,0,0,0
11768,2025-06-23,104,14,0,0,0,14
11769,2025-06-23,105,23,0,0,0,23
11770,2025-06-23,106,34,0,2,0,32
11771,2025-06-23,108,6,0,0,0,6
11772,2025-06-23,109,13,0,0,0,13
11773,2025-06-23,110,26,0,0,0,26
11774,2025-06-23,112,51,0,0,0,51
11775,2025-06-23,113,0,0,0,0,0
11776,2025-06-23,114,13,0,0,0,13
11777,2025-06-23,115,0,0,0,0,0
11778,2025-06-23,116,21,0,1,0,20
11779,2025-06-23,117,24,0,0,0,24
11780,2025-06-23,118,57,0,1,0,56
11781,2025-06-23,119,45,0,2,0,43
11782,2025-06-23,120,0,0,0,0,0
11783,2025-06-23,121,0,0,0,0,0
11784,2025-06-23,122,5,0,0,0,5
11785,2025-06-23,123,24,0,1,0,23
11786,2025-06-23,124,0,0,0,0,0
11787,2025-06-23,125,8,0,0,0,8
11788,2025-06-23,126,6,0,0,0,6
11789,2025-06-23,127,13,0,1,0,12
11790,2025-06-23,128,0,0,0,0,0
11791,2025-06-23,129,6,0,0,0,6
11792,2025-06-23,130,11,0,0,0,11
11793,2025-06-23,131,41,0,2,0,39
11794,2025-06-23,132,0,0,0,0,0
11795,2025-06-23,133,0,0,0,0,0
11796,2025-06-23,134,20,0,0,0,20
11797,2025-06-23,135,12,0,0,0,12
11798,2025-06-23,136,0,0,0,0,0
11799,2025-06-23,137,0,0,0,0,0
11800,2025-06-23,138,13,0,2,0,11
11801,2025-06-23,139,12,0,1,0,11
11802,2025-06-23,140,0,0,0,0,0
11803,2025-06-23,141,31,0,1,0,30
11804,2025-06-23,142,21,0,1,0,20
11805,2025-06-23,143,15,45,1,0,59
11806,2025-06-23,144,0,0,0,0,0
11807,2025-06-23,145,24,0,3,0,21
11808,2025-06-23,146,12,0,0,0,12
11809,2025-06-23,147,0,0,0,0,0
11810,2025-06-23,148,14,0,0,0,14
11811,2025-06-23,149,18,0,0,0,18
11812,2025-06-23,150,7,0,0,0,7
11813,2025-06-23,151,10,0,0,0,10
11814,2025-06-23,152,13,0,0,0,13
11815,2025-06-23,153,0,0,0,0,0
11816,2025-06-23,154,0,0,0,0,0
11817,2025-06-23,155,8,0,0,0,8
11818,2025-06-23,156,49,0,3,0,46
11819,2025-06-23,157,8,0,1,0,7
11820,2025-06-23,158,43,0,0,0,43
11821,2025-06-23,159,33,0,1,0,32
11822,2025-06-23,160,17,0,1,0,16
11823,2025-06-23,161,28,0,1,0,27
11824,2025-06-23,162,0,0,0,0,0
11825,2025-06-23,163,4,0,0,0,4
11826,2025-06-23,164,24,0,1,0,23
11827,2025-06-23,165,5,0,0,0,5
11828,2025-06-23,166,12,0,2,0,10
11829,2025-06-23,167,35,0,1,0,34
11830,2025-06-23,168,13,0,0,0,13
11831,2025-06-23,169,7,0,0,0,7
11832,2025-06-23,170,56,0,1,0,55
11833,2025-06-24,101,13,0,1,0,12
11834,2025-06-24,102,0,0,0,0,0
11835,2025-06-24,103,0,0,0,0,0
11836,2025-06-24,104,14,0,1,0,13
11837,2025-06-24,105,23,0,0,0,23
11838,2025-06-24,106,32,0,1,0,31
11839,2025-06-24,108,6,0,0,0,6
11840,2025-06-24,109,13,0,0,0,13
11841,2025-06-24,110,26,0,2,0,24
11842,2025-06-24,112,51,0,1,0,50
11843,2025-06-24,113,0,0,0,0,0
11844,2025-06-24,114,13,0,0,0,13
11845,2025-06-24,115,0,0,0,0,0
11846,2025-06-24,116,20,0,0,0,20
11847,2025-06-24,117,24,0,2,0,22
11848,2025-06-24,118,56,0,0,0,56
11849,2025-06-24,119,43,0,3,0,40
11850,2025-06-24,120,0,0,0,0,0
11851,2025-06-24,121,0,0,0,0,0
11852,2025-06-24,122,5,0,0,0,5
11853,2025-06-24,123,23,0,1,0,22
11854,2025-06-24,124,0,0,0,0,0
11855,2025-06-24,125,8,0,0,0,8
11856,2025-06-24,126,6,0,0,0,6
11857,2025-06-24,127,12,0,0,0,12
11858,2025-06-24,128,0,0,0,0,0
11859,2025-06-24,129,6,0,0,0,6
11860,2025-06-24,130,11,0,0,0,11
11861,2025-06-24,131,39,0,1,0,38
11862,2025-06-24,132,0,0,0,0,0
11863,2025-06-24,133,0,0,0,0,0
11864,2025-06-24,134,20,0,0,0,20
11865,2025-06-24,135,12,0,0,0,12
11866,2025-06-24,136,0,0,0,0,0
11867,2025-06-24,137,0,0,0,0,0
11868,2025-06-24,138,11,0,0,0,11
11869,2025-06-24,139,11,0,0,-1,10
11870,2025-06-24,140,0,0,0,0,0
11871,2025-06-24,141,30,0,1,0,29
11872,2025-06-24,142,20,0,0,0,20
11873,2025-06-24,143,59,0,1,0,58
11874,2025-06-24,144,0,0,0,0,0
11875,2025-06-24,145,21,0,0,0,21
11876,2025-06-24,146,12,0,0,0,12
11877,2025-06-24,147,0,0,0,0,0
11878,2025-06-24,148,14,0,0,0,14
11879,2025-06-24,149,18,0,1,0,17
11880,2025-06-24,150,7,0,0,0,7
11881,2025-06-24,151,10,0,1,0,9
11882,2025-06-24,152,13,0,2,0,11
11883,2025-06-24,153,0,0,0,0,0
11884,2025-06-24,154,0,0,0,0,0
11885,2025-06-24,155,8,0,0,0,8
11886,2025-06-24,156,46,0,0,0,46
11887,2025-06-24,157,7,23,2,0,28
11888,2025-06-24,158,43,0,1,0,42
11889,2025-06-24,159,32,0,2,0,30
11890,2025-06-24,160,16,0,0,0,16
11891,2025-06-24,161,27,0,0,0,27
11892,2025-06-24,162,0,0,0,0,0
11893,2025-06-24,163,4,0,0,0,4
11894,2025-06-24,164,23,0,0,0,23
11895,2025-06-24,165,5,0,1,0,4
11896,2025-06-24,166,10,0,0,0,10
11897,2025-06-24,167,34,0,4,0,30
11898,2025-06-24,168,13,0,0,0,13
11899,2025-06-24,169,7,0,0,0,7
11900,2025-06-24,170,55,0,1,0,54
11901,2025-06-25,101,12,0,1,0,11
11902,2025-06-25,102,0,0,0,0,0
11903,2025-06-25,103,0,0,0,0,0
11904,2025-06-25,104,13,0,1,0,12
11905,2025-06-25,105,23,0,1,0,22
11906,2025-06-25,106,31,0,2,0,29
11907,2025-06-25,108,6,0,0,0,6
11908,2025-06-25,109,13,0,0,0,13
11909,2025-06-25,110,24,0,1,0,23
11910,2025-06-25,112,50,0,1,0,49
11911,2025-06-25,113,0,0,0,0,0
11912,2025-06-25,114,13,0,0,0,13
11913,2025-06-25,115,0,0,0,0,0
11914,2025-06-25,116,20,0,0,0,20
11915,2025-06-25,117,22,0,1,0,21
11916,2025-06-25,118,56,0,1,0,55
11917,2025-06-25,119,40,0,3,0,37
11918,2025-06-25,120,0,0,0,0,0
11919,2025-06-25,121,0,0,0,0,0
11920,2025-06-25,122,5,0,0,0,5
11921,2025-06-25,123,22,0,1,0,21
11922,2025-06-25,124,0,0,0,0,0
11923,2025-06-25,125,8,0,0,0,8
11924,2025-06-25,126,6,0,0,0,6
11925,2025-06-25,127,12,0,0,0,12
11926,2025-06-25,128,0,0,0,0,0
11927,2025-06-25,129,6,0,0,0,6
11928,2025-06-25,130,11,0,1,0,10
11929,2025-06-25,131,38,0,4,0,34
11930,2025-06-25,132,0,0,0,0,0
11931,2025-06-25,133,0,0,0,0,0
11932,2025-06-25,134,20,0,0,0,20
11933,2025-06-25,135,12,0,0,0,12
11934,2025-06-25,136,0,0,0,0,0
11935,2025-06-25,137,0,0,0,0,0
11936,2025-06-25,138,11,0,0,0,11
11937,2025-06-25,139,10,0,1,0,9
11938,2025-06-25,140,0,0,0,0,0
11939,2025-06-25,141,29,0,0,0,29
11940,2025-06-25,142,20,0,1,0,19
11941,2025-06-25,143,58,0,1,0,57
11942,2025-06-25,144,0,0,0,0,0
11943,2025-06-25,145,21,0,2,0,19
11944,2025-06-25,146,12,0,1,0,11
11945,2025-06-25,147,0,0,0,0,0
11946,2025-06-25,148,14,0,0,0,14
11947,2025-06-25,149,17,0,0,0,17
11948,2025-06-25,150,7,0,0,0,7
11949,2025-06-25,151,9,0,0,0,9
11950,2025-06-25,152,11,0,1,0,10
11951,2025-06-25,153,0,0,0,0,0
11952,2025-06-25,154,0,0,0,0,0
11953,2025-06-25,155,8,0,0,0,8
11954,2025-06-25,156,46,0,0,0,46
11955,2025-06-25,157,28,0,1,0,27
11956,2025-06-25,158,42,0,1,0,41
11957,2025-06-25,159,30,0,1,0,29
11958,2025-06-25,160,16,0,1,0,15
11959,2025-06-25,161,27,0,1,0,26
11960,2025-06-25,162,0,0,0,0,0
11961,2025-06-25,163,4,0,1,0,3
11962,2025-06-25,164,23,0,0,0,23
11963,2025-06-25,165,4,0,0,0,4
11964,2025-06-25,166,10,39,4,0,45
11965,2025-06-25,167,30,0,1,0,29
11966,2025-06-25,168,13,0,0,0,13
11967,2025-06-25,169,7,0,0,0,7
11968,2025-06-25,170,54,0,0,0,54
11969,2025-06-26,101,11,0,0,0,11
11970,2025-06-26,102,0,0,0,0,0
11971,2025-06-26,103,0,0,0,0,0
11972,2025-06-26,104,12,0,0,0,12
11973,2025-06-26,105,22,0,1,0,21
11974,2025-06-26,106,29,0,3,0,26
11975,2025-06-26,108,6,0,0,0,6
11976,2025-06-26,109,13,0,0,0,13
11977,2025-06-26,110,23,0,1,0,22
11978,2025-06-26,112,49,0,1,0,48
11979,2025-06-26,113,0,0,0,0,0
11980,2025-06-26,114,13,0,0,0,13
11981,2025-06-26,115,0,0,0,0,0
11982,2025-06-26,116,20,0,1,0,19
11983,2025-06-26,117,21,0,0,0,21
11984,2025-06-26,118,55,0,1,0,54
11985,2025-06-26,119,37,0,1,0,36
11986,2025-06-26,120,0,0,0,0,0
11987,2025-06-26,121,0,0,0,0,0
11988,2025-06-26,122,5,0,0,0,5
11989,2025-06-26,123,21,0,0,0,21
11990,2025-06-26,124,0,0,0,0,0
11991,2025-06-26,125,8,0,0,0,8
11992,2025-06-26,126,6,0,0,0,6
11993,2025-06-26,127,12,0,2,0,10
11994,2025-06-26,128,0,0,0,0,0
11995,2025-06-26,129,6,0,1,0,5
11996,2025-06-26,130,10,0,0,0,10
11997,2025-06-26,131,34,0,1,0,33
11998,2025-06-26,132,0,0,0,0,0
11999,2025-06-26,133,0,0,0,0,0
12000,2025-06-26,134,20,0,1,0,19
12001,2025-06-26,135,12,0,0,0,12
12002,2025-06-26,136,0,0,0,0,0
12003,2025-06-26,137,0,0,0,0,0
12004,2025-06-26,138,11,0,0,0,11
12005,2025-06-26,139,9,0,0,0,9
12006,2025-06-26,140,0,0,0,0,0
12007,2025-06-26,141,29,0,2,0,27
12008,2025-06-26,142,19,0,0,0,19
12009,2025-06-26,143,57,0,1,0,56
12010,2025-06-26,144,0,0,0,0,0
12011,2025-06-26,145,19,0,1,0,18
12012,2025-06-26,146,11,0,0,0,11
12013,2025-06-26,147,0,0,0,0,0
12014,2025-06-26,148,14,0,0,0,14
12015,2025-06-26,149,17,0,0,0,17
12016,2025-06-26,150,7,0,0,0,7
12017,2025-06-26,151,9,0,0,0,9
12018,2025-06-26,152,10,0,0,0,10
12019,2025-06-26,153,0,0,0,0,0
12020,2025-06-26,154,0,0,0,0,0
12021,2025-06-26,155,8,0,0,0,8
12022,2025-06-26,156,46,0,1,0,45
12023,2025-06-26,157,27,0,0,0,27
12024,2025-06-26,158,41,0,0,0,41
12025,2025-06-26,159,29,0,1,0,28
12026,2025-06-26,160,15,0,0,0,15
12027,2025-06-26,161,26,0,0,0,26
12028,2025-06-26,162,0,0,0,0,0
12029,2025-06-26,163,3,0,1,0,2
12030,2025-06-26,164,23,0,1,0,22
12031,2025-06-26,165,4,0,0,0,4
12032,2025-06-26,166,45,0,1,0,44
12033,2025-06-26,167,29,0,0,0,29
12034,2025-06-26,168,13,0,0,0,13
12035,2025-06-26,169,7,0,0,0,7
12036,2025-06-26,170,54,0,1,0,53
12037,2025-06-27,101,11,0,1,0,10
12038,2025-06-27,102,0,0,0,0,0
12039,2025-06-27,103,0,0,0,0,0
12040,2025-06-27,104,12,0,0,0,12
12041,2025-06-27,105,21,0,1,0,20
12042,2025-06-27,106,26,0,1,0,25
12043,2025-06-27,108,6,0,0,0,6
12044,2025-06-27,109,13,0,0,0,13
12045,2025-06-27,110,22,0,0,0,22
12046,2025-06-27,112,48,0,1,0,47
12047,2025-06-27,113,0,0,0,0,0
12048,2025-06-27,114,13,0,0,0,13
12049,2025-06-27,115,0,0,0,0,0
12050,2025-06-27,116,19,0,1,0,18
12051,2025-06-27,117,21,0,1,0,20
12052,2025-06-27,118,54,0,1,0,53
12053,2025-06-27,119,36,0,0,0,36
12054,2025-06-27,120,0,0,0,0,0
12055,2025-06-27,121,0,0,0,0,0
12056,2025-06-27,122,5,0,0,0,5
12057,2025-06-27,123,21,0,0,0,21
12058,2025-06-27,124,0,0,0,0,0
12059,2025-06-27,125,8,0,0,0,8
12060,2025-06-27,126,6,0,1,0,5
12061,2025-06-27,127,10,0,0,0,10
12062,2025-06-27,128,0,0,0,0,0
12063,2025-06-27,129,5,0,0,0,5
12064,2025-06-27,130,10,0,1,0,9
12065,2025-06-27,131,33,0,1,0,32
12066,2025-06-27,132,0,0,0,0,0
12067,2025-06-27,133,0,0,0,0,0
12068,2025-06-27,134,19,0,0,0,19
12069,2025-06-27,135,12,0,1,0,11
12070,2025-06-27,136,0,0,0,0,0
12071,2025-06-27,137,0,0,0,0,0
12072,2025-06-27,138,11,0,0,0,11
12073,2025-06-27,139,9,0,3,0,6
12074,2025-06-27,140,0,0,0,0,0
12075,2025-06-27,141,27,0,1,0,26
12076,2025-06-27,142,19,0,0,0,19
12077,2025-06-27,143,56,0,1,0,55
12078,2025-06-27,144,0,0,0,0,0
12079,2025-06-27,145,18,0,0,-3,15
12080,2025-06-27,146,11,0,0,0,11
12081,2025-06-27,147,0,0,0,0,0
12082,2025-06-27,148,14,0,0,0,14
12083,2025-06-27,149,17,0,1,0,16
12084,2025-06-27,150,7,0,0,0,7
12085,2025-06-27,151,9,0,0,0,9
12086,2025-06-27,152,10,0,0,0,10
12087,2025-06-27,153,0,0,0,0,0
12088,2025-06-27,154,0,0,0,0,0
12089,2025-06-27,155,8,0,1,0,7
12090,2025-06-27,156,45,0,1,0,44
12091,2025-06-27,157,27,0,0,0,27
12092,2025-06-27,158,41,0,1,0,40
12093,2025-06-27,159,28,0,1,0,27
12094,2025-06-27,160,15,0,0,0,15
12095,2025-06-27,161,26,0,1,0,25
12096,2025-06-27,162,0,0,0,0,0
12097,2025-06-27,163,2,0,0,0,2
12098,2025-06-27,164,22,0,0,0,22
12099,2025-06-27,165,4,0,0,0,4
12100,2025-06-27,166,44,0,3,0,41
12101,2025-06-27,167,29,0,0,0,29
12102,2025-06-27,168,13,0,0,0,13
12103,2025-06-27,169,7,0,0,0,7
12104,2025-06-27,170,53,0,2,0,51
12105,2025-06-28,101,10,0,0,0,10
12106,2025-06-28,102,0,0,0,0,0
12107,2025-06-28,103,0,0,0,0,0
12108,2025-06-28,104,12,0,0,0,12
12109,2025-06-28,105,20,0,1,0,19
12110,2025-06-28,106,25,0,0,0,25
12111,2025-06-28,108,6,0,0,0,6
12112,2025-06-28,109,13,0,0,0,13
12113,2025-06-28,110,22,0,3,0,19
12114,2025-06-28,112,47,0,2,0,45
12115,2025-06-28,113,0,0,0,0,0
12116,2025-06-28,114,13,0,1,0,12
12117,2025-06-28,115,0,0,0,0,0
12118,2025-06-28,116,18,0,1,0,17
12119,2025-06-28,117,20,0,1,0,19
12120,2025-06-28,118,53,0,0,0,53
12121,2025-06-28,119,36,0,2,0,34
12122,2025-06-28,120,0,0,0,0,0
12123,2025-06-28,121,0,0,0,0,0
12124,2025-06-28,122,5,0,0,0,5
12125,2025-06-28,123,21,0,0,0,21
12126,2025-06-28,124,0,0,0,0,0
12127,2025-06-28,125,8,0,0,0,8
12128,2025-06-28,126,5,0,0,0,5
12129,2025-06-28,127,10,0,0,0,10
12130,2025-06-28,128,0,0,0,0,0
12131,2025-06-28,129,5,0,0,0,5
12132,2025-06-28,130,9,0,0,0,9
12133,2025-06-28,131,32,0,1,0,31
12134,2025-06-28,132,0,0,0,0,0
12135,2025-06-28,133,0,0,0,0,0
12136,2025-06-28,134,19,0,1,0,18
12137,2025-06-28,135,11,0,1,0,10
12138,2025-06-28,136,0,0,0,0,0
12139,2025-06-28,137,0,0,0,0,0
12140,2025-06-28,138,11,0,0,-3,8
12141,2025-06-28,139,6,0,0,0,6
12142,2025-06-28,140,0,0,0,0,0
12143,2025-06-28,141,26,0,0,0,26
12144,2025-06-28,142,19,0,1,0,18
12145,2025-06-28,143,55,0,0,0,55
12146,2025-06-28,144,0,0,0,0,0
12147,2025-06-28,145,15,0,1,0,14
12148,2025-06-28,146,11,0,0,0,11
12149,2025-06-28,147,0,0,0,0,0
12150,2025-06-28,148,14,0,0,0,14
12151,2025-06-28,149,16,0,0,0,16
12152,2025-06-28,150,7,0,0,0,7
12153,2025-06-28,151,9,0,0,0,9
12154,2025-06-28,152,10,0,0,0,10
12155,2025-06-28,153,0,0,0,0,0
12156,2025-06-28,154,0,0,0,0,0
12157,2025-06-28,155,7,0,0,0,7
12158,2025-06-28,156,44,0,2,0,42
12159,2025-06-28,157,27,0,0,0,27
12160,2025-06-28,158,40,0,1,0,39
12161,2025-06-28,159,27,0,0,0,27
12162,2025-06-28,160,15,0,1,0,14
12163,2025-06-28,161,25,0,1,0,24
12164,2025-06-28,162,0,0,0,0,0
12165,2025-06-28,163,2,0,0,0,2
12166,2025-06-28,164,22,0,0,0,22
12167,2025-06-28,165,4,12,1,0,15
12168,2025-06-28,166,41,0,2,0,39
12169,2025-06-28,167,29,0,1,0,28
12170,2025-06-28,168,13,0,1,0,12
12171,2025-06-28,169,7,0,0,0,7
12172,2025-06-28,170,51,0,1,0,50
12173,2025-06-29,101,10,0,2,0,8
12174,2025-06-29,102,0,0,0,0,0
12175,2025-06-29,103,0,0,0,0,0
12176,2025-06-29,104,12,0,0,0,12
12177,2025-06-29,105,19,0,0,0,19
12178,2025-06-29,106,25,0,4,0,21
12179,2025-06-29,108,6,0,0,0,6
12180,2025-06-29,109,13,0,1,0,12
12181,2025-06-29,110,19,0,0,0,19
12182,2025-06-29,112,45,0,0,0,45
12183,2025-06-29,113,0,0,0,0,0
12184,2025-06-29,114,12,0,0,0,12
12185,2025-06-29,115,0,0,0,0,0
12186,2025-06-29,116,17,0,0,0,17
12187,2025-06-29,117,19,0,2,0,17
12188,2025-06-29,118,53,0,0,0,53
12189,2025-06-29,119,34,0,3,0,31
12190,2025-06-29,120,0,0,0,0,0
12191,2025-06-29,121,0,0,0,0,0
12192,2025-06-29,122,5,0,0,0,5
12193,2025-06-29,123,21,0,1,0,20
12194,2025-06-29,124,0,0,0,0,0
12195,2025-06-29,125,8,0,0,0,8
12196,2025-06-29,126,5,0,0,0,5
12197,2025-06-29,127,10,0,0,0,10
12198,2025-06-29,128,0,0,0,0,0
12199,2025-06-29,129,5,0,0,0,5
12200,2025-06-29,130,9,0,0,0,9
12201,2025-06-29,131,31,0,1,0,30
12202,2025-06-29,132,0,0,0,0,0
12203,2025-06-29,133,0,0,0,0,0
12204,2025-06-29,134,18,0,2,0,16
12205,2025-06-29,135,10,0,0,-1,9
12206,2025-06-29,136,0,0,0,0,0
12207,2025-06-29,137,0,0,0,0,0
12208,2025-06-29,138,8,0,0,0,8
12209,2025-06-29,139,6,0,0,0,6
12210,2025-06-29,140,0,0,0,0,0
12211,2025-06-29,141,26,0,0,0,26
12212,2025-06-29,142,18,0,2,0,16
12213,2025-06-29,143,55,0,2,0,53
12214,2025-06-29,144,0,0,0,0,0
12215,2025-06-29,145,14,0,1,0,13
12216,2025-06-29,146,11,0,0,0,11
12217,2025-06-29,147,0,0,0,0,0
12218,2025-06-29,148,14,0,0,0,14
12219,2025-06-29,149,16,0,0,0,16
12220,2025-06-29,150,7,0,0,0,7
12221,2025-06-29,151,9,38,1,0,46
12222,2025-06-29,152,10,0,0,0,10
12223,2025-06-29,153,0,0,0,0,0
12224,2025-06-29,154,0,0,0,0,0
12225,2025-06-29,155,7,0,0,0,7
12226,2025-06-29,156,42,0,0,0,42
12227,2025-06-29,157,27,0,0,0,27
12228,2025-06-29,158,39,0,1,0,38
12229,2025-06-29,159,27,0,0,0,27
12230,2025-06-29,160,14,0,1,0,13
12231,2025-06-29,161,24,0,0,0,24
12232,2025-06-29,162,0,0,0,0,0
12233,2025-06-29,163,2,9,0,0,11
12234,2025-06-29,164,22,0,0,0,22
12235,2025-06-29,165,15,0,0,0,15
12236,2025-06-29,166,39,0,3,0,36
12237,2025-06-29,167,28,0,0,0,28
12238,2025-06-29,168,12,0,1,0,11
12239,2025-06-29,169,7,0,0,0,7
12240,2025-06-29,170,50,0,0,0,50
12241,2025-06-30,101,8,0,0,0,8
12242,2025-06-30,102,0,0,0,0,0
12243,2025-06-30,103,0,0,0,0,0
12244,2025-06-30,104,12,0,0,0,12
12245,2025-06-30,105,19,0,0,0,19
12246,2025-06-30,106,21,0,1,0,20
12247,2025-06-30,108,6,0,0,0,6
12248,2025-06-30,109,12,0,1,0,11
12249,2025-06-30,110,19,0,3,0,16
12250,2025-06-30,112,45,0,1,0,44
12251,2025-06-30,113,0,0,0,0,0
12252,2025-06-30,114,12,0,1,0,11
12253,2025-06-30,115,0,0,0,0,0
12254,2025-06-30,116,17,0,0,0,17
12255,2025-06-30,117,17,0,0,0,17
12256,2025-06-30,118,53,0,0,0,53
12257,2025-06-30,119,31,0,0,0,31
12258,2025-06-30,120,0,0,0,0,0
12259,2025-06-30,121,0,0,0,0,0
12260,2025-06-30,122,5,0,0,0,5
12261,2025-06-30,123,20,0,2,0,18
12262,2025-06-30,124,0,0,0,0,0
12263,2025-06-30,125,8,0,0,0,8
12264,2025-06-30,126,5,0,0,0,5
12265,2025-06-30,127,10,0,0,0,10
12266,2025-06-30,128,0,0,0,0,0
12267,2025-06-30,129,5,0,0,0,5
12268,2025-06-30,130,9,0,1,0,8
12269,2025-06-30,131,30,0,1,0,29
12270,2025-06-30,132,0,0,0,0,0
12271,2025-06-30,133,0,0,0,0,0
12272,2025-06-30,134,16,0,0,0,16
12273,2025-06-30,135,9,0,0,0,9
12274,2025-06-30,136,0,0,0,0,0
12275,2025-06-30,137,0,0,0,0,0
12276,2025-06-30,138,8,0,0,0,8
12277,2025-06-30,139,6,21,1,0,26
12278,2025-06-30,140,0,0,0,0,0
12279,2025-06-30,141,26,0,1,0,25
12280,2025-06-30,142,16,0,0,0,16
12281,2025-06-30,143,53,0,3,0,50
12282,2025-06-30,144,0,0,0,0,0
12283,2025-06-30,145,13,0,0,0,13
12284,2025-06-30,146,11,0,0,0,11
12285,2025-06-30,147,0,0,0,0,0
12286,2025-06-30,148,14,0,0,0,14
12287,2025-06-30,149,16,0,1,0,15
12288,2025-06-30,150,7,0,0,0,7
12289,2025-06-30,151,46,0,1,0,45
12290,2025-06-30,152,10,0,0,0,10
12291,2025-06-30,153,0,0,0,0,0
12292,2025-06-30,154,0,0,0,0,0
12293,2025-06-30,155,7,0,0,0,7
12294,2025-06-30,156,42,0,2,0,40
12295,2025-06-30,157,27,0,0,0,27
12296,2025-06-30,158,38,0,1,0,37
12297,2025-06-30,159,27,0,2,0,25
12298,2025-06-30,160,13,0,0,0,13
12299,2025-06-30,161,24,0,0,0,24
12300,2025-06-30,162,0,0,0,0,0
12301,2025-06-30,163,11,0,0,0,11
12302,2025-06-30,164,22,0,1,0,21
12303,2025-06-30,165,15,0,0,0,15
12304,2025-06-30,166,36,0,2,0,34
12305,2025-06-30,167,28,0,0,0,28
12306,2025-06-30,168,11,0,2,0,9
12307,2025-06-30,169,7,0,0,0,7
12308,2025-06-30,170,50,0,0,0,50
12309,2025-07-01,101,8,0,0,0,8
12310,2025-07-01,102,0,0,0,0,0
12311,2025-07-01,103,0,0,0,0,0
12312,2025-07-01,104,12,0,0,0,12
12313,2025-07-01,105,19,0,0,0,19
12314,2025-07-01,106,20,0,4,0,16
12315,2025-07-01,108,6,0,0,0,6
12316,2025-07-01,109,11,0,0,0,11
12317,2025-07-01,110,16,0,4,0,12
12318,2025-07-01,112,44,0,0,0,44
12319,2025-07-01,113,0,0,0,0,0
12320,2025-07-01,114,11,0,0,0,11
12321,2025-07-01,115,0,0,0,0,0
12322,2025-07-01,116,17,0,1,0,16
12323,2025-07-01,117,17,0,1,0,16
12324,2025-07-01,118,53,0,1,0,52
12325,2025-07-01,119,31,0,1,0,30
12326,2025-07-01,120,0,0,0,0,0
12327,2025-07-01,121,0,0,0,0,0
12328,2025-07-01,122,5,0,0,0,5
12329,2025-07-01,123,18,0,1,0,17
12330,2025-07-01,124,0,0,0,0,0
12331,2025-07-01,125,8,0,0,0,8
12332,2025-07-01,126,5,0,0,0,5
12333,2025-07-01,127,10,0,4,0,6
12334,2025-07-01,128,0,0,0,0,0
12335,2025-07-01,129,5,0,0,0,5
12336,2025-07-01,130,8,0,0,0,8
12337,2025-07-01,131,29,0,2,0,27
12338,2025-07-01,132,0,0,0,0,0
12339,2025-07-01,133,0,0,0,0,0
12340,2025-07-01,134,16,0,1,0,15
12341,2025-07-01,135,9,0,0,0,9
12342,2025-07-01,136,0,0,0,0,0
12343,2025-07-01,137,0,0,0,0,0
12344,2025-07-01,138,8,0,1,0,7
12345,2025-07-01,139,26,0,0,0,26
12346,2025-07-01,140,0,0,0,0,0
12347,2025-07-01,141,25,0,1,0,24
12348,2025-07-01,142,16,0,0,0,16
12349,2025-07-01,143,50,0,0,0,50
12350,2025-07-01,144,0,0,0,0,0
12351,2025-07-01,145,13,0,0,0,13
12352,2025-07-01,146,11,0,1,0,10
12353,2025-07-01,147,0,0,0,0,0
12354,2025-07-01,148,14,0,0,0,14
12355,2025-07-01,149,15,0,1,0,14
12356,2025-07-01,150,7,0,1,0,6
12357,2025-07-01,151,45,0,1,0,44
12358,2025-07-01,152,10,0,0,0,10
12359,2025-07-01,153,0,0,0,0,0
12360,2025-07-01,154,0,0,0,0,0
12361,2025-07-01,155,7,0,0,0,7
12362,2025-07-01,156,40,0,3,0,37
12363,2025-07-01,157,27,0,1,0,26
12364,2025-07-01,158,37,0,0,0,37
12365,2025-07-01,159,25,0,1,0,24
12366,2025-07-01,160,13,0,0,0,13
12367,2025-07-01,161,24,0,1,0,23
12368,2025-07-01,162,0,0,0,0,0
12369,2025-07-01,163,11,0,0,0,11
12370,2025-07-01,164,21,0,0,0,21
12371,2025-07-01,165,15,0,0,0,15
12372,2025-07-01,166,34,0,3,0,31
12373,2025-07-01,167,28,0,1,0,27
12374,2025-07-01,168,9,0,1,0,8
12375,2025-07-01,169,7,0,0,0,7
12376,2025-07-01,170,50,0,2,0,48
12377,2025-07-02,101,8,22,4,0,26
12378,2025-07-02,102,0,0,0,0,0
12379,2025-07-02,103,0,0,0,0,0
12380,2025-07-02,104,12,0,2,0,10
12381,2025-07-02,105,19,0,0,0,19
12382,2025-07-02,106,16,0,2,0,14
12383,2025-07-02,108,6,0,0,0,6
12384,2025-07-02,109,11,0,0,0,11
12385,2025-07-02,110,12,0,1,0,11
12386,2025-07-02,112,44,0,1,0,43
12387,2025-07-02,113,0,0,0,0,0
12388,2025-07-02,114,11,0,0,0,11
12389,2025-07-02,115,0,0,0,0,0
12390,2025-07-02,116,16,0,2,0,14
12391,2025-07-02,117,16,0,0,0,16
12392,2025-07-02,118,52,0,0,0,52
12393,2025-07-02,119,30,0,1,0,29
12394,2025-07-02,120,0,0,0,0,0
12395,2025-07-02,121,0,0,0,0,0
12396,2025-07-02,122,5,0,0,0,5
12397,2025-07-02,123,17,0,0,0,17
12398,2025-07-02,124,0,0,0,0,0
12399,2025-07-02,125,8,0,0,0,8
12400,2025-07-02,126,5,0,0,0,5
12401,2025-07-02,127,6,0,0,-2,4
12402,2025-07-02,128,0,0,0,0,0
12403,2025-07-02,129,5,0,0,0,5
12404,2025-07-02,130,8,0,0,0,8
12405,2025-07-02,131,27,0,3,0,24
12406,2025-07-02,132,0,0,0,0,0
12407,2025-07-02,133,0,0,0,0,0
12408,2025-07-02,134,15,0,0,0,15
12409,2025-07-02,135,9,0,2,0,7
12410,2025-07-02,136,0,0,0,0,0
12411,2025-07-02,137,0,0,0,0,0
12412,2025-07-02,138,7,0,0,0,7
12413,2025-07-02,139,26,0,0,0,26
12414,2025-07-02,140,0,0,0,0,0
12415,2025-07-02,141,24,0,0,0,24
12416,2025-07-02,142,16,0,1,0,15
12417,2025-07-02,143,50,0,0,0,50
12418,2025-07-02,144,0,0,0,0,0
12419,2025-07-02,145,13,0,0,0,13
12420,2025-07-02,146,10,0,0,0,10
12421,2025-07-02,147,0,0,0,0,0
12422,2025-07-02,148,14,0,0,0,14
12423,2025-07-02,149,14,0,1,0,13
12424,2025-07-02,150,6,0,0,-3,3
12425,2025-07-02,151,44,0,3,0,41
12426,2025-07-02,152,10,0,0,0,10
12427,2025-07-02,153,0,0,0,0,0
12428,2025-07-02,154,0,0,0,0,0
12429,2025-07-02,155,7,0,0,0,7
12430,2025-07-02,156,37,0,2,0,35
12431,2025-07-02,157,26,0,1,0,25
12432,2025-07-02,158,37,0,2,0,35
12433,2025-07-02,159,24,0,0,0,24
12434,2025-07-02,160,13,0,1,0,12
12435,2025-07-02,161,23,0,0,0,23
12436,2025-07-02,162,0,0,0,0,0
12437,2025-07-02,163,11,0,1,0,10
12438,2025-07-02,164,21,0,0,0,21
12439,2025-07-02,165,15,0,0,0,15
12440,2025-07-02,166,31,0,1,0,30
12441,2025-07-02,167,27,0,1,0,26
12442,2025-07-02,168,8,24,1,0,31
12443,2025-07-02,169,7,0,0,0,7
12444,2025-07-02,170,48,0,0,0,48
12445,2025-07-03,101,26,0,1,0,25
12446,2025-07-03,102,0,0,0,0,0
12447,2025-07-03,103,0,0,0,0,0
12448,2025-07-03,104,10,0,1,0,9
12449,2025-07-03,105,19,0,0,0,19
12450,2025-07-03,106,14,42,1,0,55
12451,2025-07-03,108,6,0,0,0,6
12452,2025-07-03,109,11,0,0,0,11
12453,2025-07-03,110,11,0,1,-2,8
12454,2025-07-03,112,43,0,0,0,43
12455,2025-07-03,113,0,0,0,0,0
12456,2025-07-03,114,11,0,0,0,11
12457,2025-07-03,115,0,0,0,0,0
12458,2025-07-03,116,14,0,0,0,14
12459,2025-07-03,117,16,0,0,0,16
12460,2025-07-03,118,52,0,5,0,47
12461,2025-07-03,119,29,0,0,0,29
12462,2025-07-03,120,0,0,0,0,0
12463,2025-07-03,121,0,0,0,0,0
12464,2025-07-03,122,5,0,1,0,4
12465,2025-07-03,123,17,0,0,0,17
12466,2025-07-03,124,0,0,0,0,0
12467,2025-07-03,125,8,0,0,0,8
12468,2025-07-03,126,5,0,0,0,5
12469,2025-07-03,127,4,0,0,0,4
12470,2025-07-03,128,0,0,0,0,0
12471,2025-07-03,129,5,0,0,0,5
12472,2025-07-03,130,8,0,0,0,8
12473,2025-07-03,131,24,0,1,0,23
12474,2025-07-03,132,0,0,0,0,0
12475,2025-07-03,133,0,0,0,0,0
12476,2025-07-03,134,15,0,1,0,14
12477,2025-07-03,135,7,0,3,0,4
12478,2025-07-03,136,0,0,0,0,0
12479,2025-07-03,137,0,0,0,0,0
12480,2025-07-03,138,7,0,0,0,7
12481,2025-07-03,139,26,0,3,0,23
12482,2025-07-03,140,0,0,0,0,0
12483,2025-07-03,141,24,0,1,-1,22
12484,2025-07-03,142,15,0,1,0,14
12485,2025-07-03,143,50,0,1,0,49
12486,2025-07-03,144,0,0,0,0,0
12487,2025-07-03,145,13,0,1,0,12
12488,2025-07-03,146,10,0,0,0,10
12489,2025-07-03,147,0,0,0,0,0
12490,2025-07-03,148,14,0,0,0,14
12491,2025-07-03,149,13,0,2,0,11
12492,2025-07-03,150,3,0,0,0,3
12493,2025-07-03,151,41,0,2,0,39
12494,2025-07-03,152,10,0,0,0,10
12495,2025-07-03,153,0,0,0,0,0
12496,2025-07-03,154,0,0,0,0,0
12497,2025-07-03,155,7,0,0,0,7
12498,2025-07-03,156,35,0,1,0,34
12499,2025-07-03,157,25,0,1,0,24
12500,2025-07-03,158,35,0,2,0,33
12501,2025-07-03,159,24,0,1,0,23
12502,2025-07-03,160,12,0,1,0,11
12503,2025-07-03,161,23,0,1,0,22
12504,2025-07-03,162,0,0,0,0,0
12505,2025-07-03,163,10,0,0,0,10
12506,2025-07-03,164,21,0,0,0,21
12507,2025-07-03,165,15,0,1,0,14
12508,2025-07-03,166,30,0,0,0,30
12509,2025-07-03,167,26,0,3,0,23
12510,2025-07-03,168,31,0,0,0,31
12511,2025-07-03,169,7,0,0,0,7
12512,2025-07-03,170,48,0,3,0,45
12513,2025-07-04,101,25,0,1,0,24
12514,2025-07-04,102,0,0,0,0,0
12515,2025-07-04,103,0,0,0,0,0
12516,2025-07-04,104,9,0,1,0,8
12517,2025-07-04,105,19,0,2,0,17
12518,2025-07-04,106,55,0,1,0,54
12519,2025-07-04,108,6,0,0,0,6
12520,2025-07-04,109,11,0,1,0,10
12521,2025-07-04,110,8,39,1,0,46
12522,2025-07-04,112,43,0,0,0,43
12523,2025-07-04,113,0,0,0,0,0
12524,2025-07-04,114,11,0,0,0,11
12525,2025-07-04,115,0,0,0,0,0
12526,2025-07-04,116,14,0,0,0,14
12527,2025-07-04,117,16,0,1,0,15
12528,2025-07-04,118,47,0,1,0,46
12529,2025-07-04,119,29,0,2,0,27
12530,2025-07-04,120,0,0,0,0,0
12531,2025-07-04,121,0,0,0,0,0
12532,2025-07-04,122,4,0,0,0,4
12533,2025-07-04,123,17,0,1,0,16
12534,2025-07-04,124,0,0,0,0,0
12535,2025-07-04,125,8,0,0,0,8
12536,2025-07-04,126,5,0,0,0,5
12537,2025-07-04,127,4,0,1,0,3
12538,2025-07-04,128,0,0,0,0,0
12539,2025-07-04,129,5,0,0,0,5
12540,2025-07-04,130,8,0,0,0,8
12541,2025-07-04,131,23,0,1,0,22
12542,2025-07-04,132,0,0,0,0,0
12543,2025-07-04,133,0,0,0,0,0
12544,2025-07-04,134,14,0,2,0,12
12545,2025-07-04,135,4,0,0,0,4
12546,2025-07-04,136,0,0,0,0,0
12547,2025-07-04,137,0,0,0,0,0
12548,2025-07-04,138,7,19,1,0,25
12549,2025-07-04,139,23,0,1,0,22
12550,2025-07-04,140,0,0,0,0,0
12551,2025-07-04,141,22,0,0,0,22
12552,2025-07-04,142,14,45,1,0,58
12553,2025-07-04,143,49,0,0,0,49
12554,2025-07-04,144,0,0,0,0,0
12555,2025-07-04,145,12,0,0,0,12
12556,2025-07-04,146,10,0,0,0,10
12557,2025-07-04,147,0,0,0,0,0
12558,2025-07-04,148,14,0,0,0,14
12559,2025-07-04,149,11,0,1,0,10
12560,2025-07-04,150,3,0,0,0,3
12561,2025-07-04,151,39,0,1,0,38
12562,2025-07-04,152,10,0,2,0,8
12563,2025-07-04,153,0,0,0,0,0
12564,2025-07-04,154,0,0,0,0,0
12565,2025-07-04,155,7,0,1,0,6
12566,2025-07-04,156,34,0,3,0,31
12567,2025-07-04,157,24,0,2,0,22
12568,2025-07-04,158,33,0,1,0,32
12569,2025-07-04,159,23,0,4,0,19
12570,2025-07-04,160,11,0,0,0,11
12571,2025-07-04,161,22,0,0,-2,20
12572,2025-07-04,162,0,0,0,0,0
12573,2025-07-04,163,10,0,0,0,10
12574,2025-07-04,164,21,0,0,0,21
12575,2025-07-04,165,14,0,0,0,14
12576,2025-07-04,166,30,0,0,0,30
12577,2025-07-04,167,23,0,2,0,21
12578,2025-07-04,168,31,0,0,0,31
12579,2025-07-04,169,7,0,0,0,7
12580,2025-07-04,170,45,0,4,0,41
12581,2025-07-05,101,24,0,2,0,22
12582,2025-07-05,102,0,0,0,0,0
12583,2025-07-05,103,0,0,0,0,0
12584,2025-07-05,104,8,0,0,0,8
12585,2025-07-05,105,17,0,1,0,16
12586,2025-07-05,106,54,0,0,0,54
12587,2025-07-05,108,6,0,0,0,6
12588,2025-07-05,109,10,0,3,0,7
12589,2025-07-05,110,46,0,0,0,46
12590,2025-07-05,112,43,0,0,0,43
12591,2025-07-05,113,0,0,0,0,0
12592,2025-07-05,114,11,0,0,0,11
12593,2025-07-05,115,0,0,0,0,0
12594,2025-07-05,116,14,0,1,0,13
12595,2025-07-05,117,15,0,0,0,15
12596,2025-07-05,118,46,0,2,0,44
12597,2025-07-05,119,27,0,1,0,26
12598,2025-07-05,120,0,0,0,0,0
12599,2025-07-05,121,0,0,0,0,0
12600,2025-07-05,122,4,0,1,0,3
12601,2025-07-05,123,16,0,1,0,15
12602,2025-07-05,124,0,0,0,0,0
12603,2025-07-05,125,8,0,0,0,8
12604,2025-07-05,126,5,0,0,0,5
12605,2025-07-05,127,3,0,0,0,3
12606,2025-07-05,128,0,0,0,0,0
12607,2025-07-05,129,5,0,0,0,5
12608,2025-07-05,130,8,0,1,0,7
12609,2025-07-05,131,22,0,3,0,19
12610,2025-07-05,132,0,0,0,0,0
12611,2025-07-05,133,0,0,0,0,0
12612,2025-07-05,134,12,0,0,0,12
12613,2025-07-05,135,4,0,0,0,4
12614,2025-07-05,136,0,0,0,0,0
12615,2025-07-05,137,0,0,0,0,0
12616,2025-07-05,138,25,0,0,0,25
12617,2025-07-05,139,22,0,0,0,22
12618,2025-07-05,140,0,0,0,0,0
12619,2025-07-05,141,22,0,2,0,20
12620,2025-07-05,142,58,0,1,0,57
12621,2025-07-05,143,49,0,1,0,48
12622,2025-07-05,144,0,0,0,0,0
12623,2025-07-05,145,12,0,0,0,12
12624,2025-07-05,146,10,0,0,0,10
12625,2025-07-05,147,0,0,0,0,0
12626,2025-07-05,148,14,0,1,0,13
12627,2025-07-05,149,10,0,1,0,9
12628,2025-07-05,150,3,0,0,0,3
12629,2025-07-05,151,38,0,0,0,38
12630,2025-07-05,152,8,0,0,0,8
12631,2025-07-05,153,0,0,0,0,0
12632,2025-07-05,154,0,0,0,0,0
12633,2025-07-05,155,6,0,0,0,6
12634,2025-07-05,156,31,0,2,0,29
12635,2025-07-05,157,22,0,0,0,22
12636,2025-07-05,158,32,0,0,0,32
12637,2025-07-05,159,19,0,0,0,19
12638,2025-07-05,160,11,0,0,0,11
12639,2025-07-05,161,20,0,0,0,20
12640,2025-07-05,162,0,0,0,0,0
12641,2025-07-05,163,10,0,0,0,10
12642,2025-07-05,164,21,0,0,0,21
12643,2025-07-05,165,14,0,1,0,13
12644,2025-07-05,166,30,0,0,0,30
12645,2025-07-05,167,21,0,0,0,21
12646,2025-07-05,168,31,0,1,0,30
12647,2025-07-05,169,7,0,0,0,7
12648,2025-07-05,170,41,0,1,0,40
12649,2025-07-06,101,22,0,0,0,22
12650,2025-07-06,102,0,0,0,0,0
12651,2025-07-06,103,0,0,0,0,0
12652,2025-07-06,104,8,22,0,0,30
12653,2025-07-06,105,16,0,0,0,16
12654,2025-07-06,106,54,0,4,0,50
12655,2025-07-06,108,6,0,1,0,5
12656,2025-07-06,109,7,0,1,0,6
12657,2025-07-06,110,46,0,1,0,45
12658,2025-07-06,112,43,0,1,0,42
12659,2025-07-06,113,0,0,0,0,0
12660,2025-07-06,114,11,0,0,0,11
12661,2025-07-06,115,0,0,0,0,0
12662,2025-07-06,116,13,0,1,0,12
12663,2025-07-06,117,15,0,0,0,15
12664,2025-07-06,118,44,0,1,0,43
12665,2025-07-06,119,26,0,1,0,25
12666,2025-07-06,120,0,0,0,0,0
12667,2025-07-06,121,0,0,0,0,0
12668,2025-07-06,122,3,0,0,0,3
12669,2025-07-06,123,15,0,1,0,14
12670,2025-07-06,124,0,0,0,0,0
12671,2025-07-06,125,8,0,0,0,8
12672,2025-07-06,126,5,0,0,0,5
12673,2025-07-06,127,3,0,0,0,3
12674,2025-07-06,128,0,0,0,0,0
12675,2025-07-06,129,5,0,0,0,5
12676,2025-07-06,130,7,0,0,0,7
12677,2025-07-06,131,19,0,0,0,19
12678,2025-07-06,132,0,0,0,0,0
12679,2025-07-06,133,0,0,0,0,0
12680,2025-07-06,134,12,0,0,0,12
12681,2025-07-06,135,4,0,0,0,4
12682,2025-07-06,136,0,0,0,0,0
12683,2025-07-06,137,0,0,0,0,0
12684,2025-07-06,138,25,0,0,0,25
12685,2025-07-06,139,22,0,0,0,22
12686,2025-07-06,140,0,0,0,0,0
12687,2025-07-06,141,20,0,1,0,19
12688,2025-07-06,142,57,0,0,0,57
12689,2025-07-06,143,48,0,0,0,48
12690,2025-07-06,144,0,0,0,0,0
12691,2025-07-06,145,12,0,1,0,11
12692,2025-07-06,146,10,0,0,0,10
12693,2025-07-06,147,0,0,0,0,0
12694,2025-07-06,148,13,0,0,0,13
12695,2025-07-06,149,9,0,0,0,9
12696,2025-07-06,150,3,0,0,0,3
12697,2025-07-06,151,38,0,0,0,38
12698,2025-07-06,152,8,19,1,0,26
12699,2025-07-06,153,0,0,0,0,0
12700,2025-07-06,154,0,0,0,0,0
12701,2025-07-06,155,6,0,0,0,6
12702,2025-07-06,156,29,0,0,0,29
12703,2025-07-06,157,22,0,0,0,22
12704,2025-07-06,158,32,0,1,0,31
12705,2025-07-06,159,19,0,1,0,18
12706,2025-07-06,160,11,0,1,0,10
12707,2025-07-06,161,20,0,1,0,19
12708,2025-07-06,162,0,0,0,0,0
12709,2025-07-06,163,10,0,0,0,10
12710,2025-07-06,164,21,0,0,0,21
12711,2025-07-06,165,13,0,0,0,13
12712,2025-07-06,166,30,0,0,0,30
12713,2025-07-06,167,21,0,0,0,21
12714,2025-07-06,168,30,0,0,0,30
12715,2025-07-06,169,7,0,0,0,7
12716,2025-07-06,170,40,0,2,0,38
12717,2025-07-07,101,22,0,2,0,20
12718,2025-07-07,102,0,0,0,0,0
12719,2025-07-07,103,0,0,0,0,0
12720,2025-07-07,104,30,0,0,-3,27
12721,2025-07-07,105,16,0,0,0,16
12722,2025-07-07,106,50,0,0,0,50
12723,2025-07-07,108,5,0,0,0,5
12724,2025-07-07,109,6,0,1,0,5
12725,2025-07-07,110,45,0,3,0,42
12726,2025-07-07,112,42,0,1,0,41
12727,2025-07-07,113,0,0,0,0,0
12728,2025-07-07,114,11,0,0,0,11
12729,2025-07-07,115,0,0,0,0,0
12730,2025-07-07,116,12,0,0,0,12
12731,2025-07-07,117,15,0,0,0,15
12732,2025-07-07,118,43,0,0,0,43
12733,2025-07-07,119,25,0,1,0,24
12734,2025-07-07,120,0,0,0,0,0
12735,2025-07-07,121,0,0,0,0,0
12736,2025-07-07,122,3,0,0,0,3
12737,2025-07-07,123,14,0,2,0,12
12738,2025-07-07,124,0,0,0,0,0
12739,2025-07-07,125,8,0,0,0,8
12740,2025-07-07,126,5,0,0,0,5
12741,2025-07-07,127,3,0,0,-3,0
12742,2025-07-07,128,0,0,0,0,0
12743,2025-07-07,129,5,0,0,0,5
12744,2025-07-07,130,7,0,0,0,7
12745,2025-07-07,131,19,0,0,0,19
12746,2025-07-07,132,0,0,0,0,0
12747,2025-07-07,133,0,0,0,0,0
12748,2025-07-07,134,12,0,2,0,10
12749,2025-07-07,135,4,22,0,0,26
12750,2025-07-07,136,0,0,0,0,0
12751,2025-07-07,137,0,0,0,0,0
12752,2025-07-07,138,25,0,0,0,25
12753,2025-07-07,139,22,0,0,0,22
12754,2025-07-07,140,0,0,0,0,0
12755,2025-07-07,141,19,0,0,0,19
12756,2025-07-07,142,57,0,1,0,56
12757,2025-07-07,143,48,0,4,0,44
12758,2025-07-07,144,0,0,0,0,0
12759,2025-07-07,145,11,0,1,0,10
12760,2025-07-07,146,10,0,1,0,9
12761,2025-07-07,147,0,0,0,0,0
12762,2025-07-07,148,13,0,0,0,13
12763,2025-07-07,149,9,0,0,0,9
12764,2025-07-07,150,3,0,0,0,3
12765,2025-07-07,151,38,0,0,0,38
12766,2025-07-07,152,26,0,0,0,26
12767,2025-07-07,153,0,0,0,0,0
12768,2025-07-07,154,0,0,0,0,0
12769,2025-07-07,155,6,0,0,0,6
12770,2025-07-07,156,29,0,0,0,29
12771,2025-07-07,157,22,0,1,0,21
12772,2025-07-07,158,31,0,1,0,30
12773,2025-07-07,159,18,0,2,0,16
12774,2025-07-07,160,10,0,1,0,9
12775,2025-07-07,161,19,0,0,0,19
12776,2025-07-07,162,0,0,0,0,0
12777,2025-07-07,163,10,0,0,0,10
12778,2025-07-07,164,21,0,1,0,20
12779,2025-07-07,165,13,0,0,0,13
12780,2025-07-07,166,30,0,1,0,29
12781,2025-07-07,167,21,0,4,0,17
12782,2025-07-07,168,30,0,0,0,30
12783,2025-07-07,169,7,0,0,0,7
12784,2025-07-07,170,38,0,0,0,38
12785,2025-07-08,101,20,0,1,0,19
12786,2025-07-08,102,0,0,0,0,0
12787,2025-07-08,103,0,0,0,0,0
12788,2025-07-08,104,27,0,0,0,27
12789,2025-07-08,105,16,0,0,0,16
12790,2025-07-08,106,50,0,0,0,50
12791,2025-07-08,108,5,0,0,0,5
12792,2025-07-08,109,5,0,0,0,5
12793,2025-07-08,110,42,0,2,0,40
12794,2025-07-08,112,41,0,1,0,40
12795,2025-07-08,113,0,0,0,0,0
12796,2025-07-08,114,11,0,0,0,11
12797,2025-07-08,115,0,0,0,0,0
12798,2025-07-08,116,12,0,0,0,12
12799,2025-07-08,117,15,0,0,0,15
12800,2025-07-08,118,43,0,0,0,43
12801,2025-07-08,119,24,0,0,0,24
12802,2025-07-08,120,0,0,0,0,0
12803,2025-07-08,121,0,0,0,0,0
12804,2025-07-08,122,3,0,0,0,3
12805,2025-07-08,123,12,0,1,0,11
12806,2025-07-08,124,0,0,0,0,0
12807,2025-07-08,125,8,0,0,0,8
12808,2025-07-08,126,5,0,1,0,4
12809,2025-07-08,127,0,22,0,0,22
12810,2025-07-08,128,0,0,0,0,0
12811,2025-07-08,129,5,0,0,0,5
12812,2025-07-08,130,7,0,1,0,6
12813,2025-07-08,131,19,0,3,0,16
12814,2025-07-08,132,0,0,0,0,0
12815,2025-07-08,133,0,0,0,0,0
12816,2025-07-08,134,10,0,0,0,10
12817,2025-07-08,135,26,0,1,0,25
12818,2025-07-08,136,0,0,0,0,0
12819,2025-07-08,137,0,0,0,0,0
12820,2025-07-08,138,25,0,0,0,25
12821,2025-07-08,139,22,0,1,0,21
12822,2025-07-08,140,0,0,0,0,0
12823,2025-07-08,141,19,0,0,0,19
12824,2025-07-08,142,56,0,0,0,56
12825,2025-07-08,143,44,0,2,0,42
12826,2025-07-08,144,0,0,0,0,0
12827,2025-07-08,145,10,0,0,0,10
12828,2025-07-08,146,9,0,0,-1,8
12829,2025-07-08,147,0,0,0,0,0
12830,2025-07-08,148,13,0,0,0,13
12831,2025-07-08,149,9,0,0,0,9
12832,2025-07-08,150,3,11,0,0,14
12833,2025-07-08,151,38,0,1,0,37
12834,2025-07-08,152,26,0,0,0,26
12835,2025-07-08,153,0,0,0,0,0
12836,2025-07-08,154,0,0,0,0,0
12837,2025-07-08,155,6,0,0,0,6
12838,2025-07-08,156,29,0,0,0,29
12839,2025-07-08,157,21,0,0,0,21
12840,2025-07-08,158,30,0,1,0,29
12841,2025-07-08,159,16,0,2,0,14
12842,2025-07-08,160,9,20,1,0,28
12843,2025-07-08,161,19,0,1,0,18
12844,2025-07-08,162,0,0,0,0,0
12845,2025-07-08,163,10,0,0,0,10
12846,2025-07-08,164,20,0,1,0,19
12847,2025-07-08,165,13,0,0,0,13
12848,2025-07-08,166,29,0,2,0,27
12849,2025-07-08,167,17,0,2,0,15
12850,2025-07-08,168,30,0,0,0,30
12851,2025-07-08,169,7,0,0,0,7
12852,2025-07-08,170,38,0,1,0,37
12853,2025-07-09,101,19,0,1,0,18
12854,2025-07-09,102,0,0,0,0,0
12855,2025-07-09,103,0,0,0,0,0
12856,2025-07-09,104,27,0,0,0,27
12857,2025-07-09,105,16,0,1,0,15
12858,2025-07-09,106,50,0,1,0,49
12859,2025-07-09,108,5,0,0,-2,3
12860,2025-07-09,109,5,0,0,0,5
12861,2025-07-09,110,40,0,3,0,37
12862,2025-07-09,112,40,0,5,0,35
12863,2025-07-09,113,0,0,0,0,0
12864,2025-07-09,114,11,0,1,0,10
12865,2025-07-09,115,0,0,0,0,0
12866,2025-07-09,116,12,0,0,0,12
12867,2025-07-09,117,15,0,0,0,15
12868,2025-07-09,118,43,0,2,0,41
12869,2025-07-09,119,24,0,2,0,22
12870,2025-07-09,120,0,0,0,0,0
12871,2025-07-09,121,0,0,0,0,0
12872,2025-07-09,122,3,10,0,0,13
12873,2025-07-09,123,11,0,1,0,10
12874,2025-07-09,124,0,0,0,0,0
12875,2025-07-09,125,8,0,0,0,8
12876,2025-07-09,126,4,0,1,0,3
12877,2025-07-09,127,22,0,1,0,21
12878,2025-07-09,128,0,0,0,0,0
12879,2025-07-09,129,5,0,1,0,4
12880,2025-07-09,130,6,0,0,0,6
12881,2025-07-09,131,16,0,3,0,13
12882,2025-07-09,132,0,0,0,0,0
12883,2025-07-09,133,0,0,0,0,0
12884,2025-07-09,134,10,0,1,0,9
12885,2025-07-09,135,25,0,1,0,24
12886,2025-07-09,136,0,0,0,0,0
12887,2025-07-09,137,0,0,0,0,0
12888,2025-07-09,138,25,0,0,0,25
12889,2025-07-09,139,21,0,1,0,20
12890,2025-07-09,140,0,0,0,0,0
12891,2025-07-09,141,19,0,0,0,19
12892,2025-07-09,142,56,0,3,0,53
12893,2025-07-09,143,42,0,0,0,42
12894,2025-07-09,144,0,0,0,0,0
12895,2025-07-09,145,10,0,0,0,10
12896,2025-07-09,146,8,0,0,0,8
12897,2025-07-09,147,0,0,0,0,0
12898,2025-07-09,148,13,0,0,0,13
12899,2025-07-09,149,9,0,0,0,9
12900,2025-07-09,150,14,0,0,0,14
12901,2025-07-09,151,37,0,3,-3,31
12902,2025-07-09,152,26,0,1,0,25
12903,2025-07-09,153,0,0,0,0,0
12904,2025-07-09,154,0,0,0,0,0
12905,2025-07-09,155,6,0,0,0,6
12906,2025-07-09,156,29,0,2,0,27
12907,2025-07-09,157,21,0,2,0,19
12908,2025-07-09,158,29,0,1,0,28
12909,2025-07-09,159,14,0,0,0,14
12910,2025-07-09,160,28,0,1,0,27
12911,2025-07-09,161,18,0,0,0,18
12912,2025-07-09,162,0,0,0,0,0
12913,2025-07-09,163,10,0,0,0,10
12914,2025-07-09,164,19,0,4,0,15
12915,2025-07-09,165,13,0,0,0,13
12916,2025-07-09,166,27,0,1,0,26
12917,2025-07-09,167,15,0,2,0,13
12918,2025-07-09,168,30,0,2,0,28
12919,2025-07-09,169,7,0,0,0,7
12920,2025-07-09,170,37,0,0,0,37
12921,2025-07-10,101,18,0,0,0,18
12922,2025-07-10,102,0,0,0,0,0
12923,2025-07-10,103,0,0,0,0,0
12924,2025-07-10,104,27,0,0,0,27
12925,2025-07-10,105,15,0,1,0,14
12926,2025-07-10,106,49,0,0,0,49
12927,2025-07-10,108,3,0,0,0,3
12928,2025-07-10,109,5,24,1,0,28
12929,2025-07-10,110,37,0,1,0,36
12930,2025-07-10,112,35,0,1,0,34
12931,2025-07-10,113,0,0,0,0,0
12932,2025-07-10,114,10,0,0,0,10
12933,2025-07-10,115,0,0,0,0,0
12934,2025-07-10,116,12,0,0,0,12
12935,2025-07-10,117,15,0,1,0,14
12936,2025-07-10,118,41,0,1,0,40
12937,2025-07-10,119,22,0,1,0,21
12938,2025-07-10,120,0,0,0,0,0
12939,2025-07-10,121,0,0,0,0,0
12940,2025-07-10,122,13,0,0,0,13
12941,2025-07-10,123,10,0,1,0,9
12942,2025-07-10,124,0,0,0,0,0
12943,2025-07-10,125,8,0,0,0,8
12944,2025-07-10,126,3,0,1,0,2
12945,2025-07-10,127,21,0,0,0,21
12946,2025-07-10,128,0,0,0,0,0
12947,2025-07-10,129,4,0,0,0,4
12948,2025-07-10,130,6,0,1,0,5
12949,2025-07-10,131,13,0,1,0,12
12950,2025-07-10,132,0,0,0,0,0
12951,2025-07-10,133,0,0,0,0,0
12952,2025-07-10,134,9,0,0,0,9
12953,2025-07-10,135,24,0,1,0,23
12954,2025-07-10,136,0,0,0,0,0
12955,2025-07-10,137,0,0,0,0,0
12956,2025-07-10,138,25,0,2,0,23
12957,2025-07-10,139,20,0,0,0,20
12958,2025-07-10,140,0,0,0,0,0
12959,2025-07-10,141,19,0,0,0,19
12960,2025-07-10,142,53,0,1,0,52
12961,2025-07-10,143,42,0,2,0,40
12962,2025-07-10,144,0,0,0,0,0
12963,2025-07-10,145,10,0,1,0,9
12964,2025-07-10,146,8,0,0,0,8
12965,2025-07-10,147,0,0,0,0,0
12966,2025-07-10,148,13,0,1,0,12
12967,2025-07-10,149,9,0,2,0,7
12968,2025-07-10,150,14,0,0,0,14
12969,2025-07-10,151,31,0,0,0,31
12970,2025-07-10,152,25,0,0,0,25
12971,2025-07-10,153,0,0,0,0,0
12972,2025-07-10,154,0,0,0,0,0
12973,2025-07-10,155,6,0,0,0,6
12974,2025-07-10,156,27,0,4,0,23
12975,2025-07-10,157,19,0,2,0,17
12976,2025-07-10,158,28,0,0,0,28
12977,2025-07-10,159,14,0,0,0,14
12978,2025-07-10,160,27,0,0,0,27
12979,2025-07-10,161,18,0,2,0,16
12980,2025-07-10,162,0,0,0,0,0
12981,2025-07-10,163,10,0,0,0,10
12982,2025-07-10,164,15,0,1,0,14
12983,2025-07-10,165,13,0,0,0,13
12984,2025-07-10,166,26,0,2,0,24
12985,2025-07-10,167,13,0,2,0,11
12986,2025-07-10,168,28,0,0,0,28
12987,2025-07-10,169,7,0,0,0,7
12988,2025-07-10,170,37,0,5,0,32
12989,2025-07-11,101,18,0,0,0,18
12990,2025-07-11,102,0,0,0,0,0
12991,2025-07-11,103,0,0,0,0,0
12992,2025-07-11,104,27,0,0,0,27
12993,2025-07-11,105,14,0,0,0,14
12994,2025-07-11,106,49,0,0,0,49
12995,2025-07-11,108,3,0,0,0,3
12996,2025-07-11,109,28,0,2,0,26
12997,2025-07-11,110,36,0,0,0,36
12998,2025-07-11,112,34,0,0,0,34
12999,2025-07-11,113,0,0,0,0,0
13000,2025-07-11,114,10,0,1,0,9
13001,2025-07-11,115,0,0,0,0,0
13002,2025-07-11,116,12,0,0,0,12
13003,2025-07-11,117,14,0,0,0,14
13004,2025-07-11,118,40,0,2,0,38
13005,2025-07-11,119,21,0,0,0,21
13006,2025-07-11,120,0,0,0,0,0
13007,2025-07-11,121,0,0,0,0,0
13008,2025-07-11,122,13,0,0,0,13
13009,2025-07-11,123,9,0,1,0,8
13010,2025-07-11,124,0,0,0,0,0
13011,2025-07-11,125,8,0,0,0,8
13012,2025-07-11,126,2,10,0,0,12
13013,2025-07-11,127,21,0,1,0,20
13014,2025-07-11,128,0,0,0,0,0
13015,2025-07-11,129,4,0,1,0,3
13016,2025-07-11,130,5,0,1,0,4
13017,2025-07-11,131,12,49,1,0,60
13018,2025-07-11,132,0,0,0,0,0
13019,2025-07-11,133,0,0,0,0,0
13020,2025-07-11,134,9,0,0,0,9
13021,2025-07-11,135,23,0,2,0,21
13022,2025-07-11,136,0,0,0,0,0
13023,2025-07-11,137,0,0,0,0,0
13024,2025-07-11,138,23,0,0,0,23
13025,2025-07-11,139,20,0,0,0,20
13026,2025-07-11,140,0,0,0,0,0
13027,2025-07-11,141,19,0,0,0,19
13028,2025-07-11,142,52,0,1,0,51
13029,2025-07-11,143,40,0,1,0,39
13030,2025-07-11,144,0,0,0,0,0
13031,2025-07-11,145,9,0,1,0,8
13032,2025-07-11,146,8,0,0,-2,6
13033,2025-07-11,147,0,0,0,0,0
13034,2025-07-11,148,12,0,0,0,12
13035,2025-07-11,149,7,0,0,0,7
13036,2025-07-11,150,14,0,0,0,14
13037,2025-07-11,151,31,0,3,0,28
13038,2025-07-11,152,25,0,1,0,24
13039,2025-07-11,153,0,0,0,0,0
13040,2025-07-11,154,0,0,0,0,0
13041,2025-07-11,155,6,0,0,0,6
13042,2025-07-11,156,23,0,4,0,19
13043,2025-07-11,157,17,0,1,0,16
13044,2025-07-11,158,28,0,2,0,26
13045,2025-07-11,159,14,42,1,0,55
13046,2025-07-11,160,27,0,0,0,27
13047,2025-07-11,161,16,0,0,0,16
13048,2025-07-11,162,0,0,0,0,0
13049,2025-07-11,163,10,0,0,0,10
13050,2025-07-11,164,14,0,0,0,14
13051,2025-07-11,165,13,0,0,0,13
13052,2025-07-11,166,24,0,0,0,24
13053,2025-07-11,167,11,0,0,0,11
13054,2025-07-11,168,28,0,1,0,27
13055,2025-07-11,169,7,0,0,0,7
13056,2025-07-11,170,32,0,1,0,31
13057,2025-07-12,101,18,0,0,0,18
13058,2025-07-12,102,0,0,0,0,0
13059,2025-07-12,103,0,0,0,0,0
13060,2025-07-12,104,27,0,1,-2,24
13061,2025-07-12,105,14,0,1,0,13
13062,2025-07-12,106,49,0,1,0,48
13063,2025-07-12,108,3,0,0,0,3
13064,2025-07-12,109,26,0,0,0,26
13065,2025-07-12,110,36,0,0,0,36
13066,2025-07-12,112,34,0,0,0,34
13067,2025-07-12,113,0,0,0,0,0
13068,2025-07-12,114,9,0,0,0,9
13069,2025-07-12,115,0,0,0,0,0
13070,2025-07-12,116,12,0,0,0,12
13071,2025-07-12,117,14,0,1,0,13
13072,2025-07-12,118,38,0,1,0,37
13073,2025-07-12,119,21,0,1,0,20
13074,2025-07-12,120,0,0,0,0,0
13075,2025-07-12,121,0,0,0,0,0
13076,2025-07-12,122,13,0,0,0,13
13077,2025-07-12,123,8,0,0,0,8
13078,2025-07-12,124,0,0,0,0,0
13079,2025-07-12,125,8,0,0,0,8
13080,2025-07-12,126,12,0,0,0,12
13081,2025-07-12,127,20,0,0,0,20
13082,2025-07-12,128,0,0,0,0,0
13083,2025-07-12,129,3,0,0,0,3
13084,2025-07-12,130,4,0,0,0,4
13085,2025-07-12,131,60,0,1,0,59
13086,2025-07-12,132,0,0,0,0,0
13087,2025-07-12,133,0,0,0,0,0
13088,2025-07-12,134,9,0,1,0,8
13089,2025-07-12,135,21,0,1,0,20
13090,2025-07-12,136,0,0,0,0,0
13091,2025-07-12,137,0,0,0,0,0
13092,2025-07-12,138,23,0,0,0,23
13093,2025-07-12,139,20,0,2,0,18
13094,2025-07-12,140,0,0,0,0,0
13095,2025-07-12,141,19,0,0,0,19
13096,2025-07-12,142,51,0,2,0,49
13097,2025-07-12,143,39,0,1,0,38
13098,2025-07-12,144,0,0,0,0,0
13099,2025-07-12,145,8,0,0,0,8
13100,2025-07-12,146,6,0,0,0,6
13101,2025-07-12,147,0,0,0,0,0
13102,2025-07-12,148,12,0,0,0,12
13103,2025-07-12,149,7,19,0,0,26
13104,2025-07-12,150,14,0,0,0,14
13105,2025-07-12,151,28,0,0,0,28
13106,2025-07-12,152,24,0,1,0,23
13107,2025-07-12,153,0,0,0,0,0
13108,2025-07-12,154,0,0,0,0,0
13109,2025-07-12,155,6,0,0,0,6
13110,2025-07-12,156,19,0,2,0,17
13111,2025-07-12,157,16,0,1,0,15
13112,2025-07-12,158,26,0,2,0,24
13113,2025-07-12,159,55,0,0,0,55
13114,2025-07-12,160,27,0,0,0,27
13115,2025-07-12,161,16,0,1,0,15
13116,2025-07-12,162,0,0,0,0,0
13117,2025-07-12,163,10,0,0,0,10
13118,2025-07-12,164,14,0,2,0,12
13119,2025-07-12,165,13,0,0,0,13
13120,2025-07-12,166,24,0,0,0,24
13121,2025-07-12,167,11,0,2,0,9
13122,2025-07-12,168,27,0,1,0,26
13123,2025-07-12,169,7,0,0,-2,5
13124,2025-07-12,170,31,0,2,0,29
13125,2025-07-13,101,18,0,0,0,18
13126,2025-07-13,102,0,0,0,0,0
13127,2025-07-13,103,0,0,0,0,0
13128,2025-07-13,104,24,0,1,0,23
13129,2025-07-13,105,13,0,0,0,13
13130,2025-07-13,106,48,0,0,0,48
13131,2025-07-13,108,3,0,0,0,3
13132,2025-07-13,109,26,0,2,0,24
13133,2025-07-13,110,36,0,0,0,36
13134,2025-07-13,112,34,0,1,0,33
13135,2025-07-13,113,0,0,0,0,0
13136,2025-07-13,114,9,0,0,0,9
13137,2025-07-13,115,0,0,0,0,0
13138,2025-07-13,116,12,0,1,0,11
13139,2025-07-13,117,13,0,2,0,11
13140,2025-07-13,118,37,0,1,0,36
13141,2025-07-13,119,20,0,1,0,19
13142,2025-07-13,120,0,0,0,0,0
13143,2025-07-13,121,0,0,0,0,0
13144,2025-07-13,122,13,0,0,0,13
13145,2025-07-13,123,8,24,3,0,29
13146,2025-07-13,124,0,0,0,0,0
13147,2025-07-13,125,8,0,0,0,8
13148,2025-07-13,126,12,0,0,0,12
13149,2025-07-13,127,20,0,1,0,19
13150,2025-07-13,128,0,0,0,0,0
13151,2025-07-13,129,3,0,0,0,3
13152,2025-07-13,130,4,0,1,0,3
13153,2025-07-13,131,59,0,3,0,56
13154,2025-07-13,132,0,0,0,0,0
13155,2025-07-13,133,0,0,0,0,0
13156,2025-07-13,134,8,0,2,0,6
13157,2025-07-13,135,20,0,1,0,19
13158,2025-07-13,136,0,0,0,0,0
13159,2025-07-13,137,0,0,0,0,0
13160,2025-07-13,138,23,0,1,0,22
13161,2025-07-13,139,18,0,0,0,18
13162,2025-07-13,140,0,0,0,0,0
13163,2025-07-13,141,19,0,0,0,19
13164,2025-07-13,142,49,0,0,0,49
13165,2025-07-13,143,38,0,2,0,36
13166,2025-07-13,144,0,0,0,0,0
13167,2025-07-13,145,8,21,0,0,29
13168,2025-07-13,146,6,0,0,0,6
13169,2025-07-13,147,0,0,0,0,0
13170,2025-07-13,148,12,0,1,0,11
13171,2025-07-13,149,26,0,1,0,25
13172,2025-07-13,150,14,0,1,0,13
13173,2025-07-13,151,28,0,2,0,26
13174,2025-07-13,152,23,0,0,0,23
13175,2025-07-13,153,0,0,0,0,0
13176,2025-07-13,154,0,0,0,0,0
13177,2025-07-13,155,6,0,0,0,6
13178,2025-07-13,156,17,0,2,0,15
13179,2025-07-13,157,15,0,0,0,15
13180,2025-07-13,158,24,0,2,0,22
13181,2025-07-13,159,55,0,1,0,54
13182,2025-07-13,160,27,0,0,0,27
13183,2025-07-13,161,15,0,1,0,14
13184,2025-07-13,162,0,0,0,0,0
13185,2025-07-13,163,10,0,0,0,10
13186,2025-07-13,164,12,0,1,0,11
13187,2025-07-13,165,13,0,0,0,13
13188,2025-07-13,166,24,0,3,0,21
13189,2025-07-13,167,9,0,2,0,7
13190,2025-07-13,168,26,0,1,0,25
13191,2025-07-13,169,5,0,0,0,5
13192,2025-07-13,170,29,0,3,0,26
13193,2025-07-14,101,18,0,2,0,16
13194,2025-07-14,102,0,0,0,0,0
13195,2025-07-14,103,0,0,0,0,0
13196,2025-07-14,104,23,0,0,0,23
13197,2025-07-14,105,13,0,0,0,13
13198,2025-07-14,106,48,0,2,0,46
13199,2025-07-14,108,3,13,0,0,16
13200,2025-07-14,109,24,0,2,0,22
13201,2025-07-14,110,36,0,4,0,32
13202,2025-07-14,112,33,0,0,0,33
13203,2025-07-14,113,0,0,0,0,0
13204,2025-07-14,114,9,0,0,0,9
13205,2025-07-14,115,0,0,0,0,0
13206,2025-07-14,116,11,0,0,0,11
13207,2025-07-14,117,11,0,0,0,11
13208,2025-07-14,118,36,0,3,0,33
13209,2025-07-14,119,19,0,1,0,18
13210,2025-07-14,120,0,0,0,0,0
13211,2025-07-14,121,0,0,0,0,0
13212,2025-07-14,122,13,0,0,0,13
13213,2025-07-14,123,29,0,1,0,28
13214,2025-07-14,124,0,0,0,0,0
13215,2025-07-14,125,8,0,0,0,8
13216,2025-07-14,126,12,0,0,0,12
13217,2025-07-14,127,19,0,1,0,18
13218,2025-07-14,128,0,0,0,0,0
13219,2025-07-14,129,3,11,0,0,14
13220,2025-07-14,130,3,0,0,0,3
13221,2025-07-14,131,56,0,3,0,53
13222,2025-07-14,132,0,0,0,0,0
13223,2025-07-14,133,0,0,0,0,0
13224,2025-07-14,134,6,0,0,0,6
13225,2025-07-14,135,19,0,1,0,18
13226,2025-07-14,136,0,0,0,0,0
13227,2025-07-14,137,0,0,0,0,0
13228,2025-07-14,138,22,0,0,0,22
13229,2025-07-14,139,18,0,0,0,18
13230,2025-07-14,140,0,0,0,0,0
13231,2025-07-14,141,19,0,0,0,19
13232,2025-07-14,142,49,0,1,0,48
13233,2025-07-14,143,36,0,1,0,35
13234,2025-07-14,144,0,0,0,0,0
13235,2025-07-14,145,29,0,2,0,27
13236,2025-07-14,146,6,0,0,0,6
13237,2025-07-14,147,0,0,0,0,0
13238,2025-07-14,148,11,0,0,0,11
13239,2025-07-14,149,25,0,1,0,24
13240,2025-07-14,150,13,0,0,0,13
13241,2025-07-14,151,26,0,2,0,24
13242,2025-07-14,152,23,0,1,0,22
13243,2025-07-14,153,0,0,0,0,0
13244,2025-07-14,154,0,0,0,0,0
13245,2025-07-14,155,6,0,0,0,6
13246,2025-07-14,156,15,0,0,0,15
13247,2025-07-14,157,15,0,0,-3,12
13248,2025-07-14,158,22,0,3,0,19
13249,2025-07-14,159,54,0,2,0,52
13250,2025-07-14,160,27,0,0,0,27
13251,2025-07-14,161,14,0,1,0,13
13252,2025-07-14,162,0,0,0,0,0
13253,2025-07-14,163,10,0,1,0,9
13254,2025-07-14,164,11,0,1,0,10
13255,2025-07-14,165,13,0,0,0,13
13256,2025-07-14,166,21,0,2,0,19
13257,2025-07-14,167,7,0,2,0,5
13258,2025-07-14,168,25,0,0,0,25
13259,2025-07-14,169,5,0,0,0,5
13260,2025-07-14,170,26,0,1,0,25
13261,2025-07-15,101,16,0,2,0,14
13262,2025-07-15,102,0,0,0,0,0
13263,2025-07-15,103,0,0,0,0,0
13264,2025-07-15,104,23,0,1,0,22
13265,2025-07-15,105,13,0,0,0,13
13266,2025-07-15,106,46,0,0,0,46
13267,2025-07-15,108,16,0,0,0,16
13268,2025-07-15,109,22,0,0,0,22
13269,2025-07-15,110,32,0,1,0,31
13270,2025-07-15,112,33,0,1,0,32
13271,2025-07-15,113,0,0,0,0,0
13272,2025-07-15,114,9,0,0,0,9
13273,2025-07-15,115,0,0,0,0,0
13274,2025-07-15,116,11,0,0,0,11
13275,2025-07-15,117,11,0,0,0,11
13276,2025-07-15,118,33,0,1,0,32
13277,2025-07-15,119,18,0,0,0,18
13278,2025-07-15,120,0,0,0,0,0
13279,2025-07-15,121,0,0,0,0,0
13280,2025-07-15,122,13,0,0,0,13
13281,2025-07-15,123,28,0,0,0,28
13282,2025-07-15,124,0,0,0,0,0
13283,2025-07-15,125,8,0,0,0,8
13284,2025-07-15,126,12,0,0,0,12
13285,2025-07-15,127,18,0,3,0,15
13286,2025-07-15,128,0,0,0,0,0
13287,2025-07-15,129,14,0,0,0,14
13288,2025-07-15,130,3,12,0,0,15
13289,2025-07-15,131,53,0,0,0,53
13290,2025-07-15,132,0,0,0,0,0
13291,2025-07-15,133,0,0,0,0,0
13292,2025-07-15,134,6,0,0,0,6
13293,2025-07-15,135,18,0,0,0,18
13294,2025-07-15,136,0,0,0,0,0
13295,2025-07-15,137,0,0,0,0,0
13296,2025-07-15,138,22,0,0,0,22
13297,2025-07-15,139,18,0,0,0,18
13298,2025-07-15,140,0,0,0,0,0
13299,2025-07-15,141,19,0,0,0,19
13300,2025-07-15,142,48,0,1,0,47
13301,2025-07-15,143,35,0,1,0,34
13302,2025-07-15,144,0,0,0,0,0
13303,2025-07-15,145,27,0,0,0,27
13304,2025-07-15,146,6,0,0,0,6
13305,2025-07-15,147,0,0,0,0,0
13306,2025-07-15,148,11,0,0,0,11
13307,2025-07-15,149,24,0,0,0,24
13308,2025-07-15,150,13,0,0,0,13
13309,2025-07-15,151,24,0,2,0,22
13310,2025-07-15,152,22,0,1,0,21
13311,2025-07-15,153,0,0,0,0,0
13312,2025-07-15,154,0,0,0,0,0
13313,2025-07-15,155,6,0,0,0,6
13314,2025-07-15,156,15,0,0,0,15
13315,2025-07-15,157,12,0,0,-3,9
13316,2025-07-15,158,19,0,2,0,17
13317,2025-07-15,159,52,0,5,0,47
13318,2025-07-15,160,27,0,1,0,26
13319,2025-07-15,161,13,0,0,0,13
13320,2025-07-15,162,0,0,0,0,0
13321,2025-07-15,163,9,0,0,0,9
13322,2025-07-15,164,10,0,1,0,9
13323,2025-07-15,165,13,0,0,0,13
13324,2025-07-15,166,19,0,0,0,19
13325,2025-07-15,167,5,0,4,0,1
13326,2025-07-15,168,25,0,0,0,25
13327,2025-07-15,169,5,0,1,0,4
13328,2025-07-15,170,25,0,3,0,22
13329,2025-07-16,101,14,0,1,0,13
13330,2025-07-16,102,0,0,0,0,0
13331,2025-07-16,103,0,0,0,0,0
13332,2025-07-16,104,22,0,1,0,21
13333,2025-07-16,105,13,0,2,0,11
13334,2025-07-16,106,46,0,1,0,45
13335,2025-07-16,108,16,0,0,0,16
13336,2025-07-16,109,22,0,0,0,22
13337,2025-07-16,110,31,0,3,0,28
13338,2025-07-16,112,32,0,3,0,29
13339,2025-07-16,113,0,0,0,0,0
13340,2025-07-16,114,9,0,0,0,9
13341,2025-07-16,115,0,0,0,0,0
13342,2025-07-16,116,11,0,0,0,11
13343,2025-07-16,117,11,0,0,0,11
13344,2025-07-16,118,32,0,2,0,30
13345,2025-07-16,119,18,0,1,0,17
13346,2025-07-16,120,0,0,0,0,0
13347,2025-07-16,121,0,0,0,0,0
13348,2025-07-16,122,13,0,0,0,13
13349,2025-07-16,123,28,0,0,0,28
13350,2025-07-16,124,0,0,0,0,0
13351,2025-07-16,125,8,0,0,0,8
13352,2025-07-16,126,12,0,1,0,11
13353,2025-07-16,127,15,0,1,0,14
13354,2025-07-16,128,0,0,0,0,0
13355,2025-07-16,129,14,0,1,0,13
13356,2025-07-16,130,15,0,0,0,15
13357,2025-07-16,131,53,0,1,0,52
13358,2025-07-16,132,0,0,0,0,0
13359,2025-07-16,133,0,0,0,0,0
13360,2025-07-16,134,6,20,1,0,25
13361,2025-07-16,135,18,0,0,0,18
13362,2025-07-16,136,0,0,0,0,0
13363,2025-07-16,137,0,0,0,0,0
13364,2025-07-16,138,22,0,1,0,21
13365,2025-07-16,139,18,0,1,0,17
13366,2025-07-16,140,0,0,0,0,0
13367,2025-07-16,141,19,0,0,0,19
13368,2025-07-16,142,47,0,0,0,47
13369,2025-07-16,143,34,0,1,0,33
13370,2025-07-16,144,0,0,0,0,0
13371,2025-07-16,145,27,0,0,0,27
13372,2025-07-16,146,6,0,1,0,5
13373,2025-07-16,147,0,0,0,0,0
13374,2025-07-16,148,11,0,0,0,11
13375,2025-07-16,149,24,0,0,0,24
13376,2025-07-16,150,13,0,0,0,13
13377,2025-07-16,151,22,0,1,0,21
13378,2025-07-16,152,21,0,1,0,20
13379,2025-07-16,153,0,0,0,0,0
13380,2025-07-16,154,0,0,0,0,0
13381,2025-07-16,155,6,0,0,0,6
13382,2025-07-16,156,15,42,1,0,56
13383,2025-07-16,157,9,0,2,0,7
13384,2025-07-16,158,17,0,0,0,17
13385,2025-07-16,159,47,0,1,0,46
13386,2025-07-16,160,26,0,1,0,25
13387,2025-07-16,161,13,0,1,0,12
13388,2025-07-16,162,0,0,0,0,0
13389,2025-07-16,163,9,0,0,0,9
13390,2025-07-16,164,9,0,2,0,7
13391,2025-07-16,165,13,0,0,0,13
13392,2025-07-16,166,19,0,2,0,17
13393,2025-07-16,167,1,0,1,0,0
13394,2025-07-16,168,25,0,0,0,25
13395,2025-07-16,169,4,0,0,0,4
13396,2025-07-16,170,22,0,1,0,21
13397,2025-07-17,101,13,0,3,0,10
13398,2025-07-17,102,0,0,0,0,0
13399,2025-07-17,103,0,0,0,0,0
13400,2025-07-17,104,21,0,0,0,21
13401,2025-07-17,105,11,0,2,0,9
13402,2025-07-17,106,45,0,1,0,44
13403,2025-07-17,108,16,0,0,0,16
13404,2025-07-17,109,22,0,1,0,21
13405,2025-07-17,110,28,0,0,0,28
13406,2025-07-17,112,29,0,4,0,25
13407,2025-07-17,113,0,0,0,0,0
13408,2025-07-17,114,9,0,0,0,9
13409,2025-07-17,115,0,0,0,0,0
13410,2025-07-17,116,11,0,1,0,10
13411,2025-07-17,117,11,0,0,0,11
13412,2025-07-17,118,30,0,2,0,28
13413,2025-07-17,119,17,0,0,0,17
13414,2025-07-17,120,0,0,0,0,0
13415,2025-07-17,121,0,0,0,0,0
13416,2025-07-17,122,13,0,0,0,13
13417,2025-07-17,123,28,0,1,0,27
13418,2025-07-17,124,0,0,0,0,0
13419,2025-07-17,125,8,0,0,0,8
13420,2025-07-17,126,11,0,0,0,11
13421,2025-07-17,127,14,0,1,0,13
13422,2025-07-17,128,0,0,0,0,0
13423,2025-07-17,129,13,0,0,0,13
13424,2025-07-17,130,15,0,0,0,15
13425,2025-07-17,131,52,0,1,0,51
13426,2025-07-17,132,0,0,0,0,0
13427,2025-07-17,133,0,0,0,0,0
13428,2025-07-17,134,25,0,1,0,24
13429,2025-07-17,135,18,0,1,0,17
13430,2025-07-17,136,0,0,0,0,0
13431,2025-07-17,137,0,0,0,0,0
13432,2025-07-17,138,21,0,0,0,21
13433,2025-07-17,139,17,0,1,0,16
13434,2025-07-17,140,0,0,0,0,0
13435,2025-07-17,141,19,0,0,0,19
13436,2025-07-17,142,47,0,2,0,45
13437,2025-07-17,143,33,0,3,0,30
13438,2025-07-17,144,0,0,0,0,0
13439,2025-07-17,145,27,0,2,0,25
13440,2025-07-17,146,5,0,0,0,5
13441,2025-07-17,147,0,0,0,0,0
13442,2025-07-17,148,11,0,0,0,11
13443,2025-07-17,149,24,0,0,0,24
13444,2025-07-17,150,13,0,1,0,12
13445,2025-07-17,151,21,0,3,0,18
13446,2025-07-17,152,20,0,1,0,19
13447,2025-07-17,153,0,0,0,0,0
13448,2025-07-17,154,0,0,0,0,0
13449,2025-07-17,155,6,0,0,0,6
13450,2025-07-17,156,56,0,0,0,56
13451,2025-07-17,157,7,0,0,0,7
13452,2025-07-17,158,17,0,0,0,17
13453,2025-07-17,159,46,0,0,0,46
13454,2025-07-17,160,25,0,0,0,25
13455,2025-07-17,161,12,0,0,0,12
13456,2025-07-17,162,0,0,0,0,0
13457,2025-07-17,163,9,0,0,0,9
13458,2025-07-17,164,7,0,0,0,7
13459,2025-07-17,165,13,0,0,0,13
13460,2025-07-17,166,17,0,1,0,16
13461,2025-07-17,167,0,0,0,0,0
13462,2025-07-17,168,25,0,0,0,25
13463,2025-07-17,169,4,0,0,0,4
13464,2025-07-17,170,21,0,2,0,19
13465,2025-07-18,101,10,0,2,0,8
13466,2025-07-18,102,0,0,0,0,0
13467,2025-07-18,103,0,0,0,0,0
13468,2025-07-18,104,21,0,1,0,20
13469,2025-07-18,105,9,0,0,0,9
13470,2025-07-18,106,44,0,0,0,44
13471,2025-07-18,108,16,0,0,0,16
13472,2025-07-18,109,21,0,0,0,21
13473,2025-07-18,110,28,0,1,0,27
13474,2025-07-18,112,25,0,3,0,22
13475,2025-07-18,113,0,0,0,0,0
13476,2025-07-18,114,9,0,0,0,9
13477,2025-07-18,115,0,0,0,0,0
13478,2025-07-18,116,10,0,1,0,9
13479,2025-07-18,117,11,0,0,0,11
13480,2025-07-18,118,28,0,0,0,28
13481,2025-07-18,119,17,0,1,0,16
13482,2025-07-18,120,0,0,0,0,0
13483,2025-07-18,121,0,0,0,0,0
13484,2025-07-18,122,13,0,0,0,13
13485,2025-07-18,123,27,0,1,0,26
13486,2025-07-18,124,0,0,0,0,0
13487,2025-07-18,125,8,0,1,0,7
13488,2025-07-18,126,11,0,0,0,11
13489,2025-07-18,127,13,0,0,0,13
13490,2025-07-18,128,0,0,0,0,0
13491,2025-07-18,129,13,0,1,0,12
13492,2025-07-18,130,15,0,0,0,15
13493,2025-07-18,131,51,0,1,0,50
13494,2025-07-18,132,0,0,0,0,0
13495,2025-07-18,133,0,0,0,0,0
13496,2025-07-18,134,24,0,1,0,23
13497,2025-07-18,135,17,0,2,0,15
13498,2025-07-18,136,0,0,0,0,0
13499,2025-07-18,137,0,0,0,0,0
13500,2025-07-18,138,21,0,1,0,20
13501,2025-07-18,139,16,0,2,0,14
13502,2025-07-18,140,0,0,0,0,0
13503,2025-07-18,141,19,0,1,0,18
13504,2025-07-18,142,45,0,0,0,45
13505,2025-07-18,143,30,0,2,0,28
13506,2025-07-18,144,0,0,0,0,0
13507,2025-07-18,145,25,0,0,0,25
13508,2025-07-18,146,5,0,0,0,5
13509,2025-07-18,147,0,0,0,0,0
13510,2025-07-18,148,11,0,0,0,11
13511,2025-07-18,149,24,0,1,0,23
13512,2025-07-18,150,12,0,1,0,11
13513,2025-07-18,151,18,0,1,0,17
13514,2025-07-18,152,19,0,1,0,18
13515,2025-07-18,153,0,0,0,0,0
13516,2025-07-18,154,0,0,0,0,0
13517,2025-07-18,155,6,0,0,0,6
13518,2025-07-18,156,56,0,3,0,53
13519,2025-07-18,157,7,0,1,0,6
13520,2025-07-18,158,17,0,3,0,14
13521,2025-07-18,159,46,0,4,0,42
13522,2025-07-18,160,25,0,0,0,25
13523,2025-07-18,161,12,0,0,-2,10
13524,2025-07-18,162,0,0,0,0,0
13525,2025-07-18,163,9,0,0,0,9
13526,2025-07-18,164,7,0,2,0,5
13527,2025-07-18,165,13,0,0,0,13
13528,2025-07-18,166,16,0,1,0,15
13529,2025-07-18,167,0,41,0,0,41
13530,2025-07-18,168,25,0,0,0,25
13531,2025-07-18,169,4,0,0,0,4
13532,2025-07-18,170,19,0,2,0,17
13533,2025-07-19,101,8,0,0,0,8
13534,2025-07-19,102,0,0,0,0,0
13535,2025-07-19,103,0,0,0,0,0
13536,2025-07-19,104,20,0,1,0,19
13537,2025-07-19,105,9,0,1,0,8
13538,2025-07-19,106,44,0,1,0,43
13539,2025-07-19,108,16,0,0,0,16
13540,2025-07-19,109,21,0,0,0,21
13541,2025-07-19,110,27,0,1,0,26
13542,2025-07-19,112,22,0,1,0,21
13543,2025-07-19,113,0,0,0,0,0
13544,2025-07-19,114,9,0,0,0,9
13545,2025-07-19,115,0,0,0,0,0
13546,2025-07-19,116,9,0,0,0,9
13547,2025-07-19,117,11,0,0,0,11
13548,2025-07-19,118,28,0,4,0,24
13549,2025-07-19,119,16,41,0,0,57
13550,2025-07-19,120,0,0,0,0,0
13551,2025-07-19,121,0,0,0,0,0
13552,2025-07-19,122,13,0,0,0,13
13553,2025-07-19,123,26,0,0,0,26
13554,2025-07-19,124,0,0,0,0,0
13555,2025-07-19,125,7,0,0,0,7
13556,2025-07-19,126,11,0,0,0,11
13557,2025-07-19,127,13,0,1,0,12
13558,2025-07-19,128,0,0,0,0,0
13559,2025-07-19,129,12,0,0,0,12
13560,2025-07-19,130,15,0,0,0,15
13561,2025-07-19,131,50,0,3,0,47
13562,2025-07-19,132,0,0,0,0,0
13563,2025-07-19,133,0,0,0,0,0
13564,2025-07-19,134,23,0,1,0,22
13565,2025-07-19,135,15,0,0,0,15
13566,2025-07-19,136,0,0,0,0,0
13567,2025-07-19,137,0,0,0,0,0
13568,2025-07-19,138,20,0,1,0,19
13569,2025-07-19,139,14,0,0,0,14
13570,2025-07-19,140,0,0,0,0,0
13571,2025-07-19,141,18,0,0,0,18
13572,2025-07-19,142,45,0,0,0,45
13573,2025-07-19,143,28,0,1,0,27
13574,2025-07-19,144,0,0,0,0,0
13575,2025-07-19,145,25,0,0,0,25
13576,2025-07-19,146,5,0,1,0,4
13577,2025-07-19,147,0,0,0,0,0
13578,2025-07-19,148,11,0,0,0,11
13579,2025-07-19,149,23,0,0,0,23
13580,2025-07-19,150,11,0,0,0,11
13581,2025-07-19,151,17,0,1,0,16
13582,2025-07-19,152,18,0,0,0,18
13583,2025-07-19,153,0,0,0,0,0
13584,2025-07-19,154,0,0,0,0,0
13585,2025-07-19,155,6,0,0,0,6
13586,2025-07-19,156,53,0,0,0,53
13587,2025-07-19,157,6,0,0,0,6
13588,2025-07-19,158,14,40,1,0,53
13589,2025-07-19,159,42,0,2,0,40
13590,2025-07-19,160,25,0,0,0,25
13591,2025-07-19,161,10,0,1,0,9
13592,2025-07-19,162,0,0,0,0,0
13593,2025-07-19,163,9,0,0,0,9
13594,2025-07-19,164,5,0,0,0,5
13595,2025-07-19,165,13,0,0,0,13
13596,2025-07-19,166,15,39,2,0,52
13597,2025-07-19,167,41,0,0,0,41
13598,2025-07-19,168,25,0,0,0,25
13599,2025-07-19,169,4,11,0,0,15
13600,2025-07-19,170,17,0,2,0,15
13601,2025-07-20,101,8,22,0,0,30
13602,2025-07-20,102,0,0,0,0,0
13603,2025-07-20,103,0,0,0,0,0
13604,2025-07-20,104,19,0,0,0,19
13605,2025-07-20,105,8,0,0,0,8
13606,2025-07-20,106,43,0,0,0,43
13607,2025-07-20,108,16,0,0,0,16
13608,2025-07-20,109,21,0,0,0,21
13609,2025-07-20,110,26,0,1,0,25
13610,2025-07-20,112,21,0,0,0,21
13611,2025-07-20,113,0,0,0,0,0
13612,2025-07-20,114,9,0,0,0,9
13613,2025-07-20,115,0,0,0,0,0
13614,2025-07-20,116,9,0,1,0,8
13615,2025-07-20,117,11,0,0,0,11
13616,2025-07-20,118,24,0,0,0,24
13617,2025-07-20,119,57,0,1,0,56
13618,2025-07-20,120,0,0,0,0,0
13619,2025-07-20,121,0,0,0,0,0
13620,2025-07-20,122,13,0,0,0,13
13621,2025-07-20,123,26,0,0,0,26
13622,2025-07-20,124,0,0,0,0,0
13623,2025-07-20,125,7,0,0,0,7
13624,2025-07-20,126,11,0,0,0,11
13625,2025-07-20,127,12,0,0,0,12
13626,2025-07-20,128,0,0,0,0,0
13627,2025-07-20,129,12,0,0,0,12
13628,2025-07-20,130,15,0,0,0,15
13629,2025-07-20,131,47,0,0,0,47
13630,2025-07-20,132,0,0,0,0,0
13631,2025-07-20,133,0,0,0,0,0
13632,2025-07-20,134,22,0,1,0,21
13633,2025-07-20,135,15,0,1,0,14
13634,2025-07-20,136,0,0,0,0,0
13635,2025-07-20,137,0,0,0,0,0
13636,2025-07-20,138,19,0,0,0,19
13637,2025-07-20,139,14,0,0,0,14
13638,2025-07-20,140,0,0,0,0,0
13639,2025-07-20,141,18,0,1,0,17
13640,2025-07-20,142,45,0,4,0,41
13641,2025-07-20,143,27,0,1,0,26
13642,2025-07-20,144,0,0,0,0,0
13643,2025-07-20,145,25,0,1,0,24
13644,2025-07-20,146,4,0,0,0,4
13645,2025-07-20,147,0,0,0,0,0
13646,2025-07-20,148,11,0,0,0,11
13647,2025-07-20,149,23,0,1,0,22
13648,2025-07-20,150,11,0,1,0,10
13649,2025-07-20,151,16,0,1,0,15
13650,2025-07-20,152,18,0,0,0,18
13651,2025-07-20,153,0,0,0,0,0
13652,2025-07-20,154,0,0,0,0,0
13653,2025-07-20,155,6,0,0,0,6
13654,2025-07-20,156,53,0,0,0,53
13655,2025-07-20,157,6,0,1,0,5
13656,2025-07-20,158,53,0,0,0,53
13657,2025-07-20,159,40,0,0,0,40
13658,2025-07-20,160,25,0,0,0,25
13659,2025-07-20,161,9,0,0,0,9
13660,2025-07-20,162,0,0,0,0,0
13661,2025-07-20,163,9,0,0,0,9
13662,2025-07-20,164,5,0,0,0,5
13663,2025-07-20,165,13,0,0,0,13
13664,2025-07-20,166,52,0,1,0,51
13665,2025-07-20,167,41,0,1,0,40
13666,2025-07-20,168,25,0,1,0,24
13667,2025-07-20,169,15,0,0,0,15
13668,2025-07-20,170,15,45,0,0,60
13669,2025-07-21,101,30,0,2,0,28
13670,2025-07-21,102,0,0,0,0,0
13671,2025-07-21,103,0,0,0,0,0
13672,2025-07-21,104,19,0,1,0,18
13673,2025-07-21,105,8,0,0,0,8
13674,2025-07-21,106,43,0,1,0,42
13675,2025-07-21,108,16,0,0,0,16
13676,2025-07-21,109,21,0,0,0,21
13677,2025-07-21,110,25,0,2,0,23
13678,2025-07-21,112,21,0,4,0,17
13679,2025-07-21,113,0,0,0,0,0
13680,2025-07-21,114,9,0,1,0,8
13681,2025-07-21,115,0,0,0,0,0
13682,2025-07-21,116,8,0,1,0,7
13683,2025-07-21,117,11,0,0,0,11
13684,2025-07-21,118,24,0,1,0,23
13685,2025-07-21,119,56,0,2,0,54
13686,2025-07-21,120,0,0,0,0,0
13687,2025-07-21,121,0,0,0,0,0
13688,2025-07-21,122,13,0,0,0,13
13689,2025-07-21,123,26,0,0,0,26
13690,2025-07-21,124,0,0,0,0,0
13691,2025-07-21,125,7,0,0,0,7
13692,2025-07-21,126,11,0,0,0,11
13693,2025-07-21,127,12,0,1,0,11
13694,2025-07-21,128,0,0,0,0,0
13695,2025-07-21,129,12,0,0,0,12
13696,2025-07-21,130,15,0,0,0,15
13697,2025-07-21,131,47,0,1,0,46
13698,2025-07-21,132,0,0,0,0,0
13699,2025-07-21,133,0,0,0,0,0
13700,2025-07-21,134,21,0,0,0,21
13701,2025-07-21,135,14,0,0,0,14
13702,2025-07-21,136,0,0,0,0,0
13703,2025-07-21,137,0,0,0,0,0
13704,2025-07-21,138,19,0,0,0,19
13705,2025-07-21,139,14,0,0,0,14
13706,2025-07-21,140,0,0,0,0,0
13707,2025-07-21,141,17,0,1,0,16
13708,2025-07-21,142,41,0,1,0,40
13709,2025-07-21,143,26,0,2,0,24
13710,2025-07-21,144,0,0,0,0,0
13711,2025-07-21,145,24,0,0,0,24
13712,2025-07-21,146,4,0,0,0,4
13713,2025-07-21,147,0,0,0,0,0
13714,2025-07-21,148,11,0,1,0,10
13715,2025-07-21,149,22,0,0,0,22
13716,2025-07-21,150,10,0,0,0,10
13717,2025-07-21,151,15,0,1,0,14
13718,2025-07-21,152,18,0,0,0,18
13719,2025-07-21,153,0,0,0,0,0
13720,2025-07-21,154,0,0,0,0,0
13721,2025-07-21,155,6,0,0,0,6
13722,2025-07-21,156,53,0,0,0,53
13723,2025-07-21,157,5,0,0,0,5
13724,2025-07-21,158,53,0,1,0,52
13725,2025-07-21,159,40,0,1,0,39
13726,2025-07-21,160,25,0,0,0,25
13727,2025-07-21,161,9,0,0,0,9
13728,2025-07-21,162,0,0,0,0,0
13729,2025-07-21,163,9,0,2,0,7
13730,2025-07-21,164,5,21,0,0,26
13731,2025-07-21,165,13,0,0,0,13
13732,2025-07-21,166,51,0,1,0,50
13733,2025-07-21,167,40,0,1,0,39
13734,2025-07-21,168,24,0,1,0,23
13735,2025-07-21,169,15,0,1,0,14
13736,2025-07-21,170,60,0,2,0,58
13737,2025-07-22,101,28,0,1,0,27
13738,2025-07-22,102,0,0,0,0,0
13739,2025-07-22,103,0,0,0,0,0
13740,2025-07-22,104,18,0,2,0,16
13741,2025-07-22,105,8,0,0,0,8
13742,2025-07-22,106,42,0,0,0,42
13743,2025-07-22,108,16,0,2,0,14
13744,2025-07-22,109,21,0,0,0,21
13745,2025-07-22,110,23,0,0,0,23
13746,2025-07-22,112,17,0,5,0,12
13747,2025-07-22,113,0,0,0,0,0
13748,2025-07-22,114,8,0,0,0,8
13749,2025-07-22,115,0,0,0,0,0
13750,2025-07-22,116,7,0,1,0,6
13751,2025-07-22,117,11,0,0,0,11
13752,2025-07-22,118,23,0,2,0,21
13753,2025-07-22,119,54,0,1,0,53
13754,2025-07-22,120,0,0,0,0,0
13755,2025-07-22,121,0,0,0,0,0
13756,2025-07-22,122,13,0,1,0,12
13757,2025-07-22,123,26,0,0,0,26
13758,2025-07-22,124,0,0,0,0,0
13759,2025-07-22,125,7,0,1,0,6
13760,2025-07-22,126,11,0,0,0,11
13761,2025-07-22,127,11,0,3,0,8
13762,2025-07-22,128,0,0,0,0,0
13763,2025-07-22,129,12,0,0,0,12
13764,2025-07-22,130,15,0,0,0,15
13765,2025-07-22,131,46,0,1,0,45
13766,2025-07-22,132,0,0,0,0,0
13767,2025-07-22,133,0,0,0,0,0
13768,2025-07-22,134,21,0,1,0,20
13769,2025-07-22,135,14,0,3,0,11
13770,2025-07-22,136,0,0,0,0,0
13771,2025-07-22,137,0,0,0,0,0
13772,2025-07-22,138,19,0,0,0,19
13773,2025-07-22,139,14,0,1,0,13
13774,2025-07-22,140,0,0,0,0,0
13775,2025-07-22,141,16,0,0,0,16
13776,2025-07-22,142,40,0,0,0,40
13777,2025-07-22,143,24,0,0,0,24
13778,2025-07-22,144,0,0,0,0,0
13779,2025-07-22,145,24,0,1,0,23
13780,2025-07-22,146,4,0,0,0,4
13781,2025-07-22,147,0,0,0,0,0
13782,2025-07-22,148,10,0,0,0,10
13783,2025-07-22,149,22,0,3,0,19
13784,2025-07-22,150,10,0,0,0,10
13785,2025-07-22,151,14,0,1,0,13
13786,2025-07-22,152,18,0,0,0,18
13787,2025-07-22,153,0,0,0,0,0
13788,2025-07-22,154,0,0,0,0,0
13789,2025-07-22,155,6,0,1,0,5
13790,2025-07-22,156,53,0,2,0,51
13791,2025-07-22,157,5,20,0,0,25
13792,2025-07-22,158,52,0,2,0,50
13793,2025-07-22,159,39,0,1,0,38
13794,2025-07-22,160,25,0,1,0,24
13795,2025-07-22,161,9,21,0,0,30
13796,2025-07-22,162,0,0,0,0,0
13797,2025-07-22,163,7,0,0,0,7
13798,2025-07-22,164,26,0,0,0,26
13799,2025-07-22,165,13,0,1,0,12
13800,2025-07-22,166,50,0,1,0,49
13801,2025-07-22,167,39,0,1,0,38
13802,2025-07-22,168,23,0,1,0,22
13803,2025-07-22,169,14,0,2,0,12
13804,2025-07-22,170,58,0,0,0,58
13805,2025-07-23,101,27,0,3,0,24
13806,2025-07-23,102,0,0,0,0,0
13807,2025-07-23,103,0,0,0,0,0
13808,2025-07-23,104,16,0,1,0,15
13809,2025-07-23,105,8,0,1,0,7
13810,2025-07-23,106,42,0,0,0,42
13811,2025-07-23,108,14,0,0,0,14
13812,2025-07-23,109,21,0,0,0,21
13813,2025-07-23,110,23,0,2,0,21
13814,2025-07-23,112,12,0,0,0,12
13815,2025-07-23,113,0,0,0,0,0
13816,2025-07-23,114,8,0,0,0,8
13817,2025-07-23,115,0,0,0,0,0
13818,2025-07-23,116,6,24,0,0,30
13819,2025-07-23,117,11,0,0,0,11
13820,2025-07-23,118,21,0,4,0,17
13821,2025-07-23,119,53,0,2,0,51
13822,2025-07-23,120,0,0,0,0,0
13823,2025-07-23,121,0,0,0,0,0
13824,2025-07-23,122,12,0,0,0,12
13825,2025-07-23,123,26,0,0,0,26
13826,2025-07-23,124,0,0,0,0,0
13827,2025-07-23,125,6,0,0,0,6
13828,2025-07-23,126,11,0,0,0,11
13829,2025-07-23,127,8,0,1,0,7
13830,2025-07-23,128,0,0,0,0,0
13831,2025-07-23,129,12,0,0,0,12
13832,2025-07-23,130,15,0,1,0,14
13833,2025-07-23,131,45,0,3,0,42
13834,2025-07-23,132,0,0,0,0,0
13835,2025-07-23,133,0,0,0,0,0
13836,2025-07-23,134,20,0,1,0,19
13837,2025-07-23,135,11,0,0,0,11
13838,2025-07-23,136,0,0,0,0,0
13839,2025-07-23,137,0,0,0,0,0
13840,2025-07-23,138,19,0,0,0,19
13841,2025-07-23,139,13,0,0,0,13
13842,2025-07-23,140,0,0,0,0,0
13843,2025-07-23,141,16,0,3,0,13
13844,2025-07-23,142,40,0,0,0,40
13845,2025-07-23,143,24,0,1,0,23
13846,2025-07-23,144,0,0,0,0,0
13847,2025-07-23,145,23,0,0,0,23
13848,2025-07-23,146,4,0,0,0,4
13849,2025-07-23,147,0,0,0,0,0
13850,2025-07-23,148,10,0,0,0,10
13851,2025-07-23,149,19,0,0,0,19
13852,2025-07-23,150,10,0,0,0,10
13853,2025-07-23,151,13,37,2,0,48
13854,2025-07-23,152,18,0,0,0,18
13855,2025-07-23,153,0,0,0,0,0
13856,2025-07-23,154,0,0,0,0,0
13857,2025-07-23,155,5,0,1,0,4
13858,2025-07-23,156,51,0,1,0,50
13859,2025-07-23,157,25,0,0,0,25
13860,2025-07-23,158,50,0,3,0,47
13861,2025-07-23,159,38,0,0,0,38
13862,2025-07-23,160,24,0,0,0,24
13863,2025-07-23,161,30,0,0,0,30
13864,2025-07-23,162,0,0,0,0,0
13865,2025-07-23,163,7,0,0,0,7
13866,2025-07-23,164,26,0,0,0,26
13867,2025-07-23,165,12,0,0,0,12
13868,2025-07-23,166,49,0,1,0,48
13869,2025-07-23,167,38,0,0,0,38
13870,2025-07-23,168,22,0,1,0,21
13871,2025-07-23,169,12,0,0,0,12
13872,2025-07-23,170,58,0,1,0,57
13873,2025-07-24,101,24,0,2,0,22
13874,2025-07-24,102,0,0,0,0,0
13875,2025-07-24,103,0,0,0,0,0
13876,2025-07-24,104,15,0,0,0,15
13877,2025-07-24,105,7,0,0,0,7
13878,2025-07-24,106,42,0,1,0,41
13879,2025-07-24,108,14,0,0,0,14
13880,2025-07-24,109,21,0,0,0,21
13881,2025-07-24,110,21,0,1,0,20
13882,2025-07-24,112,12,0,2,0,10
13883,2025-07-24,113,0,0,0,0,0
13884,2025-07-24,114,8,0,0,0,8
13885,2025-07-24,115,0,0,0,0,0
13886,2025-07-24,116,30,0,0,0,30
13887,2025-07-24,117,11,0,1,0,10
13888,2025-07-24,118,17,0,0,0,17
13889,2025-07-24,119,51,0,2,0,49
13890,2025-07-24,120,0,0,0,0,0
13891,2025-07-24,121,0,0,0,0,0
13892,2025-07-24,122,12,0,0,0,12
13893,2025-07-24,123,26,0,1,0,25
13894,2025-07-24,124,0,0,0,0,0
13895,2025-07-24,125,6,0,0,0,6
13896,2025-07-24,126,11,0,0,0,11
13897,2025-07-24,127,7,0,4,0,3
13898,2025-07-24,128,0,0,0,0,0
13899,2025-07-24,129,12,0,0,0,12
13900,2025-07-24,130,14,0,0,0,14
13901,2025-07-24,131,42,0,1,0,41
13902,2025-07-24,132,0,0,0,0,0
13903,2025-07-24,133,0,0,0,0,0
13904,2025-07-24,134,19,0,0,0,19
13905,2025-07-24,135,11,0,1,0,10
13906,2025-07-24,136,0,0,0,0,0
13907,2025-07-24,137,0,0,0,0,0
13908,2025-07-24,138,19,0,2,0,17
13909,2025-07-24,139,13,0,1,0,12
13910,2025-07-24,140,0,0,0,0,0
13911,2025-07-24,141,13,0,0,0,13
13912,2025-07-24,142,40,0,4,0,36
13913,2025-07-24,143,23,0,2,0,21
13914,2025-07-24,144,0,0,0,0,0
13915,2025-07-24,145,23,0,1,0,22
13916,2025-07-24,146,4,12,0,0,16
13917,2025-07-24,147,0,0,0,0,0
13918,2025-07-24,148,10,0,0,0,10
13919,2025-07-24,149,19,0,1,0,18
13920,2025-07-24,150,10,0,0,0,10
13921,2025-07-24,151,48,0,1,0,47
13922,2025-07-24,152,18,0,1,0,17
13923,2025-07-24,153,0,0,0,0,0
13924,2025-07-24,154,0,0,0,0,0
13925,2025-07-24,155,4,0,0,0,4
13926,2025-07-24,156,50,0,2,0,48
13927,2025-07-24,157,25,0,0,0,25
13928,2025-07-24,158,47,0,1,0,46
13929,2025-07-24,159,38,0,1,0,37
13930,2025-07-24,160,24,0,1,0,23
13931,2025-07-24,161,30,0,0,0,30
13932,2025-07-24,162,0,0,0,0,0
13933,2025-07-24,163,7,0,1,0,6
13934,2025-07-24,164,26,0,1,0,25
13935,2025-07-24,165,12,0,0,0,12
13936,2025-07-24,166,48,0,1,0,47
13937,2025-07-24,167,38,0,0,0,38
13938,2025-07-24,168,21,0,1,0,20
13939,2025-07-24,169,12,0,0,0,12
13940,2025-07-24,170,57,0,3,0,54
13941,2025-07-25,101,22,0,1,0,21
13942,2025-07-25,102,0,0,0,0,0
13943,2025-07-25,103,0,0,0,0,0
13944,2025-07-25,104,15,0,1,0,14
13945,2025-07-25,105,7,0,1,0,6
13946,2025-07-25,106,41,0,1,0,40
13947,2025-07-25,108,14,0,0,0,14
13948,2025-07-25,109,21,0,0,0,21
13949,2025-07-25,110,20,0,0,0,20
13950,2025-07-25,112,10,0,0,0,10
13951,2025-07-25,113,0,0,0,0,0
13952,2025-07-25,114,8,0,0,0,8
13953,2025-07-25,115,0,0,0,0,0
13954,2025-07-25,116,30,0,3,0,27
13955,2025-07-25,117,10,0,0,0,10
13956,2025-07-25,118,17,0,0,0,17
13957,2025-07-25,119,49,0,1,0,48
13958,2025-07-25,120,0,0,0,0,0
13959,2025-07-25,121,0,0,0,0,0
13960,2025-07-25,122,12,0,0,0,12
13961,2025-07-25,123,25,0,0,0,25
13962,2025-07-25,124,0,0,0,0,0
13963,2025-07-25,125,6,0,1,0,5
13964,2025-07-25,126,11,0,0,0,11
13965,2025-07-25,127,3,0,0,0,3
13966,2025-07-25,128,0,0,0,0,0
13967,2025-07-25,129,12,0,0,0,12
13968,2025-07-25,130,14,0,0,0,14
13969,2025-07-25,131,41,0,2,0,39
13970,2025-07-25,132,0,0,0,0,0
13971,2025-07-25,133,0,0,0,0,0
13972,2025-07-25,134,19,0,1,0,18
13973,2025-07-25,135,10,0,0,0,10
13974,2025-07-25,136,0,0,0,0,0
13975,2025-07-25,137,0,0,0,0,0
13976,2025-07-25,138,17,0,0,0,17
13977,2025-07-25,139,12,0,0,0,12
13978,2025-07-25,140,0,0,0,0,0
13979,2025-07-25,141,13,0,0,0,13
13980,2025-07-25,142,36,0,1,0,35
13981,2025-07-25,143,21,0,1,0,20
13982,2025-07-25,144,0,0,0,0,0
13983,2025-07-25,145,22,0,0,0,22
13984,2025-07-25,146,16,0,0,0,16
13985,2025-07-25,147,0,0,0,0,0
13986,2025-07-25,148,10,0,0,0,10
13987,2025-07-25,149,18,0,0,0,18
13988,2025-07-25,150,10,0,0,0,10
13989,2025-07-25,151,47,0,0,0,47
13990,2025-07-25,152,17,0,2,0,15
13991,2025-07-25,153,0,0,0,0,0
13992,2025-07-25,154,0,0,0,0,0
13993,2025-07-25,155,4,0,0,0,4
13994,2025-07-25,156,48,0,0,0,48
13995,2025-07-25,157,25,0,0,0,25
13996,2025-07-25,158,46,0,0,0,46
13997,2025-07-25,159,37,0,2,0,35
13998,2025-07-25,160,23,0,0,0,23
13999,2025-07-25,161,30,0,1,0,29
14000,2025-07-25,162,0,0,0,0,0
14001,2025-07-25,163,6,0,0,0,6
14002,2025-07-25,164,25,0,1,0,24
14003,2025-07-25,165,12,0,0,0,12
14004,2025-07-25,166,47,0,2,0,45
14005,2025-07-25,167,38,0,0,0,38
14006,2025-07-25,168,20,0,1,0,19
14007,2025-07-25,169,12,0,0,0,12
14008,2025-07-25,170,54,0,2,0,52
14009,2025-07-26,101,21,0,2,0,19
14010,2025-07-26,102,0,0,0,0,0
14011,2025-07-26,103,0,0,0,0,0
14012,2025-07-26,104,14,0,0,0,14
14013,2025-07-26,105,6,18,0,0,24
14014,2025-07-26,106,40,0,0,0,40
14015,2025-07-26,108,14,0,0,0,14
14016,2025-07-26,109,21,0,0,0,21
14017,2025-07-26,110,20,0,1,0,19
14018,2025-07-26,112,10,44,3,0,51
14019,2025-07-26,113,0,0,0,0,0
14020,2025-07-26,114,8,0,0,0,8
14021,2025-07-26,115,0,0,0,0,0
14022,2025-07-26,116,27,0,0,0,27
14023,2025-07-26,117,10,0,1,0,9
14024,2025-07-26,118,17,44,0,0,61
14025,2025-07-26,119,48,0,1,0,47
14026,2025-07-26,120,0,0,0,0,0
14027,2025-07-26,121,0,0,0,0,0
14028,2025-07-26,122,12,0,1,0,11
14029,2025-07-26,123,25,0,0,0,25
14030,2025-07-26,124,0,0,0,0,0
14031,2025-07-26,125,5,0,0,0,5
14032,2025-07-26,126,11,0,0,0,11
14033,2025-07-26,127,3,0,0,0,3
14034,2025-07-26,128,0,0,0,0,0
14035,2025-07-26,129,12,0,0,0,12
14036,2025-07-26,130,14,0,0,0,14
14037,2025-07-26,131,39,0,0,0,39
14038,2025-07-26,132,0,0,0,0,0
14039,2025-07-26,133,0,0,0,0,0
14040,2025-07-26,134,18,0,0,0,18
14041,2025-07-26,135,10,0,2,0,8
14042,2025-07-26,136,0,0,0,0,0
14043,2025-07-26,137,0,0,0,0,0
14044,2025-07-26,138,17,0,0,0,17
14045,2025-07-26,139,12,0,1,0,11
14046,2025-07-26,140,0,0,0,0,0
14047,2025-07-26,141,13,0,0,0,13
14048,2025-07-26,142,35,0,0,0,35
14049,2025-07-26,143,20,0,0,0,20
14050,2025-07-26,144,0,0,0,0,0
14051,2025-07-26,145,22,0,0,0,22
14052,2025-07-26,146,16,0,0,0,16
14053,2025-07-26,147,0,0,0,0,0
14054,2025-07-26,148,10,0,0,0,10
14055,2025-07-26,149,18,0,0,0,18
14056,2025-07-26,150,10,0,0,0,10
14057,2025-07-26,151,47,0,3,0,44
14058,2025-07-26,152,15,0,2,0,13
14059,2025-07-26,153,0,0,0,0,0
14060,2025-07-26,154,0,0,0,0,0
14061,2025-07-26,155,4,0,1,0,3
14062,2025-07-26,156,48,0,1,0,47
14063,2025-07-26,157,25,0,0,0,25
14064,2025-07-26,158,46,0,3,0,43
14065,2025-07-26,159,35,0,0,0,35
14066,2025-07-26,160,23,0,0,0,23
14067,2025-07-26,161,29,0,1,0,28
14068,2025-07-26,162,0,0,0,0,0
14069,2025-07-26,163,6,0,1,0,5
14070,2025-07-26,164,24,0,0,0,24
14071,2025-07-26,165,12,0,0,0,12
14072,2025-07-26,166,45,0,2,0,43
14073,2025-07-26,167,38,0,3,0,35
14074,2025-07-26,168,19,0,0,0,19
14075,2025-07-26,169,12,0,0,0,12
14076,2025-07-26,170,52,0,1,0,51
14077,2025-07-27,101,19,0,0,0,19
14078,2025-07-27,102,0,0,0,0,0
14079,2025-07-27,103,0,0,0,0,0
14080,2025-07-27,104,14,0,0,0,14
14081,2025-07-27,105,24,0,1,0,23
14082,2025-07-27,106,40,0,1,0,39
14083,2025-07-27,108,14,0,0,0,14
14084,2025-07-27,109,21,0,0,0,21
14085,2025-07-27,110,19,0,1,0,18
14086,2025-07-27,112,51,0,1,0,50
14087,2025-07-27,113,0,0,0,0,0
14088,2025-07-27,114,8,0,0,0,8
14089,2025-07-27,115,0,0,0,0,0
14090,2025-07-27,116,27,0,0,-2,25
14091,2025-07-27,117,9,0,1,0,8
14092,2025-07-27,118,61,0,1,0,60
14093,2025-07-27,119,47,0,0,0,47
14094,2025-07-27,120,0,0,0,0,0
14095,2025-07-27,121,0,0,0,0,0
14096,2025-07-27,122,11,0,0,0,11
14097,2025-07-27,123,25,0,0,0,25
14098,2025-07-27,124,0,0,0,0,0
14099,2025-07-27,125,5,0,0,0,5
14100,2025-07-27,126,11,0,0,0,11
14101,2025-07-27,127,3,0,1,0,2
14102,2025-07-27,128,0,0,0,0,0
14103,2025-07-27,129,12,0,0,0,12
14104,2025-07-27,130,14,0,0,0,14
14105,2025-07-27,131,39,0,1,0,38
14106,2025-07-27,132,0,0,0,0,0
14107,2025-07-27,133,0,0,0,0,0
14108,2025-07-27,134,18,0,0,0,18
14109,2025-07-27,135,8,0,0,0,8
14110,2025-07-27,136,0,0,0,0,0
14111,2025-07-27,137,0,0,0,0,0
14112,2025-07-27,138,17,0,1,0,16
14113,2025-07-27,139,11,0,0,0,11
14114,2025-07-27,140,0,0,0,0,0
14115,2025-07-27,141,13,0,1,0,12
14116,2025-07-27,142,35,0,1,0,34
14117,2025-07-27,143,20,0,1,0,19
14118,2025-07-27,144,0,0,0,0,0
14119,2025-07-27,145,22,0,0,0,22
14120,2025-07-27,146,16,0,0,0,16
14121,2025-07-27,147,0,0,0,0,0
14122,2025-07-27,148,10,0,0,0,10
14123,2025-07-27,149,18,0,0,0,18
14124,2025-07-27,150,10,0,0,0,10
14125,2025-07-27,151,44,0,2,0,42
14126,2025-07-27,152,13,0,0,0,13
14127,2025-07-27,153,0,0,0,0,0
14128,2025-07-27,154,0,0,0,0,0
14129,2025-07-27,155,3,0,0,0,3
14130,2025-07-27,156,47,0,2,0,45
14131,2025-07-27,157,25,0,1,0,24
14132,2025-07-27,158,43,0,2,0,41
14133,2025-07-27,159,35,0,2,0,33
14134,2025-07-27,160,23,0,0,0,23
14135,2025-07-27,161,28,0,1,0,27
14136,2025-07-27,162,0,0,0,0,0
14137,2025-07-27,163,5,0,0,0,5
14138,2025-07-27,164,24,0,1,0,23
14139,2025-07-27,165,12,0,0,0,12
14140,2025-07-27,166,43,0,0,0,43
14141,2025-07-27,167,35,0,1,0,34
14142,2025-07-27,168,19,0,0,0,19
14143,2025-07-27,169,12,0,0,0,12
14144,2025-07-27,170,51,0,2,0,49
14145,2025-07-28,101,19,0,4,0,15
14146,2025-07-28,102,0,0,0,0,0
14147,2025-07-28,103,0,0,0,0,0
14148,2025-07-28,104,14,0,1,0,13
14149,2025-07-28,105,23,0,1,0,22
14150,2025-07-28,106,39,0,2,0,37
14151,2025-07-28,108,14,0,0,0,14
14152,2025-07-28,109,21,0,1,0,20
14153,2025-07-28,110,18,0,2,0,16
14154,2025-07-28,112,50,0,2,0,48
14155,2025-07-28,113,0,0,0,0,0
14156,2025-07-28,114,8,0,1,0,7
14157,2025-07-28,115,0,0,0,0,0
14158,2025-07-28,116,25,0,0,0,25
14159,2025-07-28,117,8,0,1,0,7
14160,2025-07-28,118,60,0,2,0,58
14161,2025-07-28,119,47,0,2,0,45
14162,2025-07-28,120,0,0,0,0,0
14163,2025-07-28,121,0,0,0,0,0
14164,2025-07-28,122,11,0,0,0,11
14165,2025-07-28,123,25,0,1,0,24
14166,2025-07-28,124,0,0,0,0,0
14167,2025-07-28,125,5,0,0,0,5
14168,2025-07-28,126,11,0,0,0,11
14169,2025-07-28,127,2,0,0,0,2
14170,2025-07-28,128,0,0,0,0,0
14171,2025-07-28,129,12,0,0,0,12
14172,2025-07-28,130,14,0,0,0,14
14173,2025-07-28,131,38,0,5,0,33
14174,2025-07-28,132,0,0,0,0,0
14175,2025-07-28,133,0,0,0,0,0
14176,2025-07-28,134,18,0,2,0,16
14177,2025-07-28,135,8,0,0,0,8
14178,2025-07-28,136,0,0,0,0,0
14179,2025-07-28,137,0,0,0,0,0
14180,2025-07-28,138,16,0,1,0,15
14181,2025-07-28,139,11,0,1,0,10
14182,2025-07-28,140,0,0,0,0,0
14183,2025-07-28,141,12,0,1,0,11
14184,2025-07-28,142,34,0,2,0,32
14185,2025-07-28,143,19,0,0,0,19
14186,2025-07-28,144,0,0,0,0,0
14187,2025-07-28,145,22,0,0,0,22
14188,2025-07-28,146,16,0,0,0,16
14189,2025-07-28,147,0,0,0,0,0
14190,2025-07-28,148,10,0,0,0,10
14191,2025-07-28,149,18,0,0,0,18
14192,2025-07-28,150,10,0,0,0,10
14193,2025-07-28,151,42,0,1,0,41
14194,2025-07-28,152,13,0,0,0,13
14195,2025-07-28,153,0,0,0,0,0
14196,2025-07-28,154,0,0,0,0,0
14197,2025-07-28,155,3,0,1,0,2
14198,2025-07-28,156,45,0,0,0,45
14199,2025-07-28,157,24,0,2,0,22
14200,2025-07-28,158,41,0,1,0,40
14201,2025-07-28,159,33,0,1,0,32
14202,2025-07-28,160,23,0,0,0,23
14203,2025-07-28,161,27,0,2,0,25
14204,2025-07-28,162,0,0,0,0,0
14205,2025-07-28,163,5,0,0,0,5
14206,2025-07-28,164,23,0,1,0,22
14207,2025-07-28,165,12,0,0,0,12
14208,2025-07-28,166,43,0,1,0,42
14209,2025-07-28,167,34,0,2,0,32
14210,2025-07-28,168,19,0,1,0,18
14211,2025-07-28,169,12,0,0,0,12
14212,2025-07-28,170,49,0,2,0,47
14213,2025-07-29,101,15,0,0,0,15
14214,2025-07-29,102,0,0,0,0,0
14215,2025-07-29,103,0,0,0,0,0
14216,2025-07-29,104,13,0,0,0,13
14217,2025-07-29,105,22,0,2,0,20
14218,2025-07-29,106,37,0,2,0,35
14219,2025-07-29,108,14,0,0,0,14
14220,2025-07-29,109,20,0,2,0,18
14221,2025-07-29,110,16,0,1,0,15
14222,2025-07-29,112,48,0,1,0,47
14223,2025-07-29,113,0,0,0,0,0
14224,2025-07-29,114,7,0,0,0,7
14225,2025-07-29,115,0,0,0,0,0
14226,2025-07-29,116,25,0,0,0,25
14227,2025-07-29,117,7,0,0,0,7
14228,2025-07-29,118,58,0,1,0,57
14229,2025-07-29,119,45,0,0,0,45
14230,2025-07-29,120,0,0,0,0,0
14231,2025-07-29,121,0,0,0,0,0
14232,2025-07-29,122,11,0,0,0,11
14233,2025-07-29,123,24,0,0,0,24
14234,2025-07-29,124,0,0,0,0,0
14235,2025-07-29,125,5,0,0,0,5
14236,2025-07-29,126,11,0,1,0,10
14237,2025-07-29,127,2,20,2,0,20
14238,2025-07-29,128,0,0,0,0,0
14239,2025-07-29,129,12,0,0,0,12
14240,2025-07-29,130,14,0,0,0,14
14241,2025-07-29,131,33,0,3,0,30
14242,2025-07-29,132,0,0,0,0,0
14243,2025-07-29,133,0,0,0,0,0
14244,2025-07-29,134,16,0,1,0,15
14245,2025-07-29,135,8,0,0,0,8
14246,2025-07-29,136,0,0,0,0,0
14247,2025-07-29,137,0,0,0,0,0
14248,2025-07-29,138,15,0,1,0,14
14249,2025-07-29,139,10,0,1,0,9
14250,2025-07-29,140,0,0,0,0,0
14251,2025-07-29,141,11,0,1,0,10
14252,2025-07-29,142,32,0,2,0,30
14253,2025-07-29,143,19,0,0,0,19
14254,2025-07-29,144,0,0,0,0,0
14255,2025-07-29,145,22,0,1,0,21
14256,2025-07-29,146,16,0,0,0,16
14257,2025-07-29,147,0,0,0,0,0
14258,2025-07-29,148,10,0,0,0,10
14259,2025-07-29,149,18,0,1,0,17
14260,2025-07-29,150,10,0,0,0,10
14261,2025-07-29,151,41,0,0,0,41
14262,2025-07-29,152,13,0,0,0,13
14263,2025-07-29,153,0,0,0,0,0
14264,2025-07-29,154,0,0,0,0,0
14265,2025-07-29,155,2,0,0,0,2
14266,2025-07-29,156,45,0,1,0,44
14267,2025-07-29,157,22,0,1,0,21
14268,2025-07-29,158,40,0,3,0,37
14269,2025-07-29,159,32,0,2,0,30
14270,2025-07-29,160,23,0,2,0,21
14271,2025-07-29,161,25,0,0,0,25
14272,2025-07-29,162,0,0,0,0,0
14273,2025-07-29,163,5,0,0,0,5
14274,2025-07-29,164,22,0,0,0,22
14275,2025-07-29,165,12,0,0,0,12
14276,2025-07-29,166,42,0,1,0,41
14277,2025-07-29,167,32,0,3,0,29
14278,2025-07-29,168,18,0,0,0,18
14279,2025-07-29,169,12,0,1,0,11
14280,2025-07-29,170,47,0,0,0,47
14281,2025-07-30,101,15,0,0,0,15
14282,2025-07-30,102,0,0,0,0,0
14283,2025-07-30,103,0,0,0,0,0
14284,2025-07-30,104,13,0,1,0,12
14285,2025-07-30,105,20,0,1,0,19
14286,2025-07-30,106,35,0,2,0,33
14287,2025-07-30,108,14,0,0,0,14
14288,2025-07-30,109,18,0,0,0,18
14289,2025-07-30,110,15,0,0,0,15
14290,2025-07-30,112,47,0,0,0,47
14291,2025-07-30,113,0,0,0,0,0
14292,2025-07-30,114,7,0,0,0,7
14293,2025-07-30,115,0,0,0,0,0
14294,2025-07-30,116,25,0,0,0,25
14295,2025-07-30,117,7,0,1,0,6
14296,2025-07-30,118,57,0,4,0,53
14297,2025-07-30,119,45,0,1,0,44
14298,2025-07-30,120,0,0,0,0,0
14299,2025-07-30,121,0,0,0,0,0
14300,2025-07-30,122,11,0,0,0,11
14301,2025-07-30,123,24,0,1,0,23
14302,2025-07-30,124,0,0,0,0,0
14303,2025-07-30,125,5,0,0,0,5
14304,2025-07-30,126,10,0,0,0,10
14305,2025-07-30,127,20,0,0,0,20
14306,2025-07-30,128,0,0,0,0,0
14307,2025-07-30,129,12,0,0,0,12
14308,2025-07-30,130,14,0,0,0,14
14309,2025-07-30,131,30,0,1,0,29
14310,2025-07-30,132,0,0,0,0,0
14311,2025-07-30,133,0,0,0,0,0
14312,2025-07-30,134,15,0,0,0,15
14313,2025-07-30,135,8,0,1,0,7
14314,2025-07-30,136,0,0,0,0,0
14315,2025-07-30,137,0,0,0,0,0
14316,2025-07-30,138,14,0,1,0,13
14317,2025-07-30,139,9,0,2,0,7
14318,2025-07-30,140,0,0,0,0,0
14319,2025-07-30,141,10,0,2,0,8
14320,2025-07-30,142,30,0,0,0,30
14321,2025-07-30,143,19,0,0,0,19
14322,2025-07-30,144,0,0,0,0,0
14323,2025-07-30,145,21,0,0,0,21
14324,2025-07-30,146,16,0,0,0,16
14325,2025-07-30,147,0,0,0,0,0
14326,2025-07-30,148,10,0,0,0,10
14327,2025-07-30,149,17,0,0,0,17
14328,2025-07-30,150,10,0,0,0,10
14329,2025-07-30,151,41,0,2,0,39
14330,2025-07-30,152,13,0,1,0,12
14331,2025-07-30,153,0,0,0,0,0
14332,2025-07-30,154,0,0,0,0,0
14333,2025-07-30,155,2,0,0,0,2
14334,2025-07-30,156,44,0,5,0,39
14335,2025-07-30,157,21,0,2,0,19
14336,2025-07-30,158,37,0,0,0,37
14337,2025-07-30,159,30,0,5,0,25
14338,2025-07-30,160,21,0,0,0,21
14339,2025-07-30,161,25,0,1,0,24
14340,2025-07-30,162,0,0,0,0,0
14341,2025-07-30,163,5,0,0,0,5
14342,2025-07-30,164,22,0,1,0,21
14343,2025-07-30,165,12,0,0,0,12
14344,2025-07-30,166,41,0,3,0,38
14345,2025-07-30,167,29,0,2,0,27
14346,2025-07-30,168,18,0,0,0,18
14347,2025-07-30,169,11,0,0,0,11
14348,2025-07-30,170,47,0,4,0,43
14349,2025-07-31,101,15,0,0,0,15
14350,2025-07-31,102,0,0,0,0,0
14351,2025-07-31,103,0,0,0,0,0
14352,2025-07-31,104,12,0,0,0,12
14353,2025-07-31,105,19,0,0,0,19
14354,2025-07-31,106,33,0,4,0,29
14355,2025-07-31,108,14,0,0,0,14
14356,2025-07-31,109,18,0,0,0,18
14357,2025-07-31,110,15,0,2,0,13
14358,2025-07-31,112,47,0,2,0,45
14359,2025-07-31,113,0,0,0,0,0
14360,2025-07-31,114,7,0,0,0,7
14361,2025-07-31,115,0,0,0,0,0
14362,2025-07-31,116,25,0,1,0,24
14363,2025-07-31,117,6,20,1,0,25
14364,2025-07-31,118,53,0,2,0,51
14365,2025-07-31,119,44,0,0,0,44
14366,2025-07-31,120,0,0,0,0,0
14367,2025-07-31,121,0,0,0,0,0
14368,2025-07-31,122,11,0,0,0,11
14369,2025-07-31,123,23,0,4,0,19
14370,2025-07-31,124,0,0,0,0,0
14371,2025-07-31,125,5,0,1,0,4
14372,2025-07-31,126,10,0,0,0,10
14373,2025-07-31,127,20,0,2,0,18
14374,2025-07-31,128,0,0,0,0,0
14375,2025-07-31,129,12,0,0,0,12
14376,2025-07-31,130,14,0,0,0,14
14377,2025-07-31,131,29,0,3,0,26
14378,2025-07-31,132,0,0,0,0,0
14379,2025-07-31,133,0,0,0,0,0
14380,2025-07-31,134,15,0,1,0,14
14381,2025-07-31,135,7,21,1,0,27
14382,2025-07-31,136,0,0,0,0,0
14383,2025-07-31,137,0,0,0,0,0
14384,2025-07-31,138,13,0,0,0,13
14385,2025-07-31,139,7,0,1,0,6
14386,2025-07-31,140,0,0,0,0,0
14387,2025-07-31,141,8,0,0,0,8
14388,2025-07-31,142,30,0,0,0,30
14389,2025-07-31,143,19,0,3,0,16
14390,2025-07-31,144,0,0,0,0,0
14391,2025-07-31,145,21,0,2,0,19
14392,2025-07-31,146,16,0,0,0,16
14393,2025-07-31,147,0,0,0,0,0
14394,2025-07-31,148,10,0,1,0,9
14395,2025-07-31,149,17,0,0,0,17
14396,2025-07-31,150,10,0,0,0,10
14397,2025-07-31,151,39,0,0,0,39
14398,2025-07-31,152,12,0,2,0,10
14399,2025-07-31,153,0,0,0,0,0
14400,2025-07-31,154,0,0,0,0,0
14401,2025-07-31,155,2,6,0,0,8
14402,2025-07-31,156,39,0,2,0,37
14403,2025-07-31,157,19,0,1,0,18
14404,2025-07-31,158,37,0,2,0,35
14405,2025-07-31,159,25,0,1,0,24
14406,2025-07-31,160,21,0,0,0,21
14407,2025-07-31,161,24,0,1,0,23
14408,2025-07-31,162,0,0,0,0,0
14409,2025-07-31,163,5,0,1,0,4
14410,2025-07-31,164,21,0,4,0,17
14411,2025-07-31,165,12,0,0,0,12
14412,2025-07-31,166,38,0,3,0,35
14413,2025-07-31,167,27,0,1,0,26
14414,2025-07-31,168,18,0,1,0,17
14415,2025-07-31,169,11,0,1,0,10
14416,2025-07-31,170,43,0,2,0,41
14417,2025-08-01,101,15,0,0,0,15
14418,2025-08-01,102,0,0,0,0,0
14419,2025-08-01,103,0,0,0,0,0
14420,2025-08-01,104,12,0,0,0,12
14421,2025-08-01,105,19,0,0,0,19
14422,2025-08-01,106,29,0,1,0,28
14423,2025-08-01,108,14,0,0,0,14
14424,2025-08-01,109,18,0,0,0,18
14425,2025-08-01,110,13,39,2,0,50
14426,2025-08-01,112,45,0,0,0,45
14427,2025-08-01,113,0,0,0,0,0
14428,2025-08-01,114,7,0,0,0,7
14429,2025-08-01,115,0,0,0,0,0
14430,2025-08-01,116,24,0,0,0,24
14431,2025-08-01,117,25,0,1,-3,21
14432,2025-08-01,118,51,0,0,0,51
14433,2025-08-01,119,44,0,1,0,43
14434,2025-08-01,120,0,0,0,0,0
14435,2025-08-01,121,0,0,0,0,0
14436,2025-08-01,122,11,0,0,0,11
14437,2025-08-01,123,19,0,0,0,19
14438,2025-08-01,124,0,0,0,0,0
14439,2025-08-01,125,4,0,0,0,4
14440,2025-08-01,126,10,0,0,0,10
14441,2025-08-01,127,18,0,0,0,18
14442,2025-08-01,128,0,0,0,0,0
14443,2025-08-01,129,12,0,0,0,12
14444,2025-08-01,130,14,0,0,0,14
14445,2025-08-01,131,26,0,2,0,24
14446,2025-08-01,132,0,0,0,0,0
14447,2025-08-01,133,0,0,0,0,0
14448,2025-08-01,134,14,0,1,0,13
14449,2025-08-01,135,27,0,0,0,27
14450,2025-08-01,136,0,0,0,0,0
14451,2025-08-01,137,0,0,0,0,0
14452,2025-08-01,138,13,0,1,0,12
14453,2025-08-01,139,6,0,0,0,6
14454,2025-08-01,140,0,0,0,0,0
14455,2025-08-01,141,8,24,0,0,32
14456,2025-08-01,142,30,0,0,0,30
14457,2025-08-01,143,16,0,4,0,12
14458,2025-08-01,144,0,0,0,0,0
14459,2025-08-01,145,19,0,0,0,19
14460,2025-08-01,146,16,0,1,0,15
14461,2025-08-01,147,0,0,0,0,0
14462,2025-08-01,148,9,0,0,0,9
14463,2025-08-01,149,17,0,1,0,16
14464,2025-08-01,150,10,0,0,0,10
14465,2025-08-01,151,39,0,1,0,38
14466,2025-08-01,152,10,0,0,0,10
14467,2025-08-01,153,0,0,0,0,0
14468,2025-08-01,154,0,0,0,0,0
14469,2025-08-01,155,8,0,0,0,8
14470,2025-08-01,156,37,0,1,0,36
14471,2025-08-01,157,18,0,0,-3,15
14472,2025-08-01,158,35,0,0,0,35
14473,2025-08-01,159,24,0,0,0,24
14474,2025-08-01,160,21,0,0,0,21
14475,2025-08-01,161,23,0,1,0,22
14476,2025-08-01,162,0,0,0,0,0
14477,2025-08-01,163,4,0,0,0,4
14478,2025-08-01,164,17,0,0,0,17
14479,2025-08-01,165,12,0,0,0,12
14480,2025-08-01,166,35,0,4,0,31
14481,2025-08-01,167,26,0,1,0,25
14482,2025-08-01,168,17,0,0,0,17
14483,2025-08-01,169,10,0,0,0,10
14484,2025-08-01,170,41,0,0,0,41
14485,2025-08-02,101,15,0,0,0,15
14486,2025-08-02,102,0,0,0,0,0
14487,2025-08-02,103,0,0,0,0,0
14488,2025-08-02,104,12,0,0,0,12
14489,2025-08-02,105,19,0,1,0,18
14490,2025-08-02,106,28,0,0,0,28
14491,2025-08-02,108,14,0,1,0,13
14492,2025-08-02,109,18,0,1,0,17
14493,2025-08-02,110,50,0,1,0,49
14494,2025-08-02,112,45,0,2,0,43
14495,2025-08-02,113,0,0,0,0,0
14496,2025-08-02,114,7,0,1,0,6
14497,2025-08-02,115,0,0,0,0,0
14498,2025-08-02,116,24,0,2,0,22
14499,2025-08-02,117,21,0,1,0,20
14500,2025-08-02,118,51,0,0,0,51
14501,2025-08-02,119,43,0,2,0,41
14502,2025-08-02,120,0,0,0,0,0
14503,2025-08-02,121,0,0,0,0,0
14504,2025-08-02,122,11,0,0,0,11
14505,2025-08-02,123,19,0,1,0,18
14506,2025-08-02,124,0,0,0,0,0
14507,2025-08-02,125,4,0,0,0,4
14508,2025-08-02,126,10,0,0,0,10
14509,2025-08-02,127,18,0,0,0,18
14510,2025-08-02,128,0,0,0,0,0
14511,2025-08-02,129,12,0,0,0,12
14512,2025-08-02,130,14,0,0,0,14
14513,2025-08-02,131,24,0,1,0,23
14514,2025-08-02,132,0,0,0,0,0
14515,2025-08-02,133,0,0,0,0,0
14516,2025-08-02,134,13,0,1,0,12
14517,2025-08-02,135,27,0,0,0,27
14518,2025-08-02,136,0,0,0,0,0
14519,2025-08-02,137,0,0,0,0,0
14520,2025-08-02,138,12,0,2,0,10
14521,2025-08-02,139,6,0,0,0,6
14522,2025-08-02,140,0,0,0,0,0
14523,2025-08-02,141,32,0,0,0,32
14524,2025-08-02,142,30,0,2,0,28
14525,2025-08-02,143,12,0,1,0,11
14526,2025-08-02,144,0,0,0,0,0
14527,2025-08-02,145,19,0,0,0,19
14528,2025-08-02,146,15,0,0,0,15
14529,2025-08-02,147,0,0,0,0,0
14530,2025-08-02,148,9,0,0,0,9
14531,2025-08-02,149,16,0,0,0,16
14532,2025-08-02,150,10,0,0,0,10
14533,2025-08-02,151,38,0,1,0,37
14534,2025-08-02,152,10,0,1,0,9
14535,2025-08-02,153,0,0,0,0,0
14536,2025-08-02,154,0,0,0,0,0
14537,2025-08-02,155,8,0,0,0,8
14538,2025-08-02,156,36,0,0,0,36
14539,2025-08-02,157,15,0,0,0,15
14540,2025-08-02,158,35,0,3,0,32
14541,2025-08-02,159,24,0,3,0,21
14542,2025-08-02,160,21,0,0,0,21
14543,2025-08-02,161,22,0,1,0,21
14544,2025-08-02,162,0,0,0,0,0
14545,2025-08-02,163,4,11,0,0,15
14546,2025-08-02,164,17,0,0,0,17
14547,2025-08-02,165,12,0,0,0,12
14548,2025-08-02,166,31,0,2,0,29
14549,2025-08-02,167,25,0,0,0,25
14550,2025-08-02,168,17,0,0,0,17
14551,2025-08-02,169,10,0,0,0,10
14552,2025-08-02,170,41,0,1,0,40
14553,2025-08-03,101,15,0,1,0,14
14554,2025-08-03,102,0,0,0,0,0
14555,2025-08-03,103,0,0,0,0,0
14556,2025-08-03,104,12,0,0,0,12
14557,2025-08-03,105,18,0,1,0,17
14558,2025-08-03,106,28,0,2,0,26
14559,2025-08-03,108,13,0,0,0,13
14560,2025-08-03,109,17,0,1,0,16
14561,2025-08-03,110,49,0,0,0,49
14562,2025-08-03,112,43,0,2,0,41
14563,2025-08-03,113,0,0,0,0,0
14564,2025-08-03,114,6,0,0,0,6
14565,2025-08-03,115,0,0,0,0,0
14566,2025-08-03,116,22,0,0,0,22
14567,2025-08-03,117,20,0,0,0,20
14568,2025-08-03,118,51,0,1,0,50
14569,2025-08-03,119,41,0,4,0,37
14570,2025-08-03,120,0,0,0,0,0
14571,2025-08-03,121,0,0,0,0,0
14572,2025-08-03,122,11,0,0,0,11
14573,2025-08-03,123,18,0,0,0,18
14574,2025-08-03,124,0,0,0,0,0
14575,2025-08-03,125,4,0,0,0,4
14576,2025-08-03,126,10,0,0,0,10
14577,2025-08-03,127,18,0,0,0,18
14578,2025-08-03,128,0,0,0,0,0
14579,2025-08-03,129,12,0,0,0,12
14580,2025-08-03,130,14,0,1,0,13
14581,2025-08-03,131,23,0,1,0,22
14582,2025-08-03,132,0,0,0,0,0
14583,2025-08-03,133,0,0,0,0,0
14584,2025-08-03,134,12,0,0,0,12
14585,2025-08-03,135,27,0,1,0,26
14586,2025-08-03,136,0,0,0,0,0
14587,2025-08-03,137,0,0,0,0,0
14588,2025-08-03,138,10,0,0,0,10
14589,2025-08-03,139,6,0,0,0,6
14590,2025-08-03,140,0,0,0,0,0
14591,2025-08-03,141,32,0,1,0,31
14592,2025-08-03,142,28,0,2,0,26
14593,2025-08-03,143,11,45,2,-1,53
14594,2025-08-03,144,0,0,0,0,0
14595,2025-08-03,145,19,0,1,0,18
14596,2025-08-03,146,15,0,0,0,15
14597,2025-08-03,147,0,0,0,0,0
14598,2025-08-03,148,9,0,1,0,8
14599,2025-08-03,149,16,0,0,0,16
14600,2025-08-03,150,10,0,0,0,10
14601,2025-08-03,151,37,0,2,-3,32
14602,2025-08-03,152,9,0,1,0,8
14603,2025-08-03,153,0,0,0,0,0
14604,2025-08-03,154,0,0,0,0,0
14605,2025-08-03,155,8,0,0,0,8
14606,2025-08-03,156,36,0,0,0,36
14607,2025-08-03,157,15,0,0,0,15
14608,2025-08-03,158,32,0,0,0,32
14609,2025-08-03,159,21,0,1,0,20
14610,2025-08-03,160,21,0,1,0,20
14611,2025-08-03,161,21,0,0,0,21
14612,2025-08-03,162,0,0,0,0,0
14613,2025-08-03,163,15,0,0,0,15
14614,2025-08-03,164,17,0,0,0,17
14615,2025-08-03,165,12,0,0,0,12
14616,2025-08-03,166,29,0,0,-3,26
14617,2025-08-03,167,25,0,1,0,24
14618,2025-08-03,168,17,0,1,0,16
14619,2025-08-03,169,10,0,0,0,10
14620,2025-08-03,170,40,0,2,0,38
14621,2025-08-04,101,14,0,0,0,14
14622,2025-08-04,102,0,0,0,0,0
14623,2025-08-04,103,0,0,0,0,0
14624,2025-08-04,104,12,0,2,0,10
14625,2025-08-04,105,17,0,1,0,16
14626,2025-08-04,106,26,0,2,0,24
14627,2025-08-04,108,13,0,0,0,13
14628,2025-08-04,109,16,0,1,0,15
14629,2025-08-04,110,49,0,3,0,46
14630,2025-08-04,112,41,0,1,0,40
14631,2025-08-04,113,0,0,0,0,0
14632,2025-08-04,114,6,0,0,0,6
14633,2025-08-04,115,0,0,0,0,0
14634,2025-08-04,116,22,0,1,0,21
14635,2025-08-04,117,20,0,1,0,19
14636,2025-08-04,118,50,0,2,0,48
14637,2025-08-04,119,37,0,3,0,34
14638,2025-08-04,120,0,0,0,0,0
14639,2025-08-04,121,0,0,0,0,0
14640,2025-08-04,122,11,0,1,0,10
14641,2025-08-04,123,18,0,0,0,18
14642,2025-08-04,124,0,0,0,0,0
14643,2025-08-04,125,4,0,0,0,4
14644,2025-08-04,126,10,0,0,0,10
14645,2025-08-04,127,18,0,0,0,18
14646,2025-08-04,128,0,0,0,0,0
14647,2025-08-04,129,12,0,0,0,12
14648,2025-08-04,130,13,0,0,0,13
14649,2025-08-04,131,22,0,5,0,17
14650,2025-08-04,132,0,0,0,0,0
14651,2025-08-04,133,0,0,0,0,0
14652,2025-08-04,134,12,0,2,0,10
14653,2025-08-04,135,26,0,1,0,25
14654,2025-08-04,136,0,0,0,0,0
14655,2025-08-04,137,0,0,0,0,0
14656,2025-08-04,138,10,0,1,0,9
14657,2025-08-04,139,6,0,0,0,6
14658,2025-08-04,140,0,0,0,0,0
14659,2025-08-04,141,31,0,0,0,31
14660,2025-08-04,142,26,0,2,0,24
14661,2025-08-04,143,53,0,1,0,52
14662,2025-08-04,144,0,0,0,0,0
14663,2025-08-04,145,18,0,0,0,18
14664,2025-08-04,146,15,0,0,0,15
14665,2025-08-04,147,0,0,0,0,0
14666,2025-08-04,148,8,0,0,0,8
14667,2025-08-04,149,16,0,1,0,15
14668,2025-08-04,150,10,0,0,0,10
14669,2025-08-04,151,32,0,0,0,32
14670,2025-08-04,152,8,0,0,0,8
14671,2025-08-04,153,0,0,0,0,0
14672,2025-08-04,154,0,0,0,0,0
14673,2025-08-04,155,8,0,0,0,8
14674,2025-08-04,156,36,0,0,0,36
14675,2025-08-04,157,15,0,1,0,14
14676,2025-08-04,158,32,0,2,0,30
14677,2025-08-04,159,20,0,5,0,15
14678,2025-08-04,160,20,0,0,0,20
14679,2025-08-04,161,21,0,0,0,21
14680,2025-08-04,162,0,0,0,0,0
14681,2025-08-04,163,15,0,2,0,13
14682,2025-08-04,164,17,0,1,0,16
14683,2025-08-04,165,12,0,1,0,11
14684,2025-08-04,166,26,0,1,0,25
14685,2025-08-04,167,24,0,2,0,22
14686,2025-08-04,168,16,0,0,0,16
14687,2025-08-04,169,10,0,0,0,10
14688,2025-08-04,170,38,0,5,0,33
14689,2025-08-05,101,14,0,0,0,14
14690,2025-08-05,102,0,0,0,0,0
14691,2025-08-05,103,0,0,0,0,0
14692,2025-08-05,104,10,0,0,0,10
14693,2025-08-05,105,16,0,0,0,16
14694,2025-08-05,106,24,0,0,0,24
14695,2025-08-05,108,13,0,0,0,13
14696,2025-08-05,109,15,0,0,0,15
14697,2025-08-05,110,46,0,2,0,44
14698,2025-08-05,112,40,0,0,0,40
14699,2025-08-05,113,0,0,0,0,0
14700,2025-08-05,114,6,0,0,0,6
14701,2025-08-05,115,0,0,0,0,0
14702,2025-08-05,116,21,0,1,0,20
14703,2025-08-05,117,19,0,2,0,17
14704,2025-08-05,118,48,0,1,0,47
14705,2025-08-05,119,34,0,0,0,34
14706,2025-08-05,120,0,0,0,0,0
14707,2025-08-05,121,0,0,0,0,0
14708,2025-08-05,122,10,0,0,0,10
14709,2025-08-05,123,18,0,1,0,17
14710,2025-08-05,124,0,0,0,0,0
14711,2025-08-05,125,4,0,0,0,4
14712,2025-08-05,126,10,0,0,0,10
14713,2025-08-05,127,18,0,2,0,16
14714,2025-08-05,128,0,0,0,0,0
14715,2025-08-05,129,12,0,1,0,11
14716,2025-08-05,130,13,0,0,0,13
14717,2025-08-05,131,17,0,1,0,16
14718,2025-08-05,132,0,0,0,0,0
14719,2025-08-05,133,0,0,0,0,0
14720,2025-08-05,134,10,0,1,0,9
14721,2025-08-05,135,25,0,0,0,25
14722,2025-08-05,136,0,0,0,0,0
14723,2025-08-05,137,0,0,0,0,0
14724,2025-08-05,138,9,0,0,0,9
14725,2025-08-05,139,6,0,1,0,5
14726,2025-08-05,140,0,0,0,0,0
14727,2025-08-05,141,31,0,0,0,31
14728,2025-08-05,142,24,0,3,0,21
14729,2025-08-05,143,52,0,0,0,52
14730,2025-08-05,144,0,0,0,0,0
14731,2025-08-05,145,18,0,1,0,17
14732,2025-08-05,146,15,0,0,0,15
14733,2025-08-05,147,0,0,0,0,0
14734,2025-08-05,148,8,0,0,0,8
14735,2025-08-05,149,15,0,1,0,14
14736,2025-08-05,150,10,0,1,0,9
14737,2025-08-05,151,32,0,2,0,30
14738,2025-08-05,152,8,0,1,0,7
14739,2025-08-05,153,0,0,0,0,0
14740,2025-08-05,154,0,0,0,0,0
14741,2025-08-05,155,8,0,0,0,8
14742,2025-08-05,156,36,0,3,0,33
14743,2025-08-05,157,14,0,0,0,14
14744,2025-08-05,158,30,0,2,0,28
14745,2025-08-05,159,15,0,1,0,14
14746,2025-08-05,160,20,0,1,0,19
14747,2025-08-05,161,21,0,1,0,20
14748,2025-08-05,162,0,0,0,0,0
14749,2025-08-05,163,13,0,0,0,13
14750,2025-08-05,164,16,0,2,0,14
14751,2025-08-05,165,11,0,0,0,11
14752,2025-08-05,166,25,0,1,0,24
14753,2025-08-05,167,22,0,1,0,21
14754,2025-08-05,168,16,0,0,0,16
14755,2025-08-05,169,10,0,0,0,10
14756,2025-08-05,170,33,0,0,0,33
14757,2025-08-06,101,14,0,0,0,14
14758,2025-08-06,102,0,0,0,0,0
14759,2025-08-06,103,0,0,0,0,0
14760,2025-08-06,104,10,0,0,0,10
14761,2025-08-06,105,16,0,0,0,16
14762,2025-08-06,106,24,0,2,0,22
14763,2025-08-06,108,13,0,0,0,13
14764,2025-08-06,109,15,0,0,0,15
14765,2025-08-06,110,44,0,0,0,44
14766,2025-08-06,112,40,0,2,0,38
14767,2025-08-06,113,0,0,0,0,0
14768,2025-08-06,114,6,0,0,0,6
14769,2025-08-06,115,0,0,0,0,0
14770,2025-08-06,116,20,0,1,0,19
14771,2025-08-06,117,17,0,0,0,17
14772,2025-08-06,118,47,0,2,0,45
14773,2025-08-06,119,34,0,0,0,34
14774,2025-08-06,120,0,0,0,0,0
14775,2025-08-06,121,0,0,0,0,0
14776,2025-08-06,122,10,0,1,0,9
14777,2025-08-06,123,17,0,1,0,16
14778,2025-08-06,124,0,0,0,0,0
14779,2025-08-06,125,4,0,0,0,4
14780,2025-08-06,126,10,0,0,0,10
14781,2025-08-06,127,16,0,0,0,16
14782,2025-08-06,128,0,0,0,0,0
14783,2025-08-06,129,11,0,0,0,11
14784,2025-08-06,130,13,0,0,0,13
14785,2025-08-06,131,16,0,5,0,11
14786,2025-08-06,132,0,0,0,0,0
14787,2025-08-06,133,0,0,0,0,0
14788,2025-08-06,134,9,0,1,0,8
14789,2025-08-06,135,25,0,1,0,24
14790,2025-08-06,136,0,0,0,0,0
14791,2025-08-06,137,0,0,0,0,0
14792,2025-08-06,138,9,0,0,0,9
14793,2025-08-06,139,5,0,1,0,4
14794,2025-08-06,140,0,0,0,0,0
14795,2025-08-06,141,31,0,0,0,31
14796,2025-08-06,142,21,0,0,0,21
14797,2025-08-06,143,52,0,1,0,51
14798,2025-08-06,144,0,0,0,0,0
14799,2025-08-06,145,17,0,0,0,17
14800,2025-08-06,146,15,0,0,0,15
14801,2025-08-06,147,0,0,0,0,0
14802,2025-08-06,148,8,0,0,0,8
14803,2025-08-06,149,14,0,1,0,13
14804,2025-08-06,150,9,0,0,0,9
14805,2025-08-06,151,30,0,1,0,29
14806,2025-08-06,152,7,0,2,0,5
14807,2025-08-06,153,0,0,0,0,0
14808,2025-08-06,154,0,0,0,0,0
14809,2025-08-06,155,8,0,0,0,8
14810,2025-08-06,156,33,0,6,0,27
14811,2025-08-06,157,14,0,0,0,14
14812,2025-08-06,158,28,0,0,0,28
14813,2025-08-06,159,14,0,0,0,14
14814,2025-08-06,160,19,0,0,0,19
14815,2025-08-06,161,20,0,0,0,20
14816,2025-08-06,162,0,0,0,0,0
14817,2025-08-06,163,13,0,0,0,13
14818,2025-08-06,164,14,0,0,0,14
14819,2025-08-06,165,11,0,0,0,11
14820,2025-08-06,166,24,0,0,0,24
14821,2025-08-06,167,21,0,1,0,20
14822,2025-08-06,168,16,0,0,0,16
14823,2025-08-06,169,10,0,0,0,10
14824,2025-08-06,170,33,0,1,0,32
14825,2025-08-07,101,14,0,0,0,14
14826,2025-08-07,102,0,0,0,0,0
14827,2025-08-07,103,0,0,0,0,0
14828,2025-08-07,104,10,0,0,0,10
14829,2025-08-07,105,16,0,1,0,15
14830,2025-08-07,106,22,0,0,0,22
14831,2025-08-07,108,13,0,0,0,13
14832,2025-08-07,109,15,0,0,0,15
14833,2025-08-07,110,44,0,2,0,42
14834,2025-08-07,112,38,0,2,0,36
14835,2025-08-07,113,0,0,0,0,0
14836,2025-08-07,114,6,0,1,0,5
14837,2025-08-07,115,0,0,0,0,0
14838,2025-08-07,116,19,0,0,0,19
14839,2025-08-07,117,17,0,2,0,15
14840,2025-08-07,118,45,0,1,0,44
14841,2025-08-07,119,34,0,0,0,34
14842,2025-08-07,120,0,0,0,0,0
14843,2025-08-07,121,0,0,0,0,0
14844,2025-08-07,122,9,0,0,0,9
14845,2025-08-07,123,16,0,0,0,16
14846,2025-08-07,124,0,0,0,0,0
14847,2025-08-07,125,4,0,0,0,4
14848,2025-08-07,126,10,0,0,0,10
14849,2025-08-07,127,16,0,1,0,15
14850,2025-08-07,128,0,0,0,0,0
14851,2025-08-07,129,11,0,0,0,11
14852,2025-08-07,130,13,0,0,0,13
14853,2025-08-07,131,11,51,1,0,61
14854,2025-08-07,132,0,0,0,0,0
14855,2025-08-07,133,0,0,0,0,0
14856,2025-08-07,134,8,0,2,0,6
14857,2025-08-07,135,24,0,1,0,23
14858,2025-08-07,136,0,0,0,0,0
14859,2025-08-07,137,0,0,0,0,0
14860,2025-08-07,138,9,0,1,0,8
14861,2025-08-07,139,4,21,0,0,25
14862,2025-08-07,140,0,0,0,0,0
14863,2025-08-07,141,31,0,1,0,30
14864,2025-08-07,142,21,0,2,0,19
14865,2025-08-07,143,51,0,4,0,47
14866,2025-08-07,144,0,0,0,0,0
14867,2025-08-07,145,17,0,0,0,17
14868,2025-08-07,146,15,0,0,0,15
14869,2025-08-07,147,0,0,0,0,0
14870,2025-08-07,148,8,0,0,0,8
14871,2025-08-07,149,13,0,1,0,12
14872,2025-08-07,150,9,0,0,0,9
14873,2025-08-07,151,29,0,0,0,29
14874,2025-08-07,152,5,0,1,0,4
14875,2025-08-07,153,0,0,0,0,0
14876,2025-08-07,154,0,0,0,0,0
14877,2025-08-07,155,8,0,1,0,7
14878,2025-08-07,156,27,0,3,0,24
14879,2025-08-07,157,14,0,0,0,14
14880,2025-08-07,158,28,0,2,0,26
14881,2025-08-07,159,14,0,3,0,11
14882,2025-08-07,160,19,0,3,0,16
14883,2025-08-07,161,20,0,0,0,20
14884,2025-08-07,162,0,0,0,0,0
14885,2025-08-07,163,13,0,0,0,13
14886,2025-08-07,164,14,0,1,0,13
14887,2025-08-07,165,11,0,0,0,11
14888,2025-08-07,166,24,0,2,0,22
14889,2025-08-07,167,20,0,1,0,19
14890,2025-08-07,168,16,0,1,0,15
14891,2025-08-07,169,10,0,0,0,10
14892,2025-08-07,170,32,0,1,0,31
14893,2025-08-08,101,14,0,0,0,14
14894,2025-08-08,102,0,0,0,0,0
14895,2025-08-08,103,0,0,0,0,0
14896,2025-08-08,104,10,0,1,0,9
14897,2025-08-08,105,15,0,1,0,14
14898,2025-08-08,106,22,0,1,0,21
14899,2025-08-08,108,13,0,0,0,13
14900,2025-08-08,109,15,0,0,0,15
14901,2025-08-08,110,42,0,0,0,42
14902,2025-08-08,112,36,0,2,0,34
14903,2025-08-08,113,0,0,0,0,0
14904,2025-08-08,114,5,0,1,0,4
14905,2025-08-08,115,0,0,0,0,0
14906,2025-08-08,116,19,0,1,0,18
14907,2025-08-08,117,15,0,0,0,15
14908,2025-08-08,118,44,0,0,0,44
14909,2025-08-08,119,34,0,0,0,34
14910,2025-08-08,120,0,0,0,0,0
14911,2025-08-08,121,0,0,0,0,0
14912,2025-08-08,122,9,0,1,0,8
14913,2025-08-08,123,16,0,1,0,15
14914,2025-08-08,124,0,0,0,0,0
14915,2025-08-08,125,4,0,0,0,4
14916,2025-08-08,126,10,0,0,0,10
14917,2025-08-08,127,15,0,0,0,15
14918,2025-08-08,128,0,0,0,0,0
14919,2025-08-08,129,11,0,0,0,11
14920,2025-08-08,130,13,0,0,0,13
14921,2025-08-08,131,61,0,0,0,61
14922,2025-08-08,132,0,0,0,0,0
14923,2025-08-08,133,0,0,0,0,0
14924,2025-08-08,134,6,0,0,0,6
14925,2025-08-08,135,23,0,0,0,23
14926,2025-08-08,136,0,0,0,0,0
14927,2025-08-08,137,0,0,0,0,0
14928,2025-08-08,138,8,0,0,0,8
14929,2025-08-08,139,25,0,0,0,25
14930,2025-08-08,140,0,0,0,0,0
14931,2025-08-08,141,30,0,0,0,30
14932,2025-08-08,142,19,0,1,0,18
14933,2025-08-08,143,47,0,1,0,46
14934,2025-08-08,144,0,0,0,0,0
14935,2025-08-08,145,17,0,0,0,17
14936,2025-08-08,146,15,0,0,0,15
14937,2025-08-08,147,0,0,0,0,0
14938,2025-08-08,148,8,0,1,0,7
14939,2025-08-08,149,12,0,1,0,11
14940,2025-08-08,150,9,0,1,0,8
14941,2025-08-08,151,29,0,1,0,28
14942,2025-08-08,152,4,19,0,0,23
14943,2025-08-08,153,0,0,0,0,0
14944,2025-08-08,154,0,0,0,0,0
14945,2025-08-08,155,7,0,0,0,7
14946,2025-08-08,156,24,0,1,0,23
14947,2025-08-08,157,14,0,0,0,14
14948,2025-08-08,158,26,0,0,0,26
14949,2025-08-08,159,11,0,1,0,10
14950,2025-08-08,160,16,0,0,0,16
14951,2025-08-08,161,20,0,0,0,20
14952,2025-08-08,162,0,0,0,0,0
14953,2025-08-08,163,13,0,1,0,12
14954,2025-08-08,164,13,0,0,0,13
14955,2025-08-08,165,11,0,0,0,11
14956,2025-08-08,166,22,0,3,0,19
14957,2025-08-08,167,19,0,2,0,17
14958,2025-08-08,168,15,0,0,0,15
14959,2025-08-08,169,10,0,0,0,10
14960,2025-08-08,170,31,0,2,0,29
14961,2025-08-09,101,14,0,0,0,14
14962,2025-08-09,102,0,0,0,0,0
14963,2025-08-09,103,0,0,0,0,0
14964,2025-08-09,104,9,0,2,0,7
14965,2025-08-09,105,14,0,0,0,14
14966,2025-08-09,106,21,0,0,0,21
14967,2025-08-09,108,13,0,0,0,13
14968,2025-08-09,109,15,0,0,0,15
14969,2025-08-09,110,42,0,1,0,41
14970,2025-08-09,112,34,0,1,0,33
14971,2025-08-09,113,0,0,0,0,0
14972,2025-08-09,114,4,0,0,0,4
14973,2025-08-09,115,0,0,0,0,0
14974,2025-08-09,116,18,0,1,0,17
14975,2025-08-09,117,15,0,1,0,14
14976,2025-08-09,118,44,0,1,0,43
14977,2025-08-09,119,34,0,1,0,33
14978,2025-08-09,120,0,0,0,0,0
14979,2025-08-09,121,0,0,0,0,0
14980,2025-08-09,122,8,0,0,0,8
14981,2025-08-09,123,15,0,0,0,15
14982,2025-08-09,124,0,0,0,0,0
14983,2025-08-09,125,4,0,0,0,4
14984,2025-08-09,126,10,0,0,0,10
14985,2025-08-09,127,15,0,0,0,15
14986,2025-08-09,128,0,0,0,0,0
14987,2025-08-09,129,11,0,0,0,11
14988,2025-08-09,130,13,0,0,0,13
14989,2025-08-09,131,61,0,1,0,60
14990,2025-08-09,132,0,0,0,0,0
14991,2025-08-09,133,0,0,0,0,0
14992,2025-08-09,134,6,0,0,0,6
14993,2025-08-09,135,23,0,2,0,21
14994,2025-08-09,136,0,0,0,0,0
14995,2025-08-09,137,0,0,0,0,0
14996,2025-08-09,138,8,0,0,0,8
14997,2025-08-09,139,25,0,0,0,25
14998,2025-08-09,140,0,0,0,0,0
14999,2025-08-09,141,30,0,0,0,30
15000,2025-08-09,142,18,0,1,0,17
15001,2025-08-09,143,46,0,0,0,46
15002,2025-08-09,144,0,0,0,0,0
15003,2025-08-09,145,17,0,0,0,17
15004,2025-08-09,146,15,0,0,0,15
15005,2025-08-09,147,0,0,0,0,0
15006,2025-08-09,148,7,0,1,0,6
15007,2025-08-09,149,11,0,0,0,11
15008,2025-08-09,150,8,0,1,0,7
15009,2025-08-09,151,28,0,0,0,28
15010,2025-08-09,152,23,0,0,0,23
15011,2025-08-09,153,0,0,0,0,0
15012,2025-08-09,154,0,0,0,0,0
15013,2025-08-09,155,7,0,0,0,7
15014,2025-08-09,156,23,0,0,0,23
15015,2025-08-09,157,14,0,0,0,14
15016,2025-08-09,158,26,0,2,0,24
15017,2025-08-09,159,10,44,3,0,51
15018,2025-08-09,160,16,0,0,0,16
15019,2025-08-09,161,20,0,0,0,20
15020,2025-08-09,162,0,0,0,0,0
15021,2025-08-09,163,12,0,1,0,11
15022,2025-08-09,164,13,0,1,0,12
15023,2025-08-09,165,11,0,0,0,11
15024,2025-08-09,166,19,0,4,0,15
15025,2025-08-09,167,17,0,3,0,14
15026,2025-08-09,168,15,0,1,0,14
15027,2025-08-09,169,10,0,0,0,10
15028,2025-08-09,170,29,0,1,0,28
15029,2025-08-10,101,14,0,0,0,14
15030,2025-08-10,102,0,0,0,0,0
15031,2025-08-10,103,0,0,0,0,0
15032,2025-08-10,104,7,0,0,0,7
15033,2025-08-10,105,14,0,1,0,13
15034,2025-08-10,106,21,0,0,0,21
15035,2025-08-10,108,13,0,1,0,12
15036,2025-08-10,109,15,0,1,0,14
15037,2025-08-10,110,41,0,0,0,41
15038,2025-08-10,112,33,0,0,0,33
15039,2025-08-10,113,0,0,0,0,0
15040,2025-08-10,114,4,0,0,0,4
15041,2025-08-10,115,0,0,0,0,0
15042,2025-08-10,116,17,0,0,0,17
15043,2025-08-10,117,14,0,0,0,14
15044,2025-08-10,118,43,0,2,0,41
15045,2025-08-10,119,33,0,1,0,32
15046,2025-08-10,120,0,0,0,0,0
15047,2025-08-10,121,0,0,0,0,0
15048,2025-08-10,122,8,0,0,0,8
15049,2025-08-10,123,15,0,0,0,15
15050,2025-08-10,124,0,0,0,0,0
15051,2025-08-10,125,4,0,0,0,4
15052,2025-08-10,126,10,0,0,0,10
15053,2025-08-10,127,15,0,0,0,15
15054,2025-08-10,128,0,0,0,0,0
15055,2025-08-10,129,11,0,0,0,11
15056,2025-08-10,130,13,0,0,0,13
15057,2025-08-10,131,60,0,2,0,58
15058,2025-08-10,132,0,0,0,0,0
15059,2025-08-10,133,0,0,0,0,0
15060,2025-08-10,134,6,20,0,0,26
15061,2025-08-10,135,21,0,0,0,21
15062,2025-08-10,136,0,0,0,0,0
15063,2025-08-10,137,0,0,0,0,0
15064,2025-08-10,138,8,0,1,0,7
15065,2025-08-10,139,25,0,0,0,25
15066,2025-08-10,140,0,0,0,0,0
15067,2025-08-10,141,30,0,0,0,30
15068,2025-08-10,142,17,45,0,0,62
15069,2025-08-10,143,46,0,0,0,46
15070,2025-08-10,144,0,0,0,0,0
15071,2025-08-10,145,17,0,0,0,17
15072,2025-08-10,146,15,0,0,0,15
15073,2025-08-10,147,0,0,0,0,0
15074,2025-08-10,148,6,0,0,0,6
15075,2025-08-10,149,11,0,0,0,11
15076,2025-08-10,150,7,0,0,0,7
15077,2025-08-10,151,28,0,1,0,27
15078,2025-08-10,152,23,0,1,0,22
15079,2025-08-10,153,0,0,0,0,0
15080,2025-08-10,154,0,0,0,0,0
15081,2025-08-10,155,7,0,0,0,7
15082,2025-08-10,156,23,0,3,0,20
15083,2025-08-10,157,14,0,2,0,12
15084,2025-08-10,158,24,0,2,0,22
15085,2025-08-10,159,51,0,1,0,50
15086,2025-08-10,160,16,0,1,0,15
15087,2025-08-10,161,20,0,0,0,20
15088,2025-08-10,162,0,0,0,0,0
15089,2025-08-10,163,11,0,0,0,11
15090,2025-08-10,164,12,0,0,0,12
15091,2025-08-10,165,11,0,0,0,11
15092,2025-08-10,166,15,0,1,0,14
15093,2025-08-10,167,14,0,0,0,14
15094,2025-08-10,168,14,0,0,0,14
15095,2025-08-10,169,10,0,0,0,10
15096,2025-08-10,170,28,0,1,0,27
15097,2025-08-11,101,14,0,1,0,13
15098,2025-08-11,102,0,0,0,0,0
15099,2025-08-11,103,0,0,0,0,0
15100,2025-08-11,104,7,22,1,0,28
15101,2025-08-11,105,13,0,1,0,12
15102,2025-08-11,106,21,0,1,0,20
15103,2025-08-11,108,12,0,0,0,12
15104,2025-08-11,109,14,0,1,0,13
15105,2025-08-11,110,41,0,1,0,40
15106,2025-08-11,112,33,0,0,0,33
15107,2025-08-11,113,0,0,0,0,0
15108,2025-08-11,114,4,10,0,0,14
15109,2025-08-11,115,0,0,0,0,0
15110,2025-08-11,116,17,0,0,0,17
15111,2025-08-11,117,14,0,1,0,13
15112,2025-08-11,118,41,0,0,0,41
15113,2025-08-11,119,32,0,2,0,30
15114,2025-08-11,120,0,0,0,0,0
15115,2025-08-11,121,0,0,0,0,0
15116,2025-08-11,122,8,0,0,0,8
15117,2025-08-11,123,15,0,0,0,15
15118,2025-08-11,124,0,0,0,0,0
15119,2025-08-11,125,4,0,0,0,4
15120,2025-08-11,126,10,0,0,0,10
15121,2025-08-11,127,15,0,2,0,13
15122,2025-08-11,128,0,0,0,0,0
15123,2025-08-11,129,11,0,0,0,11
15124,2025-08-11,130,13,0,0,0,13
15125,2025-08-11,131,58,0,4,0,54
15126,2025-08-11,132,0,0,0,0,0
15127,2025-08-11,133,0,0,0,0,0
15128,2025-08-11,134,26,0,0,0,26
15129,2025-08-11,135,21,0,0,0,21
15130,2025-08-11,136,0,0,0,0,0
15131,2025-08-11,137,0,0,0,0,0
15132,2025-08-11,138,7,0,0,0,7
15133,2025-08-11,139,25,0,0,0,25
15134,2025-08-11,140,0,0,0,0,0
15135,2025-08-11,141,30,0,1,0,29
15136,2025-08-11,142,62,0,0,0,62
15137,2025-08-11,143,46,0,2,0,44
15138,2025-08-11,144,0,0,0,0,0
15139,2025-08-11,145,17,0,4,0,13
15140,2025-08-11,146,15,0,0,0,15
15141,2025-08-11,147,0,0,0,0,0
15142,2025-08-11,148,6,0,0,0,6
15143,2025-08-11,149,11,0,0,0,11
15144,2025-08-11,150,7,0,0,0,7
15145,2025-08-11,151,27,0,1,0,26
15146,2025-08-11,152,22,0,0,0,22
15147,2025-08-11,153,0,0,0,0,0
15148,2025-08-11,154,0,0,0,0,0
15149,2025-08-11,155,7,0,0,0,7
15150,2025-08-11,156,20,0,2,0,18
15151,2025-08-11,157,12,0,0,0,12
15152,2025-08-11,158,22,0,1,0,21
15153,2025-08-11,159,50,0,1,0,49
15154,2025-08-11,160,15,0,0,0,15
15155,2025-08-11,161,20,0,0,0,20
15156,2025-08-11,162,0,0,0,0,0
15157,2025-08-11,163,11,0,1,0,10
15158,2025-08-11,164,12,0,2,0,10
15159,2025-08-11,165,11,0,0,0,11
15160,2025-08-11,166,14,40,2,0,52
15161,2025-08-11,167,14,0,3,0,11
15162,2025-08-11,168,14,0,0,0,14
15163,2025-08-11,169,10,0,0,0,10
15164,2025-08-11,170,27,0,1,0,26
15165,2025-08-12,101,13,0,1,0,12
15166,2025-08-12,102,0,0,0,0,0
15167,2025-08-12,103,0,0,0,0,0
15168,2025-08-12,104,28,0,1,0,27
15169,2025-08-12,105,12,0,0,0,12
15170,2025-08-12,106,20,0,2,0,18
15171,2025-08-12,108,12,0,1,0,11
15172,2025-08-12,109,13,0,0,0,13
15173,2025-08-12,110,40,0,0,0,40
15174,2025-08-12,112,33,0,0,0,33
15175,2025-08-12,113,0,0,0,0,0
15176,2025-08-12,114,14,0,0,0,14
15177,2025-08-12,115,0,0,0,0,0
15178,2025-08-12,116,17,0,0,0,17
15179,2025-08-12,117,13,0,0,0,13
15180,2025-08-12,118,41,0,1,0,40
15181,2025-08-12,119,30,0,0,0,30
15182,2025-08-12,120,0,0,0,0,0
15183,2025-08-12,121,0,0,0,0,0
15184,2025-08-12,122,8,0,0,0,8
15185,2025-08-12,123,15,0,0,0,15
15186,2025-08-12,124,0,0,0,0,0
15187,2025-08-12,125,4,0,0,0,4
15188,2025-08-12,126,10,0,0,0,10
15189,2025-08-12,127,13,0,1,0,12
15190,2025-08-12,128,0,0,0,0,0
15191,2025-08-12,129,11,0,0,0,11
15192,2025-08-12,130,13,0,1,0,12
15193,2025-08-12,131,54,0,0,0,54
15194,2025-08-12,132,0,0,0,0,0
15195,2025-08-12,133,0,0,0,0,0
15196,2025-08-12,134,26,0,0,0,26
15197,2025-08-12,135,21,0,0,0,21
15198,2025-08-12,136,0,0,0,0,0
15199,2025-08-12,137,0,0,0,0,0
15200,2025-08-12,138,7,0,1,0,6
15201,2025-08-12,139,25,0,0,0,25
15202,2025-08-12,140,0,0,0,0,0
15203,2025-08-12,141,29,0,0,0,29
15204,2025-08-12,142,62,0,0,0,62
15205,2025-08-12,143,44,0,0,0,44
15206,2025-08-12,144,0,0,0,0,0
15207,2025-08-12,145,13,0,0,0,13
15208,2025-08-12,146,15,0,0,0,15
15209,2025-08-12,147,0,0,0,0,0
15210,2025-08-12,148,6,0,0,0,6
15211,2025-08-12,149,11,0,0,0,11
15212,2025-08-12,150,7,0,0,0,7
15213,2025-08-12,151,26,0,0,0,26
15214,2025-08-12,152,22,0,0,0,22
15215,2025-08-12,153,0,0,0,0,0
15216,2025-08-12,154,0,0,0,0,0
15217,2025-08-12,155,7,0,0,0,7
15218,2025-08-12,156,18,0,0,0,18
15219,2025-08-12,157,12,0,0,0,12
15220,2025-08-12,158,21,0,2,0,19
15221,2025-08-12,159,49,0,4,0,45
15222,2025-08-12,160,15,0,0,0,15
15223,2025-08-12,161,20,0,1,0,19
15224,2025-08-12,162,0,0,0,0,0
15225,2025-08-12,163,10,0,0,0,10
15226,2025-08-12,164,10,0,0,0,10
15227,2025-08-12,165,11,0,0,0,11
15228,2025-08-12,166,52,0,1,0,51
15229,2025-08-12,167,11,0,0,0,11
15230,2025-08-12,168,14,0,1,0,13
15231,2025-08-12,169,10,0,0,0,10
15232,2025-08-12,170,26,0,0,0,26
15233,2025-08-13,101,12,0,2,0,10
15234,2025-08-13,102,0,0,0,0,0
15235,2025-08-13,103,0,0,0,0,0
15236,2025-08-13,104,27,0,1,0,26
15237,2025-08-13,105,12,0,3,0,9
15238,2025-08-13,106,18,0,1,0,17
15239,2025-08-13,108,11,0,0,0,11
15240,2025-08-13,109,13,0,1,0,12
15241,2025-08-13,110,40,0,1,0,39
15242,2025-08-13,112,33,0,0,0,33
15243,2025-08-13,113,0,0,0,0,0
15244,2025-08-13,114,14,0,0,0,14
15245,2025-08-13,115,0,0,0,0,0
15246,2025-08-13,116,17,0,0,0,17
15247,2025-08-13,117,13,0,0,0,13
15248,2025-08-13,118,40,0,2,0,38
15249,2025-08-13,119,30,0,1,0,29
15250,2025-08-13,120,0,0,0,0,0
15251,2025-08-13,121,0,0,0,0,0
15252,2025-08-13,122,8,0,0,0,8
15253,2025-08-13,123,15,0,1,0,14
15254,2025-08-13,124,0,0,0,0,0
15255,2025-08-13,125,4,0,0,0,4
15256,2025-08-13,126,10,0,0,0,10
15257,2025-08-13,127,12,0,0,0,12
15258,2025-08-13,128,0,0,0,0,0
15259,2025-08-13,129,11,0,0,0,11
15260,2025-08-13,130,12,0,0,0,12
15261,2025-08-13,131,54,0,2,0,52
15262,2025-08-13,132,0,0,0,0,0
15263,2025-08-13,133,0,0,0,0,0
15264,2025-08-13,134,26,0,2,0,24
15265,2025-08-13,135,21,0,1,0,20
15266,2025-08-13,136,0,0,0,0,0
15267,2025-08-13,137,0,0,0,0,0
15268,2025-08-13,138,6,0,1,0,5
15269,2025-08-13,139,25,0,1,0,24
15270,2025-08-13,140,0,0,0,0,0
15271,2025-08-13,141,29,0,2,0,27
15272,2025-08-13,142,62,0,4,0,58
15273,2025-08-13,143,44,0,1,0,43
15274,2025-08-13,144,0,0,0,0,0
15275,2025-08-13,145,13,0,1,0,12
15276,2025-08-13,146,15,0,0,0,15
15277,2025-08-13,147,0,0,0,0,0
15278,2025-08-13,148,6,0,0,0,6
15279,2025-08-13,149,11,0,2,0,9
15280,2025-08-13,150,7,0,0,0,7
15281,2025-08-13,151,26,0,2,0,24
15282,2025-08-13,152,22,0,0,0,22
15283,2025-08-13,153,0,0,0,0,0
15284,2025-08-13,154,0,0,0,0,0
15285,2025-08-13,155,7,0,0,0,7
15286,2025-08-13,156,18,0,1,0,17
15287,2025-08-13,157,12,0,0,0,12
15288,2025-08-13,158,19,0,3,0,16
15289,2025-08-13,159,45,0,2,0,43
15290,2025-08-13,160,15,0,1,0,14
15291,2025-08-13,161,19,0,0,0,19
15292,2025-08-13,162,0,0,0,0,0
15293,2025-08-13,163,10,0,0,0,10
15294,2025-08-13,164,10,0,0,0,10
15295,2025-08-13,165,11,0,0,0,11
15296,2025-08-13,166,51,0,0,0,51
15297,2025-08-13,167,11,42,1,0,52
15298,2025-08-13,168,13,0,1,0,12
15299,2025-08-13,169,10,0,0,0,10
15300,2025-08-13,170,26,0,0,0,26
15301,2025-08-14,101,10,0,1,0,9
15302,2025-08-14,102,0,0,0,0,0
15303,2025-08-14,103,0,0,0,0,0
15304,2025-08-14,104,26,0,0,0,26
15305,2025-08-14,105,9,0,0,0,9
15306,2025-08-14,106,17,0,2,0,15
15307,2025-08-14,108,11,0,1,0,10
15308,2025-08-14,109,12,0,0,0,12
15309,2025-08-14,110,39,0,0,0,39
15310,2025-08-14,112,33,0,0,0,33
15311,2025-08-14,113,0,0,0,0,0
15312,2025-08-14,114,14,0,0,0,14
15313,2025-08-14,115,0,0,0,0,0
15314,2025-08-14,116,17,0,1,0,16
15315,2025-08-14,117,13,0,1,0,12
15316,2025-08-14,118,38,0,1,0,37
15317,2025-08-14,119,29,0,0,0,29
15318,2025-08-14,120,0,0,0,0,0
15319,2025-08-14,121,0,0,0,0,0
15320,2025-08-14,122,8,0,0,0,8
15321,2025-08-14,123,14,0,0,0,14
15322,2025-08-14,124,0,0,0,0,0
15323,2025-08-14,125,4,0,0,0,4
15324,2025-08-14,126,10,0,0,0,10
15325,2025-08-14,127,12,0,0,0,12
15326,2025-08-14,128,0,0,0,0,0
15327,2025-08-14,129,11,0,0,0,11
15328,2025-08-14,130,12,0,0,0,12
15329,2025-08-14,131,52,0,1,0,51
15330,2025-08-14,132,0,0,0,0,0
15331,2025-08-14,133,0,0,0,0,0
15332,2025-08-14,134,24,0,1,0,23
15333,2025-08-14,135,20,0,0,0,20
15334,2025-08-14,136,0,0,0,0,0
15335,2025-08-14,137,0,0,0,0,0
15336,2025-08-14,138,5,0,0,0,5
15337,2025-08-14,139,24,0,2,0,22
15338,2025-08-14,140,0,0,0,0,0
15339,2025-08-14,141,27,0,0,0,27
15340,2025-08-14,142,58,0,3,0,55
15341,2025-08-14,143,43,0,1,0,42
15342,2025-08-14,144,0,0,0,0,0
15343,2025-08-14,145,12,0,1,0,11
15344,2025-08-14,146,15,0,0,0,15
15345,2025-08-14,147,0,0,0,0,0
15346,2025-08-14,148,6,0,0,0,6
15347,2025-08-14,149,9,0,0,0,9
15348,2025-08-14,150,7,0,0,0,7
15349,2025-08-14,151,24,0,1,0,23
15350,2025-08-14,152,22,0,1,0,21
15351,2025-08-14,153,0,0,0,0,0
15352,2025-08-14,154,0,0,0,0,0
15353,2025-08-14,155,7,0,0,0,7
15354,2025-08-14,156,17,0,4,0,13
15355,2025-08-14,157,12,0,0,0,12
15356,2025-08-14,158,16,0,1,0,15
15357,2025-08-14,159,43,0,3,0,40
15358,2025-08-14,160,14,0,0,0,14
15359,2025-08-14,161,19,0,0,0,19
15360,2025-08-14,162,0,0,0,0,0
15361,2025-08-14,163,10,0,0,0,10
15362,2025-08-14,164,10,0,0,0,10
15363,2025-08-14,165,11,0,1,0,10
15364,2025-08-14,166,51,0,2,0,49
15365,2025-08-14,167,52,0,2,0,50
15366,2025-08-14,168,12,0,2,0,10
15367,2025-08-14,169,10,0,0,0,10
15368,2025-08-14,170,26,0,1,0,25
15369,2025-08-15,101,9,0,0,0,9
15370,2025-08-15,102,0,0,0,0,0
15371,2025-08-15,103,0,0,0,0,0
15372,2025-08-15,104,26,0,0,0,26
15373,2025-08-15,105,9,0,0,0,9
15374,2025-08-15,106,15,29,0,0,44
15375,2025-08-15,108,10,0,0,0,10
15376,2025-08-15,109,12,0,1,0,11
15377,2025-08-15,110,39,0,0,0,39
15378,2025-08-15,112,33,0,1,0,32
15379,2025-08-15,113,0,0,0,0,0
15380,2025-08-15,114,14,0,0,0,14
15381,2025-08-15,115,0,0,0,0,0
15382,2025-08-15,116,16,0,0,0,16
15383,2025-08-15,117,12,0,1,0,11
15384,2025-08-15,118,37,0,2,0,35
15385,2025-08-15,119,29,0,1,0,28
15386,2025-08-15,120,0,0,0,0,0
15387,2025-08-15,121,0,0,0,0,0
15388,2025-08-15,122,8,0,0,0,8
15389,2025-08-15,123,14,0,0,0,14
15390,2025-08-15,124,0,0,0,0,0
15391,2025-08-15,125,4,0,0,0,4
15392,2025-08-15,126,10,0,1,0,9
15393,2025-08-15,127,12,0,0,0,12
15394,2025-08-15,128,0,0,0,0,0
15395,2025-08-15,129,11,0,0,0,11
15396,2025-08-15,130,12,0,1,0,11
15397,2025-08-15,131,51,0,1,0,50
15398,2025-08-15,132,0,0,0,0,0
15399,2025-08-15,133,0,0,0,0,0
15400,2025-08-15,134,23,0,0,0,23
15401,2025-08-15,135,20,0,0,0,20
15402,2025-08-15,136,0,0,0,0,0
15403,2025-08-15,137,0,0,0,0,0
15404,2025-08-15,138,5,0,1,0,4
15405,2025-08-15,139,22,0,1,0,21
15406,2025-08-15,140,0,0,0,0,0
15407,2025-08-15,141,27,0,0,0,27
15408,2025-08-15,142,55,0,2,0,53
15409,2025-08-15,143,42,0,1,0,41
15410,2025-08-15,144,0,0,0,0,0
15411,2025-08-15,145,11,0,0,0,11
15412,2025-08-15,146,15,0,0,0,15
15413,2025-08-15,147,0,0,0,0,0
15414,2025-08-15,148,6,0,0,0,6
15415,2025-08-15,149,9,0,0,0,9
15416,2025-08-15,150,7,0,0,-3,4
15417,2025-08-15,151,23,0,0,0,23
15418,2025-08-15,152,21,0,0,0,21
15419,2025-08-15,153,0,0,0,0,0
15420,2025-08-15,154,0,0,0,0,0
15421,2025-08-15,155,7,0,1,0,6
15422,2025-08-15,156,13,0,1,0,12
15423,2025-08-15,157,12,0,0,0,12
15424,2025-08-15,158,15,0,0,0,15
15425,2025-08-15,159,40,0,2,0,38
15426,2025-08-15,160,14,0,0,0,14
15427,2025-08-15,161,19,0,1,0,18
15428,2025-08-15,162,0,0,0,0,0
15429,2025-08-15,163,10,0,0,0,10
15430,2025-08-15,164,10,0,0,0,10
15431,2025-08-15,165,10,0,0,0,10
15432,2025-08-15,166,49,0,1,0,48
15433,2025-08-15,167,50,0,0,0,50
15434,2025-08-15,168,10,0,0,0,10
15435,2025-08-15,169,10,0,0,0,10
15436,2025-08-15,170,25,0,0,0,25
15437,2025-08-16,101,9,21,0,0,30
15438,2025-08-16,102,0,0,0,0,0
15439,2025-08-16,103,0,0,0,0,0
15440,2025-08-16,104,26,0,1,0,25
15441,2025-08-16,105,9,0,0,0,9
15442,2025-08-16,106,44,0,2,0,42
15443,2025-08-16,108,10,0,0,0,10
15444,2025-08-16,109,11,0,0,0,11
15445,2025-08-16,110,39,0,3,0,36
15446,2025-08-16,112,32,0,1,0,31
15447,2025-08-16,113,0,0,0,0,0
15448,2025-08-16,114,14,0,0,0,14
15449,2025-08-16,115,0,0,0,0,0
15450,2025-08-16,116,16,0,1,0,15
15451,2025-08-16,117,11,0,0,0,11
15452,2025-08-16,118,35,0,1,0,34
15453,2025-08-16,119,28,0,0,0,28
15454,2025-08-16,120,0,0,0,0,0
15455,2025-08-16,121,0,0,0,0,0
15456,2025-08-16,122,8,0,0,0,8
15457,2025-08-16,123,14,0,0,0,14
15458,2025-08-16,124,0,0,0,0,0
15459,2025-08-16,125,4,0,0,0,4
15460,2025-08-16,126,9,0,0,0,9
15461,2025-08-16,127,12,0,0,0,12
15462,2025-08-16,128,0,0,0,0,0
15463,2025-08-16,129,11,0,1,0,10
15464,2025-08-16,130,11,0,0,0,11
15465,2025-08-16,131,50,0,0,0,50
15466,2025-08-16,132,0,0,0,0,0
15467,2025-08-16,133,0,0,0,0,0
15468,2025-08-16,134,23,0,0,0,23
15469,2025-08-16,135,20,0,0,0,20
15470,2025-08-16,136,0,0,0,0,0
15471,2025-08-16,137,0,0,0,0,0
15472,2025-08-16,138,4,19,0,0,23
15473,2025-08-16,139,21,0,1,0,20
15474,2025-08-16,140,0,0,0,0,0
15475,2025-08-16,141,27,0,0,0,27
15476,2025-08-16,142,53,0,3,0,50
15477,2025-08-16,143,41,0,0,0,41
15478,2025-08-16,144,0,0,0,0,0
15479,2025-08-16,145,11,0,0,0,11
15480,2025-08-16,146,15,0,1,0,14
15481,2025-08-16,147,0,0,0,0,0
15482,2025-08-16,148,6,0,0,0,6
15483,2025-08-16,149,9,0,0,0,9
15484,2025-08-16,150,4,0,0,0,4
15485,2025-08-16,151,23,0,0,0,23
15486,2025-08-16,152,21,0,0,0,21
15487,2025-08-16,153,0,0,0,0,0
15488,2025-08-16,154,0,0,0,0,0
15489,2025-08-16,155,6,0,0,0,6
15490,2025-08-16,156,12,0,0,0,12
15491,2025-08-16,157,12,0,0,0,12
15492,2025-08-16,158,15,0,0,0,15
15493,2025-08-16,159,38,0,0,0,38
15494,2025-08-16,160,14,0,0,0,14
15495,2025-08-16,161,18,0,1,0,17
15496,2025-08-16,162,0,0,0,0,0
15497,2025-08-16,163,10,0,1,0,9
15498,2025-08-16,164,10,0,0,0,10
15499,2025-08-16,165,10,0,0,-3,7
15500,2025-08-16,166,48,0,2,0,46
15501,2025-08-16,167,50,0,0,0,50
15502,2025-08-16,168,10,0,0,0,10
15503,2025-08-16,169,10,0,1,0,9
15504,2025-08-16,170,25,0,1,0,24
15505,2025-08-17,101,30,0,1,0,29
15506,2025-08-17,102,0,0,0,0,0
15507,2025-08-17,103,0,0,0,0,0
15508,2025-08-17,104,25,0,1,0,24
15509,2025-08-17,105,9,0,1,0,8
15510,2025-08-17,106,42,0,1,0,41
15511,2025-08-17,108,10,0,0,0,10
15512,2025-08-17,109,11,0,1,0,10
15513,2025-08-17,110,36,0,0,0,36
15514,2025-08-17,112,31,0,3,0,28
15515,2025-08-17,113,0,0,0,0,0
15516,2025-08-17,114,14,0,0,0,14
15517,2025-08-17,115,0,0,0,0,0
15518,2025-08-17,116,15,0,0,0,15
15519,2025-08-17,117,11,0,0,0,11
15520,2025-08-17,118,34,0,0,0,34
15521,2025-08-17,119,28,0,0,0,28
15522,2025-08-17,120,0,0,0,0,0
15523,2025-08-17,121,0,0,0,0,0
15524,2025-08-17,122,8,0,0,0,8
15525,2025-08-17,123,14,0,2,0,12
15526,2025-08-17,124,0,0,0,0,0
15527,2025-08-17,125,4,0,0,0,4
15528,2025-08-17,126,9,0,0,0,9
15529,2025-08-17,127,12,0,1,0,11
15530,2025-08-17,128,0,0,0,0,0
15531,2025-08-17,129,10,0,0,0,10
15532,2025-08-17,130,11,0,0,0,11
15533,2025-08-17,131,50,0,1,0,49
15534,2025-08-17,132,0,0,0,0,0
15535,2025-08-17,133,0,0,0,0,0
15536,2025-08-17,134,23,0,1,0,22
15537,2025-08-17,135,20,0,1,0,19
15538,2025-08-17,136,0,0,0,0,0
15539,2025-08-17,137,0,0,0,0,0
15540,2025-08-17,138,23,0,0,0,23
15541,2025-08-17,139,20,0,2,0,18
15542,2025-08-17,140,0,0,0,0,0
15543,2025-08-17,141,27,0,0,0,27
15544,2025-08-17,142,50,0,3,0,47
15545,2025-08-17,143,41,0,0,0,41
15546,2025-08-17,144,0,0,0,0,0
15547,2025-08-17,145,11,0,0,0,11
15548,2025-08-17,146,14,0,0,0,14
15549,2025-08-17,147,0,0,0,0,0
15550,2025-08-17,148,6,0,0,0,6
15551,2025-08-17,149,9,0,0,0,9
15552,2025-08-17,150,4,0,0,0,4
15553,2025-08-17,151,23,0,3,0,20
15554,2025-08-17,152,21,0,0,0,21
15555,2025-08-17,153,0,0,0,0,0
15556,2025-08-17,154,0,0,0,0,0
15557,2025-08-17,155,6,0,0,0,6
15558,2025-08-17,156,12,42,1,0,53
15559,2025-08-17,157,12,0,0,0,12
15560,2025-08-17,158,15,41,1,0,55
15561,2025-08-17,159,38,0,2,0,36
15562,2025-08-17,160,14,0,0,0,14
15563,2025-08-17,161,17,0,0,0,17
15564,2025-08-17,162,0,0,0,0,0
15565,2025-08-17,163,9,0,0,0,9
15566,2025-08-17,164,10,0,0,0,10
15567,2025-08-17,165,7,0,0,0,7
15568,2025-08-17,166,46,0,0,0,46
15569,2025-08-17,167,50,0,1,0,49
15570,2025-08-17,168,10,0,0,0,10
15571,2025-08-17,169,9,0,0,0,9
15572,2025-08-17,170,24,0,1,0,23
15573,2025-08-18,101,29,0,0,0,29
15574,2025-08-18,102,0,0,0,0,0
15575,2025-08-18,103,0,0,0,0,0
15576,2025-08-18,104,24,0,0,0,24
15577,2025-08-18,105,8,0,3,0,5
15578,2025-08-18,106,41,0,2,0,39
15579,2025-08-18,108,10,0,0,0,10
15580,2025-08-18,109,10,0,0,0,10
15581,2025-08-18,110,36,0,1,0,35
15582,2025-08-18,112,28,0,0,0,28
15583,2025-08-18,113,0,0,0,0,0
15584,2025-08-18,114,14,0,0,0,14
15585,2025-08-18,115,0,0,0,0,0
15586,2025-08-18,116,15,0,0,0,15
15587,2025-08-18,117,11,0,0,0,11
15588,2025-08-18,118,34,0,1,0,33
15589,2025-08-18,119,28,0,0,0,28
15590,2025-08-18,120,0,0,0,0,0
15591,2025-08-18,121,0,0,0,0,0
15592,2025-08-18,122,8,0,0,0,8
15593,2025-08-18,123,12,0,0,0,12
15594,2025-08-18,124,0,0,0,0,0
15595,2025-08-18,125,4,0,0,0,4
15596,2025-08-18,126,9,0,0,0,9
15597,2025-08-18,127,11,0,0,0,11
15598,2025-08-18,128,0,0,0,0,0
15599,2025-08-18,129,10,0,0,0,10
15600,2025-08-18,130,11,0,0,0,11
15601,2025-08-18,131,49,0,3,0,46
15602,2025-08-18,132,0,0,0,0,0
15603,2025-08-18,133,0,0,0,0,0
15604,2025-08-18,134,22,0,1,0,21
15605,2025-08-18,135,19,0,0,0,19
15606,2025-08-18,136,0,0,0,0,0
15607,2025-08-18,137,0,0,0,0,0
15608,2025-08-18,138,23,0,0,0,23
15609,2025-08-18,139,18,0,0,0,18
15610,2025-08-18,140,0,0,0,0,0
15611,2025-08-18,141,27,0,1,0,26
15612,2025-08-18,142,47,0,2,0,45
15613,2025-08-18,143,41,0,0,0,41
15614,2025-08-18,144,0,0,0,0,0
15615,2025-08-18,145,11,0,0,0,11
15616,2025-08-18,146,14,0,0,0,14
15617,2025-08-18,147,0,0,0,0,0
15618,2025-08-18,148,6,0,1,0,5
15619,2025-08-18,149,9,0,0,0,9
15620,2025-08-18,150,4,8,1,0,11
15621,2025-08-18,151,20,0,1,0,19
15622,2025-08-18,152,21,0,2,0,19
15623,2025-08-18,153,0,0,0,0,0
15624,2025-08-18,154,0,0,0,0,0
15625,2025-08-18,155,6,0,1,0,5
15626,2025-08-18,156,53,0,2,0,51
15627,2025-08-18,157,12,0,1,0,11
15628,2025-08-18,158,55,0,0,0,55
15629,2025-08-18,159,36,0,3,0,33
15630,2025-08-18,160,14,0,1,0,13
15631,2025-08-18,161,17,0,0,0,17
15632,2025-08-18,162,0,0,0,0,0
15633,2025-08-18,163,9,0,0,0,9
15634,2025-08-18,164,10,0,1,0,9
15635,2025-08-18,165,7,0,0,0,7
15636,2025-08-18,166,46,0,1,0,45
15637,2025-08-18,167,49,0,2,0,47
15638,2025-08-18,168,10,0,0,0,10
15639,2025-08-18,169,9,0,0,0,9
15640,2025-08-18,170,23,0,1,0,22
15641,2025-08-19,101,29,0,1,0,28
15642,2025-08-19,102,0,0,0,0,0
15643,2025-08-19,103,0,0,0,0,0
15644,2025-08-19,104,24,0,0,0,24
15645,2025-08-19,105,5,0,0,0,5
15646,2025-08-19,106,39,0,0,0,39
15647,2025-08-19,108,10,0,0,0,10
15648,2025-08-19,109,10,0,4,0,6
15649,2025-08-19,110,35,0,1,0,34
15650,2025-08-19,112,28,0,0,0,28
15651,2025-08-19,113,0,0,0,0,0
15652,2025-08-19,114,14,0,0,0,14
15653,2025-08-19,115,0,0,0,0,0
15654,2025-08-19,116,15,0,1,0,14
15655,2025-08-19,117,11,0,0,0,11
15656,2025-08-19,118,33,0,1,0,32
15657,2025-08-19,119,28,0,4,0,24
15658,2025-08-19,120,0,0,0,0,0
15659,2025-08-19,121,0,0,0,0,0
15660,2025-08-19,122,8,0,0,0,8
15661,2025-08-19,123,12,0,1,0,11
15662,2025-08-19,124,0,0,0,0,0
15663,2025-08-19,125,4,0,1,0,3
15664,2025-08-19,126,9,0,0,0,9
15665,2025-08-19,127,11,0,0,0,11
15666,2025-08-19,128,0,0,0,0,0
15667,2025-08-19,129,10,0,0,0,10
15668,2025-08-19,130,11,0,0,0,11
15669,2025-08-19,131,46,0,1,0,45
15670,2025-08-19,132,0,0,0,0,0
15671,2025-08-19,133,0,0,0,0,0
15672,2025-08-19,134,21,0,0,0,21
15673,2025-08-19,135,19,0,1,0,18
15674,2025-08-19,136,0,0,0,0,0
15675,2025-08-19,137,0,0,0,0,0
15676,2025-08-19,138,23,0,0,0,23
15677,2025-08-19,139,18,0,0,0,18
15678,2025-08-19,140,0,0,0,0,0
15679,2025-08-19,141,26,0,1,0,25
15680,2025-08-19,142,45,0,0,0,45
15681,2025-08-19,143,41,0,2,0,39
15682,2025-08-19,144,0,0,0,0,0
15683,2025-08-19,145,11,0,1,0,10
15684,2025-08-19,146,14,0,0,0,14
15685,2025-08-19,147,0,0,0,0,0
15686,2025-08-19,148,5,0,0,0,5
15687,2025-08-19,149,9,0,0,0,9
15688,2025-08-19,150,11,0,0,0,11
15689,2025-08-19,151,19,0,1,0,18
15690,2025-08-19,152,19,0,0,0,19
15691,2025-08-19,153,0,0,0,0,0
15692,2025-08-19,154,0,0,0,0,0
15693,2025-08-19,155,5,0,0,0,5
15694,2025-08-19,156,51,0,0,0,51
15695,2025-08-19,157,11,0,1,0,10
15696,2025-08-19,158,55,0,1,0,54
15697,2025-08-19,159,33,0,0,0,33
15698,2025-08-19,160,13,0,0,0,13
15699,2025-08-19,161,17,0,2,0,15
15700,2025-08-19,162,0,0,0,0,0
15701,2025-08-19,163,9,0,0,0,9
15702,2025-08-19,164,9,0,2,0,7
15703,2025-08-19,165,7,0,0,0,7
15704,2025-08-19,166,45,0,0,0,45
15705,2025-08-19,167,47,0,2,0,45
15706,2025-08-19,168,10,0,0,0,10
15707,2025-08-19,169,9,0,0,0,9
15708,2025-08-19,170,22,0,2,0,20
15709,2025-08-20,101,28,0,0,0,28
15710,2025-08-20,102,0,0,0,0,0
15711,2025-08-20,103,0,0,0,0,0
15712,2025-08-20,104,24,0,2,0,22
15713,2025-08-20,105,5,0,0,0,5
15714,2025-08-20,106,39,0,1,0,38
15715,2025-08-20,108,10,0,1,0,9
15716,2025-08-20,109,6,0,0,0,6
15717,2025-08-20,110,34,0,2,0,32
15718,2025-08-20,112,28,0,2,0,26
15719,2025-08-20,113,0,0,0,0,0
15720,2025-08-20,114,14,0,0,0,14
15721,2025-08-20,115,0,0,0,0,0
15722,2025-08-20,116,14,0,0,0,14
15723,2025-08-20,117,11,0,2,0,9
15724,2025-08-20,118,32,0,2,0,30
15725,2025-08-20,119,24,0,1,0,23
15726,2025-08-20,120,0,0,0,0,0
15727,2025-08-20,121,0,0,0,0,0
15728,2025-08-20,122,8,0,0,0,8
15729,2025-08-20,123,11,0,0,0,11
15730,2025-08-20,124,0,0,0,0,0
15731,2025-08-20,125,3,0,1,0,2
15732,2025-08-20,126,9,0,0,0,9
15733,2025-08-20,127,11,0,0,0,11
15734,2025-08-20,128,0,0,0,0,0
15735,2025-08-20,129,10,0,0,0,10
15736,2025-08-20,130,11,0,0,0,11
15737,2025-08-20,131,45,0,2,0,43
15738,2025-08-20,132,0,0,0,0,0
15739,2025-08-20,133,0,0,0,0,0
15740,2025-08-20,134,21,0,0,0,21
15741,2025-08-20,135,18,0,0,0,18
15742,2025-08-20,136,0,0,0,0,0
15743,2025-08-20,137,0,0,0,0,0
15744,2025-08-20,138,23,0,0,0,23
15745,2025-08-20,139,18,0,1,0,17
15746,2025-08-20,140,0,0,0,0,0
15747,2025-08-20,141,25,0,1,0,24
15748,2025-08-20,142,45,0,2,0,43
15749,2025-08-20,143,39,0,3,0,36
15750,2025-08-20,144,0,0,0,0,0
15751,2025-08-20,145,10,0,1,0,9
15752,2025-08-20,146,14,0,0,0,14
15753,2025-08-20,147,0,0,0,0,0
15754,2025-08-20,148,5,0,0,0,5
15755,2025-08-20,149,9,0,0,0,9
15756,2025-08-20,150,11,0,0,0,11
15757,2025-08-20,151,18,0,1,0,17
15758,2025-08-20,152,19,0,0,0,19
15759,2025-08-20,153,0,0,0,0,0
15760,2025-08-20,154,0,0,0,0,0
15761,2025-08-20,155,5,0,0,-1,4
15762,2025-08-20,156,51,0,2,-2,47
15763,2025-08-20,157,10,0,1,0,9
15764,2025-08-20,158,54,0,0,0,54
15765,2025-08-20,159,33,0,3,0,30
15766,2025-08-20,160,13,0,1,0,12
15767,2025-08-20,161,15,0,0,0,15
15768,2025-08-20,162,0,0,0,0,0
15769,2025-08-20,163,9,0,0,0,9
15770,2025-08-20,164,7,0,0,0,7
15771,2025-08-20,165,7,0,0,0,7
15772,2025-08-20,166,45,0,3,0,42
15773,2025-08-20,167,45,0,4,0,41
15774,2025-08-20,168,10,0,0,0,10
15775,2025-08-20,169,9,0,0,0,9
15776,2025-08-20,170,20,0,0,0,20
15777,2025-08-21,101,28,0,0,0,28
15778,2025-08-21,102,0,0,0,0,0
15779,2025-08-21,103,0,0,0,0,0
15780,2025-08-21,104,22,0,0,0,22
15781,2025-08-21,105,5,20,0,0,25
15782,2025-08-21,106,38,0,1,0,37
15783,2025-08-21,108,9,0,0,0,9
15784,2025-08-21,109,6,0,0,0,6
15785,2025-08-21,110,32,0,2,0,30
15786,2025-08-21,112,26,0,0,0,26
15787,2025-08-21,113,0,0,0,0,0
15788,2025-08-21,114,14,0,0,0,14
15789,2025-08-21,115,0,0,0,0,0
15790,2025-08-21,116,14,0,1,0,13
15791,2025-08-21,117,9,0,0,0,9
15792,2025-08-21,118,30,0,0,0,30
15793,2025-08-21,119,23,0,2,0,21
15794,2025-08-21,120,0,0,0,0,0
15795,2025-08-21,121,0,0,0,0,0
15796,2025-08-21,122,8,0,0,0,8
15797,2025-08-21,123,11,0,0,0,11
15798,2025-08-21,124,0,0,0,0,0
15799,2025-08-21,125,2,0,0,0,2
15800,2025-08-21,126,9,0,0,0,9
15801,2025-08-21,127,11,0,0,0,11
15802,2025-08-21,128,0,0,0,0,0
15803,2025-08-21,129,10,0,0,0,10
15804,2025-08-21,130,11,0,0,0,11
15805,2025-08-21,131,43,0,3,0,40
15806,2025-08-21,132,0,0,0,0,0
15807,2025-08-21,133,0,0,0,0,0
15808,2025-08-21,134,21,0,0,0,21
15809,2025-08-21,135,18,0,1,0,17
15810,2025-08-21,136,0,0,0,0,0
15811,2025-08-21,137,0,0,0,0,0
15812,2025-08-21,138,23,0,0,0,23
15813,2025-08-21,139,17,0,1,0,16
15814,2025-08-21,140,0,0,0,0,0
15815,2025-08-21,141,24,0,0,0,24
15816,2025-08-21,142,43,0,1,0,42
15817,2025-08-21,143,36,0,0,0,36
15818,2025-08-21,144,0,0,0,0,0
15819,2025-08-21,145,9,0,0,0,9
15820,2025-08-21,146,14,0,1,0,13
15821,2025-08-21,147,0,0,0,0,0
15822,2025-08-21,148,5,0,1,0,4
15823,2025-08-21,149,9,0,1,0,8
15824,2025-08-21,150,11,0,0,0,11
15825,2025-08-21,151,17,0,0,0,17
15826,2025-08-21,152,19,0,0,0,19
15827,2025-08-21,153,0,0,0,0,0
15828,2025-08-21,154,0,0,0,0,0
15829,2025-08-21,155,4,0,0,0,4
15830,2025-08-21,156,47,0,0,0,47
15831,2025-08-21,157,9,0,0,0,9
15832,2025-08-21,158,54,0,0,0,54
15833,2025-08-21,159,30,0,0,0,30
15834,2025-08-21,160,12,0,1,0,11
15835,2025-08-21,161,15,0,0,0,15
15836,2025-08-21,162,0,0,0,0,0
15837,2025-08-21,163,9,0,0,0,9
15838,2025-08-21,164,7,0,1,0,6
15839,2025-08-21,165,7,0,0,0,7
15840,2025-08-21,166,42,0,0,0,42
15841,2025-08-21,167,41,0,2,0,39
15842,2025-08-21,168,10,0,2,0,8
15843,2025-08-21,169,9,0,0,0,9
15844,2025-08-21,170,20,0,1,0,19
15845,2025-08-22,101,28,0,0,0,28
15846,2025-08-22,102,0,0,0,0,0
15847,2025-08-22,103,0,0,0,0,0
15848,2025-08-22,104,22,0,1,0,21
15849,2025-08-22,105,25,0,0,0,25
15850,2025-08-22,106,37,0,2,0,35
15851,2025-08-22,108,9,0,0,0,9
15852,2025-08-22,109,6,0,2,0,4
15853,2025-08-22,110,30,0,0,0,30
15854,2025-08-22,112,26,0,2,0,24
15855,2025-08-22,113,0,0,0,0,0
15856,2025-08-22,114,14,0,0,0,14
15857,2025-08-22,115,0,0,0,0,0
15858,2025-08-22,116,13,0,0,0,13
15859,2025-08-22,117,9,0,0,0,9
15860,2025-08-22,118,30,0,2,0,28
15861,2025-08-22,119,21,0,2,0,19
15862,2025-08-22,120,0,0,0,0,0
15863,2025-08-22,121,0,0,0,0,0
15864,2025-08-22,122,8,0,0,0,8
15865,2025-08-22,123,11,0,2,0,9
15866,2025-08-22,124,0,0,0,0,0
15867,2025-08-22,125,2,10,0,0,12
15868,2025-08-22,126,9,0,0,0,9
15869,2025-08-22,127,11,0,0,0,11
15870,2025-08-22,128,0,0,0,0,0
15871,2025-08-22,129,10,0,0,0,10
15872,2025-08-22,130,11,0,1,0,10
15873,2025-08-22,131,40,0,0,0,40
15874,2025-08-22,132,0,0,0,0,0
15875,2025-08-22,133,0,0,0,0,0
15876,2025-08-22,134,21,0,0,0,21
15877,2025-08-22,135,17,0,1,0,16
15878,2025-08-22,136,0,0,0,0,0
15879,2025-08-22,137,0,0,0,0,0
15880,2025-08-22,138,23,0,1,0,22
15881,2025-08-22,139,16,0,0,0,16
15882,2025-08-22,140,0,0,0,0,0
15883,2025-08-22,141,24,0,1,0,23
15884,2025-08-22,142,42,0,0,0,42
15885,2025-08-22,143,36,0,2,0,34
15886,2025-08-22,144,0,0,0,0,0
15887,2025-08-22,145,9,0,3,0,6
15888,2025-08-22,146,13,0,0,0,13
15889,2025-08-22,147,0,0,0,0,0
15890,2025-08-22,148,4,0,0,0,4
15891,2025-08-22,149,8,0,0,0,8
15892,2025-08-22,150,11,0,2,0,9
15893,2025-08-22,151,17,0,3,0,14
15894,2025-08-22,152,19,0,0,0,19
15895,2025-08-22,153,0,0,0,0,0
15896,2025-08-22,154,0,0,0,0,0
15897,2025-08-22,155,4,0,0,0,4
15898,2025-08-22,156,47,0,1,0,46
15899,2025-08-22,157,9,0,2,0,7
15900,2025-08-22,158,54,0,2,0,52
15901,2025-08-22,159,30,0,3,0,27
15902,2025-08-22,160,11,0,0,0,11
15903,2025-08-22,161,15,0,0,0,15
15904,2025-08-22,162,0,0,0,0,0
15905,2025-08-22,163,9,0,0,0,9
15906,2025-08-22,164,6,0,0,0,6
15907,2025-08-22,165,7,0,0,0,7
15908,2025-08-22,166,42,0,1,0,41
15909,2025-08-22,167,39,0,0,0,39
15910,2025-08-22,168,8,0,0,0,8
15911,2025-08-22,169,9,0,0,0,9
15912,2025-08-22,170,19,0,1,0,18
15913,2025-08-23,101,28,0,0,0,28
15914,2025-08-23,102,0,0,0,0,0
15915,2025-08-23,103,0,0,0,0,0
15916,2025-08-23,104,21,0,2,0,19
15917,2025-08-23,105,25,0,0,0,25
15918,2025-08-23,106,35,0,0,0,35
15919,2025-08-23,108,9,0,0,0,9
15920,2025-08-23,109,4,0,2,0,2
15921,2025-08-23,110,30,0,1,-3,26
15922,2025-08-23,112,24,0,0,0,24
15923,2025-08-23,113,0,0,0,0,0
15924,2025-08-23,114,14,0,0,0,14
15925,2025-08-23,115,0,0,0,0,0
15926,2025-08-23,116,13,0,2,0,11
15927,2025-08-23,117,9,0,0,0,9
15928,2025-08-23,118,28,0,2,0,26
15929,2025-08-23,119,19,0,2,0,17
15930,2025-08-23,120,0,0,0,0,0
15931,2025-08-23,121,0,0,0,0,0
15932,2025-08-23,122,8,0,0,0,8
15933,2025-08-23,123,9,0,0,0,9
15934,2025-08-23,124,0,0,0,0,0
15935,2025-08-23,125,12,0,0,0,12
15936,2025-08-23,126,9,0,0,0,9
15937,2025-08-23,127,11,0,1,0,10
15938,2025-08-23,128,0,0,0,0,0
15939,2025-08-23,129,10,0,0,0,10
15940,2025-08-23,130,10,0,0,0,10
15941,2025-08-23,131,40,0,0,0,40
15942,2025-08-23,132,0,0,0,0,0
15943,2025-08-23,133,0,0,0,0,0
15944,2025-08-23,134,21,0,1,0,20
15945,2025-08-23,135,16,0,1,0,15
15946,2025-08-23,136,0,0,0,0,0
15947,2025-08-23,137,0,0,0,0,0
15948,2025-08-23,138,22,0,1,0,21
15949,2025-08-23,139,16,0,1,0,15
15950,2025-08-23,140,0,0,0,0,0
15951,2025-08-23,141,23,0,1,0,22
15952,2025-08-23,142,42,0,1,0,41
15953,2025-08-23,143,34,0,1,0,33
15954,2025-08-23,144,0,0,0,0,0
15955,2025-08-23,145,6,0,0,0,6
15956,2025-08-23,146,13,0,0,0,13
15957,2025-08-23,147,0,0,0,0,0
15958,2025-08-23,148,4,0,0,0,4
15959,2025-08-23,149,8,0,0,0,8
15960,2025-08-23,150,9,0,0,0,9
15961,2025-08-23,151,14,0,2,0,12
15962,2025-08-23,152,19,0,1,0,18
15963,2025-08-23,153,0,0,0,0,0
15964,2025-08-23,154,0,0,0,0,0
15965,2025-08-23,155,4,0,0,0,4
15966,2025-08-23,156,46,0,1,0,45
15967,2025-08-23,157,7,22,1,0,28
15968,2025-08-23,158,52,0,1,0,51
15969,2025-08-23,159,27,0,1,0,26
15970,2025-08-23,160,11,0,0,0,11
15971,2025-08-23,161,15,0,1,0,14
15972,2025-08-23,162,0,0,0,0,0
15973,2025-08-23,163,9,0,0,0,9
15974,2025-08-23,164,6,0,0,0,6
15975,2025-08-23,165,7,0,0,0,7
15976,2025-08-23,166,41,0,0,0,41
15977,2025-08-23,167,39,0,0,0,39
15978,2025-08-23,168,8,22,1,0,29
15979,2025-08-23,169,9,0,0,0,9
15980,2025-08-23,170,18,0,0,0,18
15981,2025-08-24,101,28,0,0,0,28
15982,2025-08-24,102,0,0,0,0,0
15983,2025-08-24,103,0,0,0,0,0
15984,2025-08-24,104,19,0,1,0,18
15985,2025-08-24,105,25,0,0,0,25
15986,2025-08-24,106,35,0,1,0,34
15987,2025-08-24,108,9,0,0,0,9
15988,2025-08-24,109,2,25,0,0,27
15989,2025-08-24,110,26,0,3,0,23
15990,2025-08-24,112,24,0,0,0,24
15991,2025-08-24,113,0,0,0,0,0
15992,2025-08-24,114,14,0,0,0,14
15993,2025-08-24,115,0,0,0,0,0
15994,2025-08-24,116,11,0,0,0,11
15995,2025-08-24,117,9,0,0,0,9
15996,2025-08-24,118,26,0,2,0,24
15997,2025-08-24,119,17,0,1,0,16
15998,2025-08-24,120,0,0,0,0,0
15999,2025-08-24,121,0,0,0,0,0
16000,2025-08-24,122,8,0,0,0,8
16001,2025-08-24,123,9,0,0,0,9
16002,2025-08-24,124,0,0,0,0,0
16003,2025-08-24,125,12,0,0,0,12
16004,2025-08-24,126,9,0,1,0,8
16005,2025-08-24,127,10,0,1,0,9
16006,2025-08-24,128,0,0,0,0,0
16007,2025-08-24,129,10,0,0,0,10
16008,2025-08-24,130,10,0,1,0,9
16009,2025-08-24,131,40,0,1,0,39
16010,2025-08-24,132,0,0,0,0,0
16011,2025-08-24,133,0,0,0,0,0
16012,2025-08-24,134,20,0,1,0,19
16013,2025-08-24,135,15,0,1,0,14
16014,2025-08-24,136,0,0,0,0,0
16015,2025-08-24,137,0,0,0,0,0
16016,2025-08-24,138,21,0,0,0,21
16017,2025-08-24,139,15,0,0,0,15
16018,2025-08-24,140,0,0,0,0,0
16019,2025-08-24,141,22,0,1,0,21
16020,2025-08-24,142,41,0,1,0,40
16021,2025-08-24,143,33,0,0,0,33
16022,2025-08-24,144,0,0,0,0,0
16023,2025-08-24,145,6,23,0,0,29
16024,2025-08-24,146,13,0,0,0,13
16025,2025-08-24,147,0,0,0,0,0
16026,2025-08-24,148,4,0,0,0,4
16027,2025-08-24,149,8,0,1,0,7
16028,2025-08-24,150,9,0,0,0,9
16029,2025-08-24,151,12,0,3,0,9
16030,2025-08-24,152,18,0,0,0,18
16031,2025-08-24,153,0,0,0,0,0
16032,2025-08-24,154,0,0,0,0,0
16033,2025-08-24,155,4,0,0,-2,2
16034,2025-08-24,156,45,0,2,0,43
16035,2025-08-24,157,28,0,0,0,28
16036,2025-08-24,158,51,0,2,0,49
16037,2025-08-24,159,26,0,0,0,26
16038,2025-08-24,160,11,0,0,0,11
16039,2025-08-24,161,14,0,0,0,14
16040,2025-08-24,162,0,0,0,0,0
16041,2025-08-24,163,9,0,0,0,9
16042,2025-08-24,164,6,21,0,0,27
16043,2025-08-24,165,7,0,0,0,7
16044,2025-08-24,166,41,0,1,0,40
16045,2025-08-24,167,39,0,3,0,36
16046,2025-08-24,168,29,0,0,0,29
16047,2025-08-24,169,9,0,0,0,9
16048,2025-08-24,170,18,45,2,0,61
16049,2025-08-25,101,28,0,0,0,28
16050,2025-08-25,102,0,0,0,0,0
16051,2025-08-25,103,0,0,0,0,0
16052,2025-08-25,104,18,0,1,0,17
16053,2025-08-25,105,25,0,0,0,25
16054,2025-08-25,106,34,0,2,0,32
16055,2025-08-25,108,9,0,0,0,9
16056,2025-08-25,109,27,0,1,0,26
16057,2025-08-25,110,23,0,1,0,22
16058,2025-08-25,112,24,0,1,0,23
16059,2025-08-25,113,0,0,0,0,0
16060,2025-08-25,114,14,0,1,0,13
16061,2025-08-25,115,0,0,0,0,0
16062,2025-08-25,116,11,0,0,0,11
16063,2025-08-25,117,9,0,1,0,8
16064,2025-08-25,118,24,0,2,0,22
16065,2025-08-25,119,16,0,0,0,16
16066,2025-08-25,120,0,0,0,0,0
16067,2025-08-25,121,0,0,0,0,0
16068,2025-08-25,122,8,0,0,0,8
16069,2025-08-25,123,9,24,1,0,32
16070,2025-08-25,124,0,0,0,0,0
16071,2025-08-25,125,12,0,0,0,12
16072,2025-08-25,126,8,0,0,0,8
16073,2025-08-25,127,9,0,0,0,9
16074,2025-08-25,128,0,0,0,0,0
16075,2025-08-25,129,10,0,0,0,10
16076,2025-08-25,130,9,0,0,0,9
16077,2025-08-25,131,39,0,0,0,39
16078,2025-08-25,132,0,0,0,0,0
16079,2025-08-25,133,0,0,0,0,0
16080,2025-08-25,134,19,0,0,0,19
16081,2025-08-25,135,14,0,0,0,14
16082,2025-08-25,136,0,0,0,0,0
16083,2025-08-25,137,0,0,0,0,0
16084,2025-08-25,138,21,0,1,0,20
16085,2025-08-25,139,15,0,1,0,14
16086,2025-08-25,140,0,0,0,0,0
16087,2025-08-25,141,21,0,0,0,21
16088,2025-08-25,142,40,0,0,0,40
16089,2025-08-25,143,33,0,1,0,32
16090,2025-08-25,144,0,0,0,0,0
16091,2025-08-25,145,29,0,0,0,29
16092,2025-08-25,146,13,0,1,0,12
16093,2025-08-25,147,0,0,0,0,0
16094,2025-08-25,148,4,10,1,0,13
16095,2025-08-25,149,7,0,1,0,6
16096,2025-08-25,150,9,0,0,0,9
16097,2025-08-25,151,9,38,2,0,45
16098,2025-08-25,152,18,0,0,0,18
16099,2025-08-25,153,0,0,0,0,0
16100,2025-08-25,154,0,0,0,0,0
16101,2025-08-25,155,2,0,0,0,2
16102,2025-08-25,156,43,0,1,0,42
16103,2025-08-25,157,28,0,1,0,27
16104,2025-08-25,158,49,0,4,0,45
16105,2025-08-25,159,26,0,1,0,25
16106,2025-08-25,160,11,0,2,0,9
16107,2025-08-25,161,14,0,1,0,13
16108,2025-08-25,162,0,0,0,0,0
16109,2025-08-25,163,9,0,0,0,9
16110,2025-08-25,164,27,0,1,0,26
16111,2025-08-25,165,7,0,0,0,7
16112,2025-08-25,166,40,0,0,0,40
16113,2025-08-25,167,36,0,1,0,35
16114,2025-08-25,168,29,0,2,0,27
16115,2025-08-25,169,9,0,0,0,9
16116,2025-08-25,170,61,0,2,-3,56
16117,2025-08-26,101,28,0,0,0,28
16118,2025-08-26,102,0,0,0,0,0
16119,2025-08-26,103,0,0,0,0,0
16120,2025-08-26,104,17,0,0,0,17
16121,2025-08-26,105,25,0,1,0,24
16122,2025-08-26,106,32,0,3,0,29
16123,2025-08-26,108,9,0,0,0,9
16124,2025-08-26,109,26,0,1,0,25
16125,2025-08-26,110,22,0,1,0,21
16126,2025-08-26,112,23,0,1,0,22
16127,2025-08-26,113,0,0,0,0,0
16128,2025-08-26,114,13,0,0,0,13
16129,2025-08-26,115,0,0,0,0,0
16130,2025-08-26,116,11,0,1,0,10
16131,2025-08-26,117,8,0,0,0,8
16132,2025-08-26,118,22,0,2,0,20
16133,2025-08-26,119,16,41,1,0,56
16134,2025-08-26,120,0,0,0,0,0
16135,2025-08-26,121,0,0,0,0,0
16136,2025-08-26,122,8,0,1,0,7
16137,2025-08-26,123,32,0,1,0,31
16138,2025-08-26,124,0,0,0,0,0
16139,2025-08-26,125,12,0,0,0,12
16140,2025-08-26,126,8,0,0,0,8
16141,2025-08-26,127,9,0,2,0,7
16142,2025-08-26,128,0,0,0,0,0
16143,2025-08-26,129,10,0,0,0,10
16144,2025-08-26,130,9,0,1,0,8
16145,2025-08-26,131,39,0,1,0,38
16146,2025-08-26,132,0,0,0,0,0
16147,2025-08-26,133,0,0,0,0,0
16148,2025-08-26,134,19,0,0,0,19
16149,2025-08-26,135,14,0,0,0,14
16150,2025-08-26,136,0,0,0,0,0
16151,2025-08-26,137,0,0,0,0,0
16152,2025-08-26,138,20,0,0,0,20
16153,2025-08-26,139,14,0,0,0,14
16154,2025-08-26,140,0,0,0,0,0
16155,2025-08-26,141,21,0,0,0,21
16156,2025-08-26,142,40,0,1,0,39
16157,2025-08-26,143,32,0,0,0,32
16158,2025-08-26,144,0,0,0,0,0
16159,2025-08-26,145,29,0,0,-2,27
16160,2025-08-26,146,12,0,1,0,11
16161,2025-08-26,147,0,0,0,0,0
16162,2025-08-26,148,13,0,0,0,13
16163,2025-08-26,149,6,19,1,0,24
16164,2025-08-26,150,9,0,0,0,9
16165,2025-08-26,151,45,0,0,0,45
16166,2025-08-26,152,18,0,0,0,18
16167,2025-08-26,153,0,0,0,0,0
16168,2025-08-26,154,0,0,0,0,0
16169,2025-08-26,155,2,0,2,0,0
16170,2025-08-26,156,42,0,2,0,40
16171,2025-08-26,157,27,0,0,0,27
16172,2025-08-26,158,45,0,1,0,44
16173,2025-08-26,159,25,0,0,0,25
16174,2025-08-26,160,9,0,2,0,7
16175,2025-08-26,161,13,0,0,0,13
16176,2025-08-26,162,0,0,0,0,0
16177,2025-08-26,163,9,0,0,0,9
16178,2025-08-26,164,26,0,0,0,26
16179,2025-08-26,165,7,0,0,0,7
16180,2025-08-26,166,40,0,0,0,40
16181,2025-08-26,167,35,0,0,0,35
16182,2025-08-26,168,27,0,0,0,27
16183,2025-08-26,169,9,0,0,0,9
16184,2025-08-26,170,56,0,1,0,55
16185,2025-08-27,101,28,0,1,0,27
16186,2025-08-27,102,0,0,0,0,0
16187,2025-08-27,103,0,0,0,0,0
16188,2025-08-27,104,17,0,0,0,17
16189,2025-08-27,105,24,0,0,0,24
16190,2025-08-27,106,29,0,0,0,29
16191,2025-08-27,108,9,0,0,0,9
16192,2025-08-27,109,25,0,0,0,25
16193,2025-08-27,110,21,0,1,0,20
16194,2025-08-27,112,22,0,1,0,21
16195,2025-08-27,113,0,0,0,0,0
16196,2025-08-27,114,13,0,0,0,13
16197,2025-08-27,115,0,0,0,0,0
16198,2025-08-27,116,10,0,0,0,10
16199,2025-08-27,117,8,0,1,0,7
16200,2025-08-27,118,20,0,1,0,19
16201,2025-08-27,119,56,0,2,0,54
16202,2025-08-27,120,0,0,0,0,0
16203,2025-08-27,121,0,0,0,0,0
16204,2025-08-27,122,7,0,0,0,7
16205,2025-08-27,123,31,0,0,0,31
16206,2025-08-27,124,0,0,0,0,0
16207,2025-08-27,125,12,0,0,0,12
16208,2025-08-27,126,8,0,0,0,8
16209,2025-08-27,127,7,0,0,0,7
16210,2025-08-27,128,0,0,0,0,0
16211,2025-08-27,129,10,0,0,0,10
16212,2025-08-27,130,8,0,0,0,8
16213,2025-08-27,131,38,0,0,0,38
16214,2025-08-27,132,0,0,0,0,0
16215,2025-08-27,133,0,0,0,0,0
16216,2025-08-27,134,19,0,0,0,19
16217,2025-08-27,135,14,0,0,0,14
16218,2025-08-27,136,0,0,0,0,0
16219,2025-08-27,137,0,0,0,0,0
16220,2025-08-27,138,20,0,0,0,20
16221,2025-08-27,139,14,0,0,0,14
16222,2025-08-27,140,0,0,0,0,0
16223,2025-08-27,141,21,0,0,0,21
16224,2025-08-27,142,39,0,1,0,38
16225,2025-08-27,143,32,0,2,0,30
16226,2025-08-27,144,0,0,0,0,0
16227,2025-08-27,145,27,0,0,-3,24
16228,2025-08-27,146,11,0,0,0,11
16229,2025-08-27,147,0,0,0,0,0
16230,2025-08-27,148,13,0,0,0,13
16231,2025-08-27,149,24,0,0,0,24
16232,2025-08-27,150,9,0,0,0,9
16233,2025-08-27,151,45,0,0,0,45
16234,2025-08-27,152,18,0,0,0,18
16235,2025-08-27,153,0,0,0,0,0
16236,2025-08-27,154,0,0,0,0,0
16237,2025-08-27,155,0,0,0,0,0
16238,2025-08-27,156,40,0,4,0,36
16239,2025-08-27,157,27,0,0,0,27
16240,2025-08-27,158,44,0,2,0,42
16241,2025-08-27,159,25,0,1,0,24
16242,2025-08-27,160,7,25,0,0,32
16243,2025-08-27,161,13,0,1,0,12
16244,2025-08-27,162,0,0,0,0,0
16245,2025-08-27,163,9,0,0,0,9
16246,2025-08-27,164,26,0,0,0,26
16247,2025-08-27,165,7,0,0,0,7
16248,2025-08-27,166,40,0,2,0,38
16249,2025-08-27,167,35,0,1,0,34
16250,2025-08-27,168,27,0,2,0,25
16251,2025-08-27,169,9,0,2,0,7
16252,2025-08-27,170,55,0,1,0,54
16253,2025-08-28,101,27,0,1,0,26
16254,2025-08-28,102,0,0,0,0,0
16255,2025-08-28,103,0,0,0,0,0
16256,2025-08-28,104,17,0,0,0,17
16257,2025-08-28,105,24,0,0,0,24
16258,2025-08-28,106,29,0,3,0,26
16259,2025-08-28,108,9,0,0,0,9
16260,2025-08-28,109,25,0,0,0,25
16261,2025-08-28,110,20,0,3,0,17
16262,2025-08-28,112,21,0,3,0,18
16263,2025-08-28,113,0,0,0,0,0
16264,2025-08-28,114,13,0,0,0,13
16265,2025-08-28,115,0,0,0,0,0
16266,2025-08-28,116,10,0,2,-1,7
16267,2025-08-28,117,7,0,2,0,5
16268,2025-08-28,118,19,0,1,0,18
16269,2025-08-28,119,54,0,2,0,52
16270,2025-08-28,120,0,0,0,0,0
16271,2025-08-28,121,0,0,0,0,0
16272,2025-08-28,122,7,0,0,0,7
16273,2025-08-28,123,31,0,0,0,31
16274,2025-08-28,124,0,0,0,0,0
16275,2025-08-28,125,12,0,0,0,12
16276,2025-08-28,126,8,0,0,0,8
16277,2025-08-28,127,7,0,0,0,7
16278,2025-08-28,128,0,0,0,0,0
16279,2025-08-28,129,10,0,0,0,10
16280,2025-08-28,130,8,0,1,0,7
16281,2025-08-28,131,38,0,0,0,38
16282,2025-08-28,132,0,0,0,0,0
16283,2025-08-28,133,0,0,0,0,0
16284,2025-08-28,134,19,0,2,0,17
16285,2025-08-28,135,14,0,1,0,13
16286,2025-08-28,136,0,0,0,0,0
16287,2025-08-28,137,0,0,0,0,0
16288,2025-08-28,138,20,0,0,0,20
16289,2025-08-28,139,14,0,1,0,13
16290,2025-08-28,140,0,0,0,0,0
16291,2025-08-28,141,21,0,1,0,20
16292,2025-08-28,142,38,0,1,0,37
16293,2025-08-28,143,30,0,0,0,30
16294,2025-08-28,144,0,0,0,0,0
16295,2025-08-28,145,24,0,2,0,22
16296,2025-08-28,146,11,0,0,0,11
16297,2025-08-28,147,0,0,0,0,0
16298,2025-08-28,148,13,0,1,0,12
16299,2025-08-28,149,24,0,1,0,23
16300,2025-08-28,150,9,0,1,0,8
16301,2025-08-28,151,45,0,2,0,43
16302,2025-08-28,152,18,0,0,0,18
16303,2025-08-28,153,0,0,0,0,0
16304,2025-08-28,154,0,0,0,0,0
16305,2025-08-28,155,0,0,0,0,0
16306,2025-08-28,156,36,0,1,0,35
16307,2025-08-28,157,27,0,3,0,24
16308,2025-08-28,158,42,0,0,0,42
16309,2025-08-28,159,24,0,1,0,23
16310,2025-08-28,160,32,0,0,0,32
16311,2025-08-28,161,12,0,1,0,11
16312,2025-08-28,162,0,0,0,0,0
16313,2025-08-28,163,9,0,0,0,9
16314,2025-08-28,164,26,0,0,0,26
16315,2025-08-28,165,7,0,0,0,7
16316,2025-08-28,166,38,0,2,0,36
16317,2025-08-28,167,34,0,1,0,33
16318,2025-08-28,168,25,0,0,0,25
16319,2025-08-28,169,7,0,0,0,7
16320,2025-08-28,170,54,0,2,0,52
16321,2025-08-29,101,26,0,0,0,26
16322,2025-08-29,102,0,0,0,0,0
16323,2025-08-29,103,0,0,0,0,0
16324,2025-08-29,104,17,0,0,0,17
16325,2025-08-29,105,24,0,0,0,24
16326,2025-08-29,106,26,0,2,0,24
16327,2025-08-29,108,9,0,0,0,9
16328,2025-08-29,109,25,0,0,0,25
16329,2025-08-29,110,17,0,0,0,17
16330,2025-08-29,112,18,0,1,0,17
16331,2025-08-29,113,0,0,0,0,0
16332,2025-08-29,114,13,0,1,0,12
16333,2025-08-29,115,0,0,0,0,0
16334,2025-08-29,116,7,0,0,0,7
16335,2025-08-29,117,5,20,1,0,24
16336,2025-08-29,118,18,0,1,0,17
16337,2025-08-29,119,52,0,2,0,50
16338,2025-08-29,120,0,0,0,0,0
16339,2025-08-29,121,0,0,0,0,0
16340,2025-08-29,122,7,0,0,0,7
16341,2025-08-29,123,31,0,0,0,31
16342,2025-08-29,124,0,0,0,0,0
16343,2025-08-29,125,12,0,0,0,12
16344,2025-08-29,126,8,0,0,0,8
16345,2025-08-29,127,7,0,1,0,6
16346,2025-08-29,128,0,0,0,0,0
16347,2025-08-29,129,10,0,0,0,10
16348,2025-08-29,130,7,0,0,0,7
16349,2025-08-29,131,38,0,4,0,34
16350,2025-08-29,132,0,0,0,0,0
16351,2025-08-29,133,0,0,0,0,0
16352,2025-08-29,134,17,0,0,0,17
16353,2025-08-29,135,13,0,1,0,12
16354,2025-08-29,136,0,0,0,0,0
16355,2025-08-29,137,0,0,0,0,0
16356,2025-08-29,138,20,0,1,0,19
16357,2025-08-29,139,13,0,0,0,13
16358,2025-08-29,140,0,0,0,0,0
16359,2025-08-29,141,20,0,0,0,20
16360,2025-08-29,142,37,0,1,0,36
16361,2025-08-29,143,30,0,1,0,29
16362,2025-08-29,144,0,0,0,0,0
16363,2025-08-29,145,22,0,0,0,22
16364,2025-08-29,146,11,0,0,0,11
16365,2025-08-29,147,0,0,0,0,0
16366,2025-08-29,148,12,0,0,0,12
16367,2025-08-29,149,23,0,1,0,22
16368,2025-08-29,150,8,0,0,0,8
16369,2025-08-29,151,43,0,0,0,43
16370,2025-08-29,152,18,0,0,0,18
16371,2025-08-29,153,0,0,0,0,0
16372,2025-08-29,154,0,0,0,0,0
16373,2025-08-29,155,0,10,0,0,10
16374,2025-08-29,156,35,0,2,0,33
16375,2025-08-29,157,24,0,0,0,24
16376,2025-08-29,158,42,0,0,0,42
16377,2025-08-29,159,23,0,0,0,23
16378,2025-08-29,160,32,0,0,0,32
16379,2025-08-29,161,11,0,0,0,11
16380,2025-08-29,162,0,0,0,0,0
16381,2025-08-29,163,9,0,0,0,9
16382,2025-08-29,164,26,0,0,0,26
16383,2025-08-29,165,7,0,0,0,7
16384,2025-08-29,166,36,0,1,0,35
16385,2025-08-29,167,33,0,2,0,31
16386,2025-08-29,168,25,0,0,0,25
16387,2025-08-29,169,7,0,0,0,7
16388,2025-08-29,170,52,0,0,0,52
16389,2025-08-30,101,26,0,0,0,26
16390,2025-08-30,102,0,0,0,0,0
16391,2025-08-30,103,0,0,0,0,0
16392,2025-08-30,104,17,0,0,0,17
16393,2025-08-30,105,24,0,0,0,24
16394,2025-08-30,106,24,0,1,0,23
16395,2025-08-30,108,9,0,0,0,9
16396,2025-08-30,109,25,0,0,0,25
16397,2025-08-30,110,17,0,0,0,17
16398,2025-08-30,112,17,0,2,0,15
16399,2025-08-30,113,0,0,0,0,0
16400,2025-08-30,114,12,0,0,0,12
16401,2025-08-30,115,0,0,0,0,0
16402,2025-08-30,116,7,0,0,0,7
16403,2025-08-30,117,24,0,0,0,24
16404,2025-08-30,118,17,0,1,0,16
16405,2025-08-30,119,50,0,0,0,50
16406,2025-08-30,120,0,0,0,0,0
16407,2025-08-30,121,0,0,0,0,0
16408,2025-08-30,122,7,0,0,0,7
16409,2025-08-30,123,31,0,1,0,30
16410,2025-08-30,124,0,0,0,0,0
16411,2025-08-30,125,12,0,0,0,12
16412,2025-08-30,126,8,0,0,0,8
16413,2025-08-30,127,6,0,1,0,5
16414,2025-08-30,128,0,0,0,0,0
16415,2025-08-30,129,10,0,0,0,10
16416,2025-08-30,130,7,0,0,0,7
16417,2025-08-30,131,34,0,2,0,32
16418,2025-08-30,132,0,0,0,0,0
16419,2025-08-30,133,0,0,0,0,0
16420,2025-08-30,134,17,0,0,0,17
16421,2025-08-30,135,12,0,1,0,11
16422,2025-08-30,136,0,0,0,0,0
16423,2025-08-30,137,0,0,0,0,0
16424,2025-08-30,138,19,0,0,0,19
16425,2025-08-30,139,13,0,1,0,12
16426,2025-08-30,140,0,0,0,0,0
16427,2025-08-30,141,20,0,0,0,20
16428,2025-08-30,142,36,0,1,0,35
16429,2025-08-30,143,29,0,0,0,29
16430,2025-08-30,144,0,0,0,0,0
16431,2025-08-30,145,22,0,0,0,22
16432,2025-08-30,146,11,0,0,0,11
16433,2025-08-30,147,0,0,0,0,0
16434,2025-08-30,148,12,0,0,0,12
16435,2025-08-30,149,22,0,1,0,21
16436,2025-08-30,150,8,0,0,0,8
16437,2025-08-30,151,43,0,1,0,42
16438,2025-08-30,152,18,0,0,0,18
16439,2025-08-30,153,0,0,0,0,0
16440,2025-08-30,154,0,0,0,0,0
16441,2025-08-30,155,10,0,1,0,9
16442,2025-08-30,156,33,0,3,0,30
16443,2025-08-30,157,24,0,1,0,23
16444,2025-08-30,158,42,0,2,0,40
16445,2025-08-30,159,23,0,1,0,22
16446,2025-08-30,160,32,0,1,0,31
16447,2025-08-30,161,11,0,0,0,11
16448,2025-08-30,162,0,0,0,0,0
16449,2025-08-30,163,9,0,0,0,9
16450,2025-08-30,164,26,0,1,0,25
16451,2025-08-30,165,7,0,0,0,7
16452,2025-08-30,166,35,0,2,0,33
16453,2025-08-30,167,31,0,1,0,30
16454,2025-08-30,168,25,0,0,0,25
16455,2025-08-30,169,7,0,0,-2,5
16456,2025-08-30,170,52,0,0,0,52
16457,2025-08-31,101,26,0,0,0,26
16458,2025-08-31,102,0,0,0,0,0
16459,2025-08-31,103,0,0,0,0,0
16460,2025-08-31,104,17,0,1,0,16
16461,2025-08-31,105,24,0,1,0,23
16462,2025-08-31,106,23,0,2,0,21
16463,2025-08-31,108,9,0,0,0,9
16464,2025-08-31,109,25,0,0,0,25
16465,2025-08-31,110,17,0,0,0,17
16466,2025-08-31,112,15,0,1,0,14
16467,2025-08-31,113,0,0,0,0,0
16468,2025-08-31,114,12,0,0,0,12
16469,2025-08-31,115,0,0,0,0,0
16470,2025-08-31,116,7,0,0,0,7
16471,2025-08-31,117,24,0,1,0,23
16472,2025-08-31,118,16,43,2,0,57
16473,2025-08-31,119,50,0,0,0,50
16474,2025-08-31,120,0,0,0,0,0
16475,2025-08-31,121,0,0,0,0,0
16476,2025-08-31,122,7,0,0,0,7
16477,2025-08-31,123,30,0,1,0,29
16478,2025-08-31,124,0,0,0,0,0
16479,2025-08-31,125,12,0,0,0,12
16480,2025-08-31,126,8,0,0,0,8
16481,2025-08-31,127,5,0,0,0,5
16482,2025-08-31,128,0,0,0,0,0
16483,2025-08-31,129,10,0,0,0,10
16484,2025-08-31,130,7,0,0,0,7
16485,2025-08-31,131,32,0,2,0,30
16486,2025-08-31,132,0,0,0,0,0
16487,2025-08-31,133,0,0,0,0,0
16488,2025-08-31,134,17,0,1,0,16
16489,2025-08-31,135,11,0,0,0,11
16490,2025-08-31,136,0,0,0,0,0
16491,2025-08-31,137,0,0,0,0,0
16492,2025-08-31,138,19,0,0,0,19
16493,2025-08-31,139,12,0,2,0,10
16494,2025-08-31,140,0,0,0,0,0
16495,2025-08-31,141,20,0,1,0,19
16496,2025-08-31,142,35,0,1,0,34
16497,2025-08-31,143,29,0,0,0,29
16498,2025-08-31,144,0,0,0,0,0
16499,2025-08-31,145,22,0,0,0,22
16500,2025-08-31,146,11,0,0,0,11
16501,2025-08-31,147,0,0,0,0,0
16502,2025-08-31,148,12,0,1,0,11
16503,2025-08-31,149,21,0,0,0,21
16504,2025-08-31,150,8,0,0,0,8
16505,2025-08-31,151,42,0,0,0,42
16506,2025-08-31,152,18,0,0,0,18
16507,2025-08-31,153,0,0,0,0,0
16508,2025-08-31,154,0,0,0,0,0
16509,2025-08-31,155,9,0,0,0,9
16510,2025-08-31,156,30,0,1,0,29
16511,2025-08-31,157,23,0,0,0,23
16512,2025-08-31,158,40,0,0,0,40
16513,2025-08-31,159,22,0,1,0,21
16514,2025-08-31,160,31,0,0,-2,29
16515,2025-08-31,161,11,0,0,0,11
16516,2025-08-31,162,0,0,0,0,0
16517,2025-08-31,163,9,0,1,0,8
16518,2025-08-31,164,25,0,1,0,24
16519,2025-08-31,165,7,0,0,0,7
16520,2025-08-31,166,33,0,0,0,33
16521,2025-08-31,167,30,0,4,0,26
16522,2025-08-31,168,25,0,1,0,24
16523,2025-08-31,169,5,0,0,0,5
16524,2025-08-31,170,52,0,2,0,50
16525,2025-09-01,101,26,0,0,0,26
16526,2025-09-01,102,0,0,0,0,0
16527,2025-09-01,103,0,0,0,0,0
16528,2025-09-01,104,16,0,0,0,16
16529,2025-09-01,105,23,0,1,0,22
16530,2025-09-01,106,21,0,0,0,21
16531,2025-09-01,108,9,0,0,0,9
16532,2025-09-01,109,25,0,1,0,24
16533,2025-09-01,110,17,0,0,0,17
16534,2025-09-01,112,14,0,1,0,13
16535,2025-09-01,113,0,0,0,0,0
16536,2025-09-01,114,12,0,0,0,12
16537,2025-09-01,115,0,0,0,0,0
16538,2025-09-01,116,7,0,1,0,6
16539,2025-09-01,117,23,0,1,0,22
16540,2025-09-01,118,57,0,3,0,54
16541,2025-09-01,119,50,0,1,0,49
16542,2025-09-01,120,0,0,0,0,0
16543,2025-09-01,121,0,0,0,0,0
16544,2025-09-01,122,7,0,0,0,7
16545,2025-09-01,123,29,0,0,0,29
16546,2025-09-01,124,0,0,0,0,0
16547,2025-09-01,125,12,0,0,0,12
16548,2025-09-01,126,8,0,0,0,8
16549,2025-09-01,127,5,0,2,0,3
16550,2025-09-01,128,0,0,0,0,0
16551,2025-09-01,129,10,0,0,0,10
16552,2025-09-01,130,7,0,0,0,7
16553,2025-09-01,131,30,0,4,0,26
16554,2025-09-01,132,0,0,0,0,0
16555,2025-09-01,133,0,0,0,0,0
16556,2025-09-01,134,16,0,0,0,16
16557,2025-09-01,135,11,0,1,0,10
16558,2025-09-01,136,0,0,0,0,0
16559,2025-09-01,137,0,0,0,0,0
16560,2025-09-01,138,19,0,1,0,18
16561,2025-09-01,139,10,0,0,0,10
16562,2025-09-01,140,0,0,0,0,0
16563,2025-09-01,141,19,0,0,0,19
16564,2025-09-01,142,34,0,0,-3,31
16565,2025-09-01,143,29,0,2,0,27
16566,2025-09-01,144,0,0,0,0,0
16567,2025-09-01,145,22,0,1,0,21
16568,2025-09-01,146,11,0,0,0,11
16569,2025-09-01,147,0,0,0,0,0
16570,2025-09-01,148,11,0,0,0,11
16571,2025-09-01,149,21,0,0,0,21
16572,2025-09-01,150,8,0,0,0,8
16573,2025-09-01,151,42,0,0,0,42
16574,2025-09-01,152,18,0,0,0,18
16575,2025-09-01,153,0,0,0,0,0
16576,2025-09-01,154,0,0,0,0,0
16577,2025-09-01,155,9,0,0,0,9
16578,2025-09-01,156,29,0,1,0,28
16579,2025-09-01,157,23,0,1,0,22
16580,2025-09-01,158,40,0,2,0,38
16581,2025-09-01,159,21,0,1,0,20
16582,2025-09-01,160,29,0,0,0,29
16583,2025-09-01,161,11,0,0,0,11
16584,2025-09-01,162,0,0,0,0,0
16585,2025-09-01,163,8,0,0,0,8
16586,2025-09-01,164,24,0,0,0,24
16587,2025-09-01,165,7,0,0,0,7
16588,2025-09-01,166,33,0,3,0,30
16589,2025-09-01,167,26,0,0,0,26
16590,2025-09-01,168,24,0,0,0,24
16591,2025-09-01,169,5,0,1,0,4
16592,2025-09-01,170,50,0,0,0,50
16593,2025-09-02,101,26,0,0,0,26
16594,2025-09-02,102,0,0,0,0,0
16595,2025-09-02,103,0,0,0,0,0
16596,2025-09-02,104,16,0,0,0,16
16597,2025-09-02,105,22,0,1,0,21
16598,2025-09-02,106,21,0,1,0,20
16599,2025-09-02,108,9,0,0,0,9
16600,2025-09-02,109,24,0,0,0,24
16601,2025-09-02,110,17,0,3,0,14
16602,2025-09-02,112,13,36,1,0,48
16603,2025-09-02,113,0,0,0,0,0
16604,2025-09-02,114,12,0,0,0,12
16605,2025-09-02,115,0,0,0,0,0
16606,2025-09-02,116,6,26,0,0,32
16607,2025-09-02,117,22,0,0,0,22
16608,2025-09-02,118,54,0,0,0,54
16609,2025-09-02,119,49,0,0,0,49
16610,2025-09-02,120,0,0,0,0,0
16611,2025-09-02,121,0,0,0,0,0
16612,2025-09-02,122,7,0,0,0,7
16613,2025-09-02,123,29,0,1,0,28
16614,2025-09-02,124,0,0,0,0,0
16615,2025-09-02,125,12,0,0,0,12
16616,2025-09-02,126,8,0,0,0,8
16617,2025-09-02,127,3,21,1,0,23
16618,2025-09-02,128,0,0,0,0,0
16619,2025-09-02,129,10,0,1,0,9
16620,2025-09-02,130,7,0,1,0,6
16621,2025-09-02,131,26,0,2,0,24
16622,2025-09-02,132,0,0,0,0,0
16623,2025-09-02,133,0,0,0,0,0
16624,2025-09-02,134,16,0,0,-2,14
16625,2025-09-02,135,10,0,0,0,10
16626,2025-09-02,136,0,0,0,0,0
16627,2025-09-02,137,0,0,0,0,0
16628,2025-09-02,138,18,0,0,0,18
16629,2025-09-02,139,10,0,0,0,10
16630,2025-09-02,140,0,0,0,0,0
16631,2025-09-02,141,19,0,1,0,18
16632,2025-09-02,142,31,0,1,0,30
16633,2025-09-02,143,27,0,4,0,23
16634,2025-09-02,144,0,0,0,0,0
16635,2025-09-02,145,21,0,0,0,21
16636,2025-09-02,146,11,0,1,0,10
16637,2025-09-02,147,0,0,0,0,0
16638,2025-09-02,148,11,0,0,0,11
16639,2025-09-02,149,21,0,0,0,21
16640,2025-09-02,150,8,0,0,0,8
16641,2025-09-02,151,42,0,1,0,41
16642,2025-09-02,152,18,0,0,0,18
16643,2025-09-02,153,0,0,0,0,0
16644,2025-09-02,154,0,0,0,0,0
16645,2025-09-02,155,9,0,0,0,9
16646,2025-09-02,156,28,0,1,0,27
16647,2025-09-02,157,22,0,1,0,21
16648,2025-09-02,158,38,0,2,0,36
16649,2025-09-02,159,20,0,1,0,19
16650,2025-09-02,160,29,0,0,0,29
16651,2025-09-02,161,11,0,0,0,11
16652,2025-09-02,162,0,0,0,0,0
16653,2025-09-02,163,8,0,0,0,8
16654,2025-09-02,164,24,0,0,0,24
16655,2025-09-02,165,7,0,0,0,7
16656,2025-09-02,166,30,0,3,0,27
16657,2025-09-02,167,26,0,1,0,25
16658,2025-09-02,168,24,0,0,0,24
16659,2025-09-02,169,4,0,0,0,4
16660,2025-09-02,170,50,0,0,0,50
16661,2025-09-03,101,26,0,1,0,25
16662,2025-09-03,102,0,0,0,0,0
16663,2025-09-03,103,0,0,0,0,0
16664,2025-09-03,104,16,0,0,0,16
16665,2025-09-03,105,21,0,0,0,21
16666,2025-09-03,106,20,0,2,0,18
16667,2025-09-03,108,9,0,0,0,9
16668,2025-09-03,109,24,0,0,0,24
16669,2025-09-03,110,14,0,2,0,12
16670,2025-09-03,112,48,0,0,0,48
16671,2025-09-03,113,0,0,0,0,0
16672,2025-09-03,114,12,0,0,0,12
16673,2025-09-03,115,0,0,0,0,0
16674,2025-09-03,116,32,0,1,0,31
16675,2025-09-03,117,22,0,0,0,22
16676,2025-09-03,118,54,0,0,0,54
16677,2025-09-03,119,49,0,0,0,49
16678,2025-09-03,120,0,0,0,0,0
16679,2025-09-03,121,0,0,0,0,0
16680,2025-09-03,122,7,0,0,0,7
16681,2025-09-03,123,28,0,1,0,27
16682,2025-09-03,124,0,0,0,0,0
16683,2025-09-03,125,12,0,0,0,12
16684,2025-09-03,126,8,0,1,0,7
16685,2025-09-03,127,23,0,0,0,23
16686,2025-09-03,128,0,0,0,0,0
16687,2025-09-03,129,9,0,0,0,9
16688,2025-09-03,130,6,0,0,0,6
16689,2025-09-03,131,24,0,0,0,24
16690,2025-09-03,132,0,0,0,0,0
16691,2025-09-03,133,0,0,0,0,0
16692,2025-09-03,134,14,0,0,0,14
16693,2025-09-03,135,10,0,1,0,9
16694,2025-09-03,136,0,0,0,0,0
16695,2025-09-03,137,0,0,0,0,0
16696,2025-09-03,138,18,0,1,0,17
16697,2025-09-03,139,10,0,0,0,10
16698,2025-09-03,140,0,0,0,0,0
16699,2025-09-03,141,18,0,0,0,18
16700,2025-09-03,142,30,0,1,0,29
16701,2025-09-03,143,23,0,0,0,23
16702,2025-09-03,144,0,0,0,0,0
16703,2025-09-03,145,21,0,1,0,20
16704,2025-09-03,146,10,0,0,-1,9
16705,2025-09-03,147,0,0,0,0,0
16706,2025-09-03,148,11,0,0,0,11
16707,2025-09-03,149,21,0,0,0,21
16708,2025-09-03,150,8,0,0,0,8
16709,2025-09-03,151,41,0,2,0,39
16710,2025-09-03,152,18,0,0,0,18
16711,2025-09-03,153,0,0,0,0,0
16712,2025-09-03,154,0,0,0,0,0
16713,2025-09-03,155,9,0,0,0,9
16714,2025-09-03,156,27,0,0,0,27
16715,2025-09-03,157,21,0,0,0,21
16716,2025-09-03,158,36,0,2,0,34
16717,2025-09-03,159,19,0,1,0,18
16718,2025-09-03,160,29,0,0,0,29
16719,2025-09-03,161,11,0,0,0,11
16720,2025-09-03,162,0,0,0,0,0
16721,2025-09-03,163,8,0,0,0,8
16722,2025-09-03,164,24,0,0,0,24
16723,2025-09-03,165,7,0,0,0,7
16724,2025-09-03,166,27,0,3,0,24
16725,2025-09-03,167,25,0,1,0,24
16726,2025-09-03,168,24,0,0,0,24
16727,2025-09-03,169,4,0,1,0,3
16728,2025-09-03,170,50,0,3,0,47
16729,2025-09-04,101,25,0,0,0,25
16730,2025-09-04,102,0,0,0,0,0
16731,2025-09-04,103,0,0,0,0,0
16732,2025-09-04,104,16,0,0,0,16
16733,2025-09-04,105,21,0,1,0,20
16734,2025-09-04,106,18,0,1,0,17
16735,2025-09-04,108,9,0,0,0,9
16736,2025-09-04,109,24,0,0,0,24
16737,2025-09-04,110,12,0,3,0,9
16738,2025-09-04,112,48,0,3,0,45
16739,2025-09-04,113,0,0,0,0,0
16740,2025-09-04,114,12,0,0,0,12
16741,2025-09-04,115,0,0,0,0,0
16742,2025-09-04,116,31,0,0,0,31
16743,2025-09-04,117,22,0,0,0,22
16744,2025-09-04,118,54,0,0,0,54
16745,2025-09-04,119,49,0,0,0,49
16746,2025-09-04,120,0,0,0,0,0
16747,2025-09-04,121,0,0,0,0,0
16748,2025-09-04,122,7,0,0,0,7
16749,2025-09-04,123,27,0,0,0,27
16750,2025-09-04,124,0,0,0,0,0
16751,2025-09-04,125,12,0,0,0,12
16752,2025-09-04,126,7,0,0,0,7
16753,2025-09-04,127,23,0,0,0,23
16754,2025-09-04,128,0,0,0,0,0
16755,2025-09-04,129,9,0,0,0,9
16756,2025-09-04,130,6,0,0,0,6
16757,2025-09-04,131,24,0,2,0,22
16758,2025-09-04,132,0,0,0,0,0
16759,2025-09-04,133,0,0,0,0,0
16760,2025-09-04,134,14,0,1,0,13
16761,2025-09-04,135,9,0,0,0,9
16762,2025-09-04,136,0,0,0,0,0
16763,2025-09-04,137,0,0,0,0,0
16764,2025-09-04,138,17,0,0,0,17
16765,2025-09-04,139,10,0,0,0,10
16766,2025-09-04,140,0,0,0,0,0
16767,2025-09-04,141,18,0,0,0,18
16768,2025-09-04,142,29,0,0,0,29
16769,2025-09-04,143,23,0,2,0,21
16770,2025-09-04,144,0,0,0,0,0
16771,2025-09-04,145,20,0,0,0,20
16772,2025-09-04,146,9,0,0,0,9
16773,2025-09-04,147,0,0,0,0,0
16774,2025-09-04,148,11,0,0,0,11
16775,2025-09-04,149,21,0,0,0,21
16776,2025-09-04,150,8,0,0,0,8
16777,2025-09-04,151,39,0,2,0,37
16778,2025-09-04,152,18,0,0,0,18
16779,2025-09-04,153,0,0,0,0,0
16780,2025-09-04,154,0,0,0,0,0
16781,2025-09-04,155,9,0,0,0,9
16782,2025-09-04,156,27,0,0,0,27
16783,2025-09-04,157,21,0,0,0,21
16784,2025-09-04,158,34,0,1,0,33
16785,2025-09-04,159,18,0,4,0,14
16786,2025-09-04,160,29,0,1,0,28
16787,2025-09-04,161,11,0,0,0,11
16788,2025-09-04,162,0,0,0,0,0
16789,2025-09-04,163,8,0,2,0,6
16790,2025-09-04,164,24,0,1,0,23
16791,2025-09-04,165,7,0,0,0,7
16792,2025-09-04,166,24,0,1,0,23
16793,2025-09-04,167,24,0,3,0,21
16794,2025-09-04,168,24,0,1,0,23
16795,2025-09-04,169,3,0,0,0,3
16796,2025-09-04,170,47,0,1,0,46
16797,2025-09-05,101,25,0,1,-3,21
16798,2025-09-05,102,0,0,0,0,0
16799,2025-09-05,103,0,0,0,0,0
16800,2025-09-05,104,16,0,2,0,14
16801,2025-09-05,105,20,0,1,0,19
16802,2025-09-05,106,17,0,1,0,16
16803,2025-09-05,108,9,0,0,0,9
16804,2025-09-05,109,24,0,0,0,24
16805,2025-09-05,110,9,0,0,0,9
16806,2025-09-05,112,45,0,0,0,45
16807,2025-09-05,113,0,0,0,0,0
16808,2025-09-05,114,12,0,0,0,12
16809,2025-09-05,115,0,0,0,0,0
16810,2025-09-05,116,31,0,1,0,30
16811,2025-09-05,117,22,0,0,0,22
16812,2025-09-05,118,54,0,1,0,53
16813,2025-09-05,119,49,0,4,0,45
16814,2025-09-05,120,0,0,0,0,0
16815,2025-09-05,121,0,0,0,0,0
16816,2025-09-05,122,7,0,1,0,6
16817,2025-09-05,123,27,0,0,0,27
16818,2025-09-05,124,0,0,0,0,0
16819,2025-09-05,125,12,0,0,0,12
16820,2025-09-05,126,7,0,0,0,7
16821,2025-09-05,127,23,0,0,0,23
16822,2025-09-05,128,0,0,0,0,0
16823,2025-09-05,129,9,0,0,0,9
16824,2025-09-05,130,6,0,0,0,6
16825,2025-09-05,131,22,0,2,0,20
16826,2025-09-05,132,0,0,0,0,0
16827,2025-09-05,133,0,0,0,0,0
16828,2025-09-05,134,13,0,2,0,11
16829,2025-09-05,135,9,0,0,0,9
16830,2025-09-05,136,0,0,0,0,0
16831,2025-09-05,137,0,0,0,0,0
16832,2025-09-05,138,17,0,1,0,16
16833,2025-09-05,139,10,0,1,0,9
16834,2025-09-05,140,0,0,0,0,0
16835,2025-09-05,141,18,0,0,0,18
16836,2025-09-05,142,29,0,1,0,28
16837,2025-09-05,143,21,0,0,0,21
16838,2025-09-05,144,0,0,0,0,0
16839,2025-09-05,145,20,0,0,0,20
16840,2025-09-05,146,9,0,1,0,8
16841,2025-09-05,147,0,0,0,0,0
16842,2025-09-05,148,11,0,0,0,11
16843,2025-09-05,149,21,0,0,0,21
16844,2025-09-05,150,8,0,0,0,8
16845,2025-09-05,151,37,0,1,0,36
16846,2025-09-05,152,18,0,1,0,17
16847,2025-09-05,153,0,0,0,0,0
16848,2025-09-05,154,0,0,0,0,0
16849,2025-09-05,155,9,0,0,0,9
16850,2025-09-05,156,27,0,2,0,25
16851,2025-09-05,157,21,0,0,0,21
16852,2025-09-05,158,33,0,3,0,30
16853,2025-09-05,159,14,0,0,0,14
16854,2025-09-05,160,28,0,1,0,27
16855,2025-09-05,161,11,0,2,0,9
16856,2025-09-05,162,0,0,0,0,0
16857,2025-09-05,163,6,0,0,0,6
16858,2025-09-05,164,23,0,1,0,22
16859,2025-09-05,165,7,0,0,0,7
16860,2025-09-05,166,23,0,1,0,22
16861,2025-09-05,167,21,0,1,0,20
16862,2025-09-05,168,23,0,1,0,22
16863,2025-09-05,169,3,0,0,0,3
16864,2025-09-05,170,46,0,0,0,46
16865,2025-09-06,101,21,0,1,0,20
16866,2025-09-06,102,0,0,0,0,0
16867,2025-09-06,103,0,0,0,0,0
16868,2025-09-06,104,14,0,0,0,14
16869,2025-09-06,105,19,0,1,0,18
16870,2025-09-06,106,16,29,0,0,45
16871,2025-09-06,108,9,0,0,-1,8
16872,2025-09-06,109,24,0,0,0,24
16873,2025-09-06,110,9,41,0,0,50
16874,2025-09-06,112,45,0,0,0,45
16875,2025-09-06,113,0,0,0,0,0
16876,2025-09-06,114,12,0,0,0,12
16877,2025-09-06,115,0,0,0,0,0
16878,2025-09-06,116,30,0,3,0,27
16879,2025-09-06,117,22,0,0,0,22
16880,2025-09-06,118,53,0,2,-3,48
16881,2025-09-06,119,45,0,1,0,44
16882,2025-09-06,120,0,0,0,0,0
16883,2025-09-06,121,0,0,0,0,0
16884,2025-09-06,122,6,0,0,0,6
16885,2025-09-06,123,27,0,1,0,26
16886,2025-09-06,124,0,0,0,0,0
16887,2025-09-06,125,12,0,0,0,12
16888,2025-09-06,126,7,0,1,0,6
16889,2025-09-06,127,23,0,0,0,23
16890,2025-09-06,128,0,0,0,0,0
16891,2025-09-06,129,9,0,0,0,9
16892,2025-09-06,130,6,0,0,0,6
16893,2025-09-06,131,20,0,1,0,19
16894,2025-09-06,132,0,0,0,0,0
16895,2025-09-06,133,0,0,0,0,0
16896,2025-09-06,134,11,0,1,0,10
16897,2025-09-06,135,9,0,0,0,9
16898,2025-09-06,136,0,0,0,0,0
16899,2025-09-06,137,0,0,0,0,0
16900,2025-09-06,138,16,0,1,0,15
16901,2025-09-06,139,9,0,0,0,9
16902,2025-09-06,140,0,0,0,0,0
16903,2025-09-06,141,18,0,0,0,18
16904,2025-09-06,142,28,0,1,0,27
16905,2025-09-06,143,21,0,2,0,19
16906,2025-09-06,144,0,0,0,0,0
16907,2025-09-06,145,20,0,0,0,20
16908,2025-09-06,146,8,0,1,0,7
16909,2025-09-06,147,0,0,0,0,0
16910,2025-09-06,148,11,0,0,0,11
16911,2025-09-06,149,21,0,1,0,20
16912,2025-09-06,150,8,0,0,0,8
16913,2025-09-06,151,36,0,3,0,33
16914,2025-09-06,152,17,0,0,0,17
16915,2025-09-06,153,0,0,0,0,0
16916,2025-09-06,154,0,0,0,0,0
16917,2025-09-06,155,9,0,2,0,7
16918,2025-09-06,156,25,0,2,0,23
16919,2025-09-06,157,21,0,0,0,21
16920,2025-09-06,158,30,0,0,0,30
16921,2025-09-06,159,14,0,4,0,10
16922,2025-09-06,160,27,0,0,0,27
16923,2025-09-06,161,9,0,0,0,9
16924,2025-09-06,162,0,0,0,0,0
16925,2025-09-06,163,6,0,0,0,6
16926,2025-09-06,164,22,0,0,0,22
16927,2025-09-06,165,7,0,1,0,6
16928,2025-09-06,166,22,0,1,0,21
16929,2025-09-06,167,20,0,2,0,18
16930,2025-09-06,168,22,0,0,0,22
16931,2025-09-06,169,3,0,0,0,3
16932,2025-09-06,170,46,0,1,0,45
16933,2025-09-07,101,20,0,0,0,20
16934,2025-09-07,102,0,0,0,0,0
16935,2025-09-07,103,0,0,0,0,0
16936,2025-09-07,104,14,0,0,0,14
16937,2025-09-07,105,18,0,0,0,18
16938,2025-09-07,106,45,0,0,0,45
16939,2025-09-07,108,8,0,0,0,8
16940,2025-09-07,109,24,0,1,0,23
16941,2025-09-07,110,50,0,0,0,50
16942,2025-09-07,112,45,0,3,0,42
16943,2025-09-07,113,0,0,0,0,0
16944,2025-09-07,114,12,0,0,0,12
16945,2025-09-07,115,0,0,0,0,0
16946,2025-09-07,116,27,0,0,0,27
16947,2025-09-07,117,22,0,0,0,22
16948,2025-09-07,118,48,0,0,0,48
16949,2025-09-07,119,44,0,0,0,44
16950,2025-09-07,120,0,0,0,0,0
16951,2025-09-07,121,0,0,0,0,0
16952,2025-09-07,122,6,0,0,0,6
16953,2025-09-07,123,26,0,0,0,26
16954,2025-09-07,124,0,0,0,0,0
16955,2025-09-07,125,12,0,0,0,12
16956,2025-09-07,126,6,0,0,0,6
16957,2025-09-07,127,23,0,0,0,23
16958,2025-09-07,128,0,0,0,0,0
16959,2025-09-07,129,9,0,0,0,9
16960,2025-09-07,130,6,0,0,-1,5
16961,2025-09-07,131,19,0,1,0,18
16962,2025-09-07,132,0,0,0,0,0
16963,2025-09-07,133,0,0,0,0,0
16964,2025-09-07,134,10,0,0,0,10
16965,2025-09-07,135,9,0,0,0,9
16966,2025-09-07,136,0,0,0,0,0
16967,2025-09-07,137,0,0,0,0,0
16968,2025-09-07,138,15,0,1,0,14
16969,2025-09-07,139,9,0,1,0,8
16970,2025-09-07,140,0,0,0,0,0
16971,2025-09-07,141,18,0,1,0,17
16972,2025-09-07,142,27,0,0,0,27
16973,2025-09-07,143,19,0,3,0,16
16974,2025-09-07,144,0,0,0,0,0
16975,2025-09-07,145,20,0,0,0,20
16976,2025-09-07,146,7,0,1,0,6
16977,2025-09-07,147,0,0,0,0,0
16978,2025-09-07,148,11,0,0,0,11
16979,2025-09-07,149,20,0,0,0,20
16980,2025-09-07,150,8,0,0,0,8
16981,2025-09-07,151,33,0,1,0,32
16982,2025-09-07,152,17,0,0,0,17
16983,2025-09-07,153,0,0,0,0,0
16984,2025-09-07,154,0,0,0,0,0
16985,2025-09-07,155,7,0,0,0,7
16986,2025-09-07,156,23,0,1,0,22
16987,2025-09-07,157,21,0,0,0,21
16988,2025-09-07,158,30,0,1,0,29
16989,2025-09-07,159,10,0,1,0,9
16990,2025-09-07,160,27,0,2,-1,24
16991,2025-09-07,161,9,0,0,0,9
16992,2025-09-07,162,0,0,0,0,0
16993,2025-09-07,163,6,0,0,0,6
16994,2025-09-07,164,22,0,1,0,21
16995,2025-09-07,165,6,0,0,0,6
16996,2025-09-07,166,21,0,3,0,18
16997,2025-09-07,167,18,0,1,0,17
16998,2025-09-07,168,22,0,2,0,20
16999,2025-09-07,169,3,0,1,0,2
17000,2025-09-07,170,45,0,2,0,43
17001,2025-09-08,101,20,0,1,0,19
17002,2025-09-08,102,0,0,0,0,0
17003,2025-09-08,103,0,0,0,0,0
17004,2025-09-08,104,14,0,1,0,13
17005,2025-09-08,105,18,0,0,0,18
17006,2025-09-08,106,45,0,3,0,42
17007,2025-09-08,108,8,0,0,0,8
17008,2025-09-08,109,23,0,0,0,23
17009,2025-09-08,110,50,0,0,0,50
17010,2025-09-08,112,42,0,0,0,42
17011,2025-09-08,113,0,0,0,0,0
17012,2025-09-08,114,12,0,0,0,12
17013,2025-09-08,115,0,0,0,0,0
17014,2025-09-08,116,27,0,0,0,27
17015,2025-09-08,117,22,0,0,0,22
17016,2025-09-08,118,48,0,2,0,46
17017,2025-09-08,119,44,0,2,0,42
17018,2025-09-08,120,0,0,0,0,0
17019,2025-09-08,121,0,0,0,0,0
17020,2025-09-08,122,6,0,0,0,6
17021,2025-09-08,123,26,0,0,0,26
17022,2025-09-08,124,0,0,0,0,0
17023,2025-09-08,125,12,0,0,0,12
17024,2025-09-08,126,6,0,0,0,6
17025,2025-09-08,127,23,0,1,0,22
17026,2025-09-08,128,0,0,0,0,0
17027,2025-09-08,129,9,0,1,0,8
17028,2025-09-08,130,5,0,0,0,5
17029,2025-09-08,131,18,48,2,0,64
17030,2025-09-08,132,0,0,0,0,0
17031,2025-09-08,133,0,0,0,0,0
17032,2025-09-08,134,10,0,0,0,10
17033,2025-09-08,135,9,0,1,0,8
17034,2025-09-08,136,0,0,0,0,0
17035,2025-09-08,137,0,0,0,0,0
17036,2025-09-08,138,14,0,1,0,13
17037,2025-09-08,139,8,0,2,0,6
17038,2025-09-08,140,0,0,0,0,0
17039,2025-09-08,141,17,0,0,-2,15
17040,2025-09-08,142,27,0,4,0,23
17041,2025-09-08,143,16,0,2,0,14
17042,2025-09-08,144,0,0,0,0,0
17043,2025-09-08,145,20,0,0,0,20
17044,2025-09-08,146,6,0,1,0,5
17045,2025-09-08,147,0,0,0,0,0
17046,2025-09-08,148,11,0,0,0,11
17047,2025-09-08,149,20,0,1,0,19
17048,2025-09-08,150,8,0,0,0,8
17049,2025-09-08,151,32,0,5,0,27
17050,2025-09-08,152,17,0,0,0,17
17051,2025-09-08,153,0,0,0,0,0
17052,2025-09-08,154,0,0,0,0,0
17053,2025-09-08,155,7,0,0,0,7
17054,2025-09-08,156,22,0,1,0,21
17055,2025-09-08,157,21,0,0,0,21
17056,2025-09-08,158,29,0,0,0,29
17057,2025-09-08,159,9,44,0,0,53
17058,2025-09-08,160,24,0,1,0,23
17059,2025-09-08,161,9,23,1,0,31
17060,2025-09-08,162,0,0,0,0,0
17061,2025-09-08,163,6,0,0,0,6
17062,2025-09-08,164,21,0,0,0,21
17063,2025-09-08,165,6,0,0,0,6
17064,2025-09-08,166,18,0,3,0,15
17065,2025-09-08,167,17,0,1,0,16
17066,2025-09-08,168,20,0,0,0,20
17067,2025-09-08,169,2,0,0,0,2
17068,2025-09-08,170,43,0,1,0,42
17069,2025-09-09,101,19,0,1,0,18
17070,2025-09-09,102,0,0,0,0,0
17071,2025-09-09,103,0,0,0,0,0
17072,2025-09-09,104,13,0,0,0,13
17073,2025-09-09,105,18,0,0,0,18
17074,2025-09-09,106,42,0,0,0,42
17075,2025-09-09,108,8,0,0,0,8
17076,2025-09-09,109,23,0,2,0,21
17077,2025-09-09,110,50,0,3,0,47
17078,2025-09-09,112,42,0,0,0,42
17079,2025-09-09,113,0,0,0,0,0
17080,2025-09-09,114,12,0,0,0,12
17081,2025-09-09,115,0,0,0,0,0
17082,2025-09-09,116,27,0,1,0,26
17083,2025-09-09,117,22,0,0,0,22
17084,2025-09-09,118,46,0,2,0,44
17085,2025-09-09,119,42,0,2,0,40
17086,2025-09-09,120,0,0,0,0,0
17087,2025-09-09,121,0,0,0,0,0
17088,2025-09-09,122,6,0,0,0,6
17089,2025-09-09,123,26,0,0,0,26
17090,2025-09-09,124,0,0,0,0,0
17091,2025-09-09,125,12,0,0,0,12
17092,2025-09-09,126,6,0,0,0,6
17093,2025-09-09,127,22,0,0,0,22
17094,2025-09-09,128,0,0,0,0,0
17095,2025-09-09,129,8,0,0,0,8
17096,2025-09-09,130,5,0,0,0,5
17097,2025-09-09,131,64,0,2,0,62
17098,2025-09-09,132,0,0,0,0,0
17099,2025-09-09,133,0,0,0,0,0
17100,2025-09-09,134,10,0,0,0,10
17101,2025-09-09,135,8,0,0,0,8
17102,2025-09-09,136,0,0,0,0,0
17103,2025-09-09,137,0,0,0,0,0
17104,2025-09-09,138,13,0,0,0,13
17105,2025-09-09,139,6,0,0,0,6
17106,2025-09-09,140,0,0,0,0,0
17107,2025-09-09,141,15,0,1,0,14
17108,2025-09-09,142,23,0,2,0,21
17109,2025-09-09,143,14,0,0,0,14
17110,2025-09-09,144,0,0,0,0,0
17111,2025-09-09,145,20,0,1,0,19
17112,2025-09-09,146,5,0,0,0,5
17113,2025-09-09,147,0,0,0,0,0
17114,2025-09-09,148,11,0,0,0,11
17115,2025-09-09,149,19,0,0,0,19
17116,2025-09-09,150,8,0,1,0,7
17117,2025-09-09,151,27,0,2,0,25
17118,2025-09-09,152,17,0,2,0,15
17119,2025-09-09,153,0,0,0,0,0
17120,2025-09-09,154,0,0,0,0,0
17121,2025-09-09,155,7,0,0,0,7
17122,2025-09-09,156,21,0,3,0,18
17123,2025-09-09,157,21,0,0,0,21
17124,2025-09-09,158,29,0,1,0,28
17125,2025-09-09,159,53,0,1,0,52
17126,2025-09-09,160,23,0,1,0,22
17127,2025-09-09,161,31,0,0,0,31
17128,2025-09-09,162,0,0,0,0,0
17129,2025-09-09,163,6,0,0,0,6
17130,2025-09-09,164,21,0,0,0,21
17131,2025-09-09,165,6,0,1,0,5
17132,2025-09-09,166,15,0,2,0,13
17133,2025-09-09,167,16,0,1,0,15
17134,2025-09-09,168,20,0,2,0,18
17135,2025-09-09,169,2,10,0,0,12
17136,2025-09-09,170,42,0,0,0,42
17137,2025-09-10,101,18,0,2,0,16
17138,2025-09-10,102,0,0,0,0,0
17139,2025-09-10,103,0,0,0,0,0
17140,2025-09-10,104,13,0,0,0,13
17141,2025-09-10,105,18,0,1,0,17
17142,2025-09-10,106,42,0,1,0,41
17143,2025-09-10,108,8,0,0,0,8
17144,2025-09-10,109,21,0,1,0,20
17145,2025-09-10,110,47,0,1,0,46
17146,2025-09-10,112,42,0,0,0,42
17147,2025-09-10,113,0,0,0,0,0
17148,2025-09-10,114,12,0,0,0,12
17149,2025-09-10,115,0,0,0,0,0
17150,2025-09-10,116,26,0,1,0,25
17151,2025-09-10,117,22,0,0,0,22
17152,2025-09-10,118,44,0,3,0,41
17153,2025-09-10,119,40,0,1,0,39
17154,2025-09-10,120,0,0,0,0,0
17155,2025-09-10,121,0,0,0,0,0
17156,2025-09-10,122,6,0,2,0,4
17157,2025-09-10,123,26,0,0,0,26
17158,2025-09-10,124,0,0,0,0,0
17159,2025-09-10,125,12,0,0,0,12
17160,2025-09-10,126,6,0,1,0,5
17161,2025-09-10,127,22,0,1,0,21
17162,2025-09-10,128,0,0,0,0,0
17163,2025-09-10,129,8,0,0,0,8
17164,2025-09-10,130,5,0,1,0,4
17165,2025-09-10,131,62,0,1,0,61
17166,2025-09-10,132,0,0,0,0,0
17167,2025-09-10,133,0,0,0,0,0
17168,2025-09-10,134,10,0,0,0,10
17169,2025-09-10,135,8,0,0,0,8
17170,2025-09-10,136,0,0,0,0,0
17171,2025-09-10,137,0,0,0,0,0
17172,2025-09-10,138,13,0,0,0,13
17173,2025-09-10,139,6,21,0,0,27
17174,2025-09-10,140,0,0,0,0,0
17175,2025-09-10,141,14,0,0,0,14
17176,2025-09-10,142,21,0,1,0,20
17177,2025-09-10,143,14,45,3,0,56
17178,2025-09-10,144,0,0,0,0,0
17179,2025-09-10,145,19,0,0,0,19
17180,2025-09-10,146,5,0,1,0,4
17181,2025-09-10,147,0,0,0,0,0
17182,2025-09-10,148,11,0,0,0,11
17183,2025-09-10,149,19,0,0,0,19
17184,2025-09-10,150,7,0,0,0,7
17185,2025-09-10,151,25,0,1,0,24
17186,2025-09-10,152,15,0,1,0,14
17187,2025-09-10,153,0,0,0,0,0
17188,2025-09-10,154,0,0,0,0,0
17189,2025-09-10,155,7,0,0,0,7
17190,2025-09-10,156,18,0,1,0,17
17191,2025-09-10,157,21,0,1,0,20
17192,2025-09-10,158,28,0,1,0,27
17193,2025-09-10,159,52,0,1,0,51
17194,2025-09-10,160,22,0,1,0,21
17195,2025-09-10,161,31,0,1,0,30
17196,2025-09-10,162,0,0,0,0,0
17197,2025-09-10,163,6,0,0,0,6
17198,2025-09-10,164,21,0,0,0,21
17199,2025-09-10,165,5,0,0,0,5
17200,2025-09-10,166,13,40,1,0,52
17201,2025-09-10,167,15,0,2,0,13
17202,2025-09-10,168,18,0,1,0,17
17203,2025-09-10,169,12,0,0,0,12
17204,2025-09-10,170,42,0,2,0,40
17205,2025-09-11,101,16,0,0,0,16
17206,2025-09-11,102,0,0,0,0,0
17207,2025-09-11,103,0,0,0,0,0
17208,2025-09-11,104,13,0,1,0,12
17209,2025-09-11,105,17,0,1,0,16
17210,2025-09-11,106,41,0,2,0,39
17211,2025-09-11,108,8,0,0,0,8
17212,2025-09-11,109,20,0,0,0,20
17213,2025-09-11,110,46,0,1,0,45
17214,2025-09-11,112,42,0,1,0,41
17215,2025-09-11,113,0,0,0,0,0
17216,2025-09-11,114,12,0,0,0,12
17217,2025-09-11,115,0,0,0,0,0
17218,2025-09-11,116,25,0,2,0,23
17219,2025-09-11,117,22,0,1,0,21
17220,2025-09-11,118,41,0,2,-2,37
17221,2025-09-11,119,39,0,1,0,38
17222,2025-09-11,120,0,0,0,0,0
17223,2025-09-11,121,0,0,0,0,0
17224,2025-09-11,122,4,0,0,0,4
17225,2025-09-11,123,26,0,0,0,26
17226,2025-09-11,124,0,0,0,0,0
17227,2025-09-11,125,12,0,0,0,12
17228,2025-09-11,126,5,0,0,0,5
17229,2025-09-11,127,21,0,2,0,19
17230,2025-09-11,128,0,0,0,0,0
17231,2025-09-11,129,8,0,0,0,8
17232,2025-09-11,130,4,0,0,0,4
17233,2025-09-11,131,61,0,1,0,60
17234,2025-09-11,132,0,0,0,0,0
17235,2025-09-11,133,0,0,0,0,0
17236,2025-09-11,134,10,0,0,0,10
17237,2025-09-11,135,8,0,0,0,8
17238,2025-09-11,136,0,0,0,0,0
17239,2025-09-11,137,0,0,0,0,0
17240,2025-09-11,138,13,0,0,0,13
17241,2025-09-11,139,27,0,2,0,25
17242,2025-09-11,140,0,0,0,0,0
17243,2025-09-11,141,14,0,2,0,12
17244,2025-09-11,142,20,0,0,0,20
17245,2025-09-11,143,56,0,1,0,55
17246,2025-09-11,144,0,0,0,0,0
17247,2025-09-11,145,19,0,1,0,18
17248,2025-09-11,146,4,0,0,0,4
17249,2025-09-11,147,0,0,0,0,0
17250,2025-09-11,148,11,0,1,0,10
17251,2025-09-11,149,19,0,0,0,19
17252,2025-09-11,150,7,0,0,0,7
17253,2025-09-11,151,24,0,1,0,23
17254,2025-09-11,152,14,0,0,0,14
17255,2025-09-11,153,0,0,0,0,0
17256,2025-09-11,154,0,0,0,0,0
17257,2025-09-11,155,7,0,1,0,6
17258,2025-09-11,156,17,0,1,0,16
17259,2025-09-11,157,20,0,0,0,20
17260,2025-09-11,158,27,0,3,0,24
17261,2025-09-11,159,51,0,1,0,50
17262,2025-09-11,160,21,0,0,0,21
17263,2025-09-11,161,30,0,0,0,30
17264,2025-09-11,162,0,0,0,0,0
17265,2025-09-11,163,6,0,0,0,6
17266,2025-09-11,164,21,0,0,0,21
17267,2025-09-11,165,5,0,0,0,5
17268,2025-09-11,166,52,0,0,0,52
17269,2025-09-11,167,13,0,1,0,12
17270,2025-09-11,168,17,0,0,0,17
17271,2025-09-11,169,12,0,1,0,11
17272,2025-09-11,170,40,0,2,0,38
17273,2025-09-12,101,16,0,1,0,15
17274,2025-09-12,102,0,0,0,0,0
17275,2025-09-12,103,0,0,0,0,0
17276,2025-09-12,104,12,0,1,0,11
17277,2025-09-12,105,16,0,1,0,15
17278,2025-09-12,106,39,0,1,0,38
17279,2025-09-12,108,8,0,0,0,8
17280,2025-09-12,109,20,0,1,0,19
17281,2025-09-12,110,45,0,0,0,45
17282,2025-09-12,112,41,0,1,0,40
17283,2025-09-12,113,0,0,0,0,0
17284,2025-09-12,114,12,0,0,0,12
17285,2025-09-12,115,0,0,0,0,0
17286,2025-09-12,116,23,0,1,0,22
17287,2025-09-12,117,21,0,0,0,21
17288,2025-09-12,118,37,0,0,0,37
17289,2025-09-12,119,38,0,3,0,35
17290,2025-09-12,120,0,0,0,0,0
17291,2025-09-12,121,0,0,0,0,0
17292,2025-09-12,122,4,0,0,0,4
17293,2025-09-12,123,26,0,0,0,26
17294,2025-09-12,124,0,0,0,0,0
17295,2025-09-12,125,12,0,0,0,12
17296,2025-09-12,126,5,0,0,0,5
17297,2025-09-12,127,19,0,0,0,19
17298,2025-09-12,128,0,0,0,0,0
17299,2025-09-12,129,8,0,0,0,8
17300,2025-09-12,130,4,0,0,0,4
17301,2025-09-12,131,60,0,1,0,59
17302,2025-09-12,132,0,0,0,0,0
17303,2025-09-12,133,0,0,0,0,0
17304,2025-09-12,134,10,0,2,0,8
17305,2025-09-12,135,8,0,0,0,8
17306,2025-09-12,136,0,0,0,0,0
17307,2025-09-12,137,0,0,0,0,0
17308,2025-09-12,138,13,0,0,0,13
17309,2025-09-12,139,25,0,0,0,25
17310,2025-09-12,140,0,0,0,0,0
17311,2025-09-12,141,12,0,0,0,12
17312,2025-09-12,142,20,0,1,0,19
17313,2025-09-12,143,55,0,0,0,55
17314,2025-09-12,144,0,0,0,0,0
17315,2025-09-12,145,18,0,0,0,18
17316,2025-09-12,146,4,0,0,0,4
17317,2025-09-12,147,0,0,0,0,0
17318,2025-09-12,148,10,0,0,0,10
17319,2025-09-12,149,19,0,1,0,18
17320,2025-09-12,150,7,0,0,0,7
17321,2025-09-12,151,23,0,2,0,21
17322,2025-09-12,152,14,0,0,0,14
17323,2025-09-12,153,0,0,0,0,0
17324,2025-09-12,154,0,0,0,0,0
17325,2025-09-12,155,6,0,0,0,6
17326,2025-09-12,156,16,0,1,0,15
17327,2025-09-12,157,20,0,1,0,19
17328,2025-09-12,158,24,0,2,0,22
17329,2025-09-12,159,50,0,0,0,50
17330,2025-09-12,160,21,0,1,0,20
17331,2025-09-12,161,30,0,0,0,30
17332,2025-09-12,162,0,0,0,0,0
17333,2025-09-12,163,6,0,0,0,6
17334,2025-09-12,164,21,0,0,0,21
17335,2025-09-12,165,5,0,0,0,5
17336,2025-09-12,166,52,0,3,0,49
17337,2025-09-12,167,12,40,0,0,52
17338,2025-09-12,168,17,0,0,0,17
17339,2025-09-12,169,11,0,0,0,11
17340,2025-09-12,170,38,0,2,0,36
17341,2025-09-13,101,15,0,0,0,15
17342,2025-09-13,102,0,0,0,0,0
17343,2025-09-13,103,0,0,0,0,0
17344,2025-09-13,104,11,0,0,0,11
17345,2025-09-13,105,15,0,1,0,14
17346,2025-09-13,106,38,0,0,0,38
17347,2025-09-13,108,8,0,1,0,7
17348,2025-09-13,109,19,0,1,0,18
17349,2025-09-13,110,45,0,1,0,44
17350,2025-09-13,112,40,0,0,0,40
17351,2025-09-13,113,0,0,0,0,0
17352,2025-09-13,114,12,0,2,0,10
17353,2025-09-13,115,0,0,0,0,0
17354,2025-09-13,116,22,0,0,0,22
17355,2025-09-13,117,21,0,0,0,21
17356,2025-09-13,118,37,0,1,0,36
17357,2025-09-13,119,35,0,1,0,34
17358,2025-09-13,120,0,0,0,0,0
17359,2025-09-13,121,0,0,0,0,0
17360,2025-09-13,122,4,0,0,0,4
17361,2025-09-13,123,26,0,0,0,26
17362,2025-09-13,124,0,0,0,0,0
17363,2025-09-13,125,12,0,0,0,12
17364,2025-09-13,126,5,0,1,0,4
17365,2025-09-13,127,19,0,0,0,19
17366,2025-09-13,128,0,0,0,0,0
17367,2025-09-13,129,8,0,0,0,8
17368,2025-09-13,130,4,0,0,0,4
17369,2025-09-13,131,59,0,1,0,58
17370,2025-09-13,132,0,0,0,0,0
17371,2025-09-13,133,0,0,0,0,0
17372,2025-09-13,134,8,0,1,0,7
17373,2025-09-13,135,8,21,1,0,28
17374,2025-09-13,136,0,0,0,0,0
17375,2025-09-13,137,0,0,0,0,0
17376,2025-09-13,138,13,0,0,0,13
17377,2025-09-13,139,25,0,0,0,25
17378,2025-09-13,140,0,0,0,0,0
17379,2025-09-13,141,12,0,0,0,12
17380,2025-09-13,142,19,0,0,0,19
17381,2025-09-13,143,55,0,0,0,55
17382,2025-09-13,144,0,0,0,0,0
17383,2025-09-13,145,18,0,1,0,17
17384,2025-09-13,146,4,0,0,0,4
17385,2025-09-13,147,0,0,0,0,0
17386,2025-09-13,148,10,0,0,0,10
17387,2025-09-13,149,18,0,0,0,18
17388,2025-09-13,150,7,0,0,0,7
17389,2025-09-13,151,21,0,0,0,21
17390,2025-09-13,152,14,0,0,0,14
17391,2025-09-13,153,0,0,0,0,0
17392,2025-09-13,154,0,0,0,0,0
17393,2025-09-13,155,6,0,1,0,5
17394,2025-09-13,156,15,0,1,0,14
17395,2025-09-13,157,19,0,1,0,18
17396,2025-09-13,158,22,0,1,0,21
17397,2025-09-13,159,50,0,1,0,49
17398,2025-09-13,160,20,0,0,0,20
17399,2025-09-13,161,30,0,0,0,30
17400,2025-09-13,162,0,0,0,0,0
17401,2025-09-13,163,6,0,0,0,6
17402,2025-09-13,164,21,0,0,0,21
17403,2025-09-13,165,5,0,0,0,5
17404,2025-09-13,166,49,0,0,0,49
17405,2025-09-13,167,52,0,2,0,50
17406,2025-09-13,168,17,0,0,0,17
17407,2025-09-13,169,11,0,0,0,11
17408,2025-09-13,170,36,0,0,0,36
17409,2025-09-14,101,15,0,1,0,14
17410,2025-09-14,102,0,0,0,0,0
17411,2025-09-14,103,0,0,0,0,0
17412,2025-09-14,104,11,0,2,0,9
17413,2025-09-14,105,14,0,2,0,12
17414,2025-09-14,106,38,0,1,0,37
17415,2025-09-14,108,7,0,0,0,7
17416,2025-09-14,109,18,0,0,0,18
17417,2025-09-14,110,44,0,2,0,42
17418,2025-09-14,112,40,0,1,0,39
17419,2025-09-14,113,0,0,0,0,0
17420,2025-09-14,114,10,0,0,0,10
17421,2025-09-14,115,0,0,0,0,0
17422,2025-09-14,116,22,0,0,0,22
17423,2025-09-14,117,21,0,2,0,19
17424,2025-09-14,118,36,0,0,0,36
17425,2025-09-14,119,34,0,3,0,31
17426,2025-09-14,120,0,0,0,0,0
17427,2025-09-14,121,0,0,0,0,0
17428,2025-09-14,122,4,0,0,0,4
17429,2025-09-14,123,26,0,0,0,26
17430,2025-09-14,124,0,0,0,0,0
17431,2025-09-14,125,12,0,0,0,12
17432,2025-09-14,126,4,0,0,0,4
17433,2025-09-14,127,19,0,1,0,18
17434,2025-09-14,128,0,0,0,0,0
17435,2025-09-14,129,8,0,0,0,8
17436,2025-09-14,130,4,12,0,0,16
17437,2025-09-14,131,58,0,0,0,58
17438,2025-09-14,132,0,0,0,0,0
17439,2025-09-14,133,0,0,0,0,0
17440,2025-09-14,134,7,0,1,0,6
17441,2025-09-14,135,28,0,0,0,28
17442,2025-09-14,136,0,0,0,0,0
17443,2025-09-14,137,0,0,0,0,0
17444,2025-09-14,138,13,0,0,0,13
17445,2025-09-14,139,25,0,0,0,25
17446,2025-09-14,140,0,0,0,0,0
17447,2025-09-14,141,12,0,2,0,10
17448,2025-09-14,142,19,0,0,0,19
17449,2025-09-14,143,55,0,3,0,52
17450,2025-09-14,144,0,0,0,0,0
17451,2025-09-14,145,17,0,1,0,16
17452,2025-09-14,146,4,0,1,0,3
17453,2025-09-14,147,0,0,0,0,0
17454,2025-09-14,148,10,0,0,0,10
17455,2025-09-14,149,18,0,0,0,18
17456,2025-09-14,150,7,0,0,0,7
17457,2025-09-14,151,21,0,1,0,20
17458,2025-09-14,152,14,0,0,0,14
17459,2025-09-14,153,0,0,0,0,0
17460,2025-09-14,154,0,0,0,0,0
17461,2025-09-14,155,5,0,0,0,5
17462,2025-09-14,156,14,42,3,0,53
17463,2025-09-14,157,18,0,0,0,18
17464,2025-09-14,158,21,0,4,0,17
17465,2025-09-14,159,49,0,1,-1,47
17466,2025-09-14,160,20,0,3,0,17
17467,2025-09-14,161,30,0,0,0,30
17468,2025-09-14,162,0,0,0,0,0
17469,2025-09-14,163,6,0,0,0,6
17470,2025-09-14,164,21,0,2,0,19
17471,2025-09-14,165,5,0,0,0,5
17472,2025-09-14,166,49,0,1,0,48
17473,2025-09-14,167,50,0,2,0,48
17474,2025-09-14,168,17,0,1,0,16
17475,2025-09-14,169,11,0,0,0,11
17476,2025-09-14,170,36,0,2,0,34
17477,2025-09-15,101,14,0,0,0,14
17478,2025-09-15,102,0,0,0,0,0
17479,2025-09-15,103,0,0,0,0,0
17480,2025-09-15,104,9,0,0,0,9
17481,2025-09-15,105,12,0,0,0,12
17482,2025-09-15,106,37,0,2,0,35
17483,2025-09-15,108,7,0,0,0,7
17484,2025-09-15,109,18,0,0,0,18
17485,2025-09-15,110,42,0,1,0,41
17486,2025-09-15,112,39,0,0,0,39
17487,2025-09-15,113,0,0,0,0,0
17488,2025-09-15,114,10,0,0,0,10
17489,2025-09-15,115,0,0,0,0,0
17490,2025-09-15,116,22,0,0,0,22
17491,2025-09-15,117,19,0,0,0,19
17492,2025-09-15,118,36,0,0,0,36
17493,2025-09-15,119,31,0,2,0,29
17494,2025-09-15,120,0,0,0,0,0
17495,2025-09-15,121,0,0,0,0,0
17496,2025-09-15,122,4,0,0,-2,2
17497,2025-09-15,123,26,0,0,0,26
17498,2025-09-15,124,0,0,0,0,0
17499,2025-09-15,125,12,0,1,0,11
17500,2025-09-15,126,4,0,0,0,4
17501,2025-09-15,127,18,0,0,0,18
17502,2025-09-15,128,0,0,0,0,0
17503,2025-09-15,129,8,0,0,0,8
17504,2025-09-15,130,16,0,0,0,16
17505,2025-09-15,131,58,0,1,0,57
17506,2025-09-15,132,0,0,0,0,0
17507,2025-09-15,133,0,0,0,0,0
17508,2025-09-15,134,6,0,0,0,6
17509,2025-09-15,135,28,0,1,0,27
17510,2025-09-15,136,0,0,0,0,0
17511,2025-09-15,137,0,0,0,0,0
17512,2025-09-15,138,13,0,1,0,12
17513,2025-09-15,139,25,0,0,0,25
17514,2025-09-15,140,0,0,0,0,0
17515,2025-09-15,141,10,0,1,0,9
17516,2025-09-15,142,19,0,2,0,17
17517,2025-09-15,143,52,0,0,0,52
17518,2025-09-15,144,0,0,0,0,0
17519,2025-09-15,145,16,0,0,0,16
17520,2025-09-15,146,3,12,0,0,15
17521,2025-09-15,147,0,0,0,0,0
17522,2025-09-15,148,10,0,0,0,10
17523,2025-09-15,149,18,0,3,0,15
17524,2025-09-15,150,7,0,0,0,7
17525,2025-09-15,151,20,0,1,0,19
17526,2025-09-15,152,14,0,0,0,14
17527,2025-09-15,153,0,0,0,0,0
17528,2025-09-15,154,0,0,0,0,0
17529,2025-09-15,155,5,0,0,0,5
17530,2025-09-15,156,53,0,1,0,52
17531,2025-09-15,157,18,0,0,0,18
17532,2025-09-15,158,17,0,1,0,16
17533,2025-09-15,159,47,0,0,0,47
17534,2025-09-15,160,17,0,2,0,15
17535,2025-09-15,161,30,0,1,0,29
17536,2025-09-15,162,0,0,0,0,0
17537,2025-09-15,163,6,0,0,0,6
17538,2025-09-15,164,19,0,3,0,16
17539,2025-09-15,165,5,0,0,0,5
17540,2025-09-15,166,48,0,1,0,47
17541,2025-09-15,167,48,0,0,0,48
17542,2025-09-15,168,16,0,1,0,15
17543,2025-09-15,169,11,0,0,0,11
17544,2025-09-15,170,34,0,1,0,33
17545,2025-09-16,101,14,0,1,0,13
17546,2025-09-16,102,0,0,0,0,0
17547,2025-09-16,103,0,0,0,0,0
17548,2025-09-16,104,9,0,0,-2,7
17549,2025-09-16,105,12,0,1,0,11
17550,2025-09-16,106,35,0,1,0,34
17551,2025-09-16,108,7,0,1,0,6
17552,2025-09-16,109,18,0,0,0,18
17553,2025-09-16,110,41,0,1,0,40
17554,2025-09-16,112,39,0,0,0,39
17555,2025-09-16,113,0,0,0,0,0
17556,2025-09-16,114,10,0,0,0,10
17557,2025-09-16,115,0,0,0,0,0
17558,2025-09-16,116,22,0,0,0,22
17559,2025-09-16,117,19,0,0,0,19
17560,2025-09-16,118,36,0,3,0,33
17561,2025-09-16,119,29,0,1,0,28
17562,2025-09-16,120,0,0,0,0,0
17563,2025-09-16,121,0,0,0,0,0
17564,2025-09-16,122,2,0,0,0,2
17565,2025-09-16,123,26,0,0,0,26
17566,2025-09-16,124,0,0,0,0,0
17567,2025-09-16,125,11,0,0,0,11
17568,2025-09-16,126,4,0,0,0,4
17569,2025-09-16,127,18,0,2,0,16
17570,2025-09-16,128,0,0,0,0,0
17571,2025-09-16,129,8,0,0,0,8
17572,2025-09-16,130,16,0,0,0,16
17573,2025-09-16,131,57,0,1,0,56
17574,2025-09-16,132,0,0,0,0,0
17575,2025-09-16,133,0,0,0,0,0
17576,2025-09-16,134,6,20,0,0,26
17577,2025-09-16,135,27,0,0,0,27
17578,2025-09-16,136,0,0,0,0,0
17579,2025-09-16,137,0,0,0,0,0
17580,2025-09-16,138,12,0,0,0,12
17581,2025-09-16,139,25,0,0,0,25
17582,2025-09-16,140,0,0,0,0,0
17583,2025-09-16,141,9,0,0,0,9
17584,2025-09-16,142,17,0,2,0,15
17585,2025-09-16,143,52,0,2,0,50
17586,2025-09-16,144,0,0,0,0,0
17587,2025-09-16,145,16,0,2,0,14
17588,2025-09-16,146,15,0,0,0,15
17589,2025-09-16,147,0,0,0,0,0
17590,2025-09-16,148,10,0,0,0,10
17591,2025-09-16,149,15,0,1,0,14
17592,2025-09-16,150,7,0,0,0,7
17593,2025-09-16,151,19,0,2,0,17
17594,2025-09-16,152,14,0,0,0,14
17595,2025-09-16,153,0,0,0,0,0
17596,2025-09-16,154,0,0,0,0,0
17597,2025-09-16,155,5,0,0,0,5
17598,2025-09-16,156,52,0,0,0,52
17599,2025-09-16,157,18,0,1,0,17
17600,2025-09-16,158,16,0,2,0,14
17601,2025-09-16,159,47,0,4,0,43
17602,2025-09-16,160,15,0,0,0,15
17603,2025-09-16,161,29,0,0,0,29
17604,2025-09-16,162,0,0,0,0,0
17605,2025-09-16,163,6,0,0,0,6
17606,2025-09-16,164,16,0,1,0,15
17607,2025-09-16,165,5,0,1,0,4
17608,2025-09-16,166,47,0,4,0,43
17609,2025-09-16,167,48,0,3,0,45
17610,2025-09-16,168,15,0,1,0,14
17611,2025-09-16,169,11,0,0,0,11
17612,2025-09-16,170,33,0,0,-1,32
17613,2025-09-17,101,13,0,0,0,13
17614,2025-09-17,102,0,0,0,0,0
17615,2025-09-17,103,0,0,0,0,0
17616,2025-09-17,104,7,20,0,0,27
17617,2025-09-17,105,11,0,2,0,9
17618,2025-09-17,106,34,0,2,0,32
17619,2025-09-17,108,6,0,0,0,6
17620,2025-09-17,109,18,0,0,0,18
17621,2025-09-17,110,40,0,0,0,40
17622,2025-09-17,112,39,0,1,0,38
17623,2025-09-17,113,0,0,0,0,0
17624,2025-09-17,114,10,0,1,0,9
17625,2025-09-17,115,0,0,0,0,0
17626,2025-09-17,116,22,0,1,0,21
17627,2025-09-17,117,19,0,0,0,19
17628,2025-09-17,118,33,0,0,0,33
17629,2025-09-17,119,28,0,2,0,26
17630,2025-09-17,120,0,0,0,0,0
17631,2025-09-17,121,0,0,0,0,0
17632,2025-09-17,122,2,0,0,0,2
17633,2025-09-17,123,26,0,0,0,26
17634,2025-09-17,124,0,0,0,0,0
17635,2025-09-17,125,11,0,0,0,11
17636,2025-09-17,126,4,0,0,0,4
17637,2025-09-17,127,16,0,0,0,16
17638,2025-09-17,128,0,0,0,0,0
17639,2025-09-17,129,8,0,0,0,8
17640,2025-09-17,130,16,0,0,0,16
17641,2025-09-17,131,56,0,0,0,56
17642,2025-09-17,132,0,0,0,0,0
17643,2025-09-17,133,0,0,0,0,0
17644,2025-09-17,134,26,0,0,0,26
17645,2025-09-17,135,27,0,0,0,27
17646,2025-09-17,136,0,0,0,0,0
17647,2025-09-17,137,0,0,0,0,0
17648,2025-09-17,138,12,0,0,0,12
17649,2025-09-17,139,25,0,2,0,23
17650,2025-09-17,140,0,0,0,0,0
17651,2025-09-17,141,9,24,1,0,32
17652,2025-09-17,142,15,46,1,0,60
17653,2025-09-17,143,50,0,1,0,49
17654,2025-09-17,144,0,0,0,0,0
17655,2025-09-17,145,14,0,0,0,14
17656,2025-09-17,146,15,0,0,0,15
17657,2025-09-17,147,0,0,0,0,0
17658,2025-09-17,148,10,0,0,0,10
17659,2025-09-17,149,14,0,0,0,14
17660,2025-09-17,150,7,0,0,0,7
17661,2025-09-17,151,17,0,1,0,16
17662,2025-09-17,152,14,0,0,0,14
17663,2025-09-17,153,0,0,0,0,0
17664,2025-09-17,154,0,0,0,0,0
17665,2025-09-17,155,5,0,1,0,4
17666,2025-09-17,156,52,0,0,0,52
17667,2025-09-17,157,17,0,0,0,17
17668,2025-09-17,158,14,0,1,0,13
17669,2025-09-17,159,43,0,0,0,43
17670,2025-09-17,160,15,0,1,0,14
17671,2025-09-17,161,29,0,0,0,29
17672,2025-09-17,162,0,0,0,0,0
17673,2025-09-17,163,6,0,0,0,6
17674,2025-09-17,164,15,0,0,0,15
17675,2025-09-17,165,4,0,0,0,4
17676,2025-09-17,166,43,0,1,0,42
17677,2025-09-17,167,45,0,0,0,45
17678,2025-09-17,168,14,0,2,0,12
17679,2025-09-17,169,11,0,0,0,11
17680,2025-09-17,170,32,0,0,0,32
17681,2025-09-18,101,13,0,0,0,13
17682,2025-09-18,102,0,0,0,0,0
17683,2025-09-18,103,0,0,0,0,0
17684,2025-09-18,104,27,0,0,0,27
17685,2025-09-18,105,9,0,1,0,8
17686,2025-09-18,106,32,0,2,0,30
17687,2025-09-18,108,6,0,0,0,6
17688,2025-09-18,109,18,0,0,0,18
17689,2025-09-18,110,40,0,1,0,39
17690,2025-09-18,112,38,0,1,0,37
17691,2025-09-18,113,0,0,0,0,0
17692,2025-09-18,114,9,0,0,0,9
17693,2025-09-18,115,0,0,0,0,0
17694,2025-09-18,116,21,0,0,0,21
17695,2025-09-18,117,19,0,0,0,19
17696,2025-09-18,118,33,0,0,0,33
17697,2025-09-18,119,26,0,2,0,24
17698,2025-09-18,120,0,0,0,0,0
17699,2025-09-18,121,0,0,0,0,0
17700,2025-09-18,122,2,0,0,0,2
17701,2025-09-18,123,26,0,0,0,26
17702,2025-09-18,124,0,0,0,0,0
17703,2025-09-18,125,11,0,0,0,11
17704,2025-09-18,126,4,0,0,0,4
17705,2025-09-18,127,16,0,0,0,16
17706,2025-09-18,128,0,0,0,0,0
17707,2025-09-18,129,8,0,0,0,8
17708,2025-09-18,130,16,0,0,0,16
17709,2025-09-18,131,56,0,1,0,55
17710,2025-09-18,132,0,0,0,0,0
17711,2025-09-18,133,0,0,0,0,0
17712,2025-09-18,134,26,0,1,0,25
17713,2025-09-18,135,27,0,1,0,26
17714,2025-09-18,136,0,0,0,0,0
17715,2025-09-18,137,0,0,0,0,0
17716,2025-09-18,138,12,0,0,0,12
17717,2025-09-18,139,23,0,1,0,22
17718,2025-09-18,140,0,0,0,0,0
17719,2025-09-18,141,32,0,0,0,32
17720,2025-09-18,142,60,0,2,0,58
17721,2025-09-18,143,49,0,1,0,48
17722,2025-09-18,144,0,0,0,0,0
17723,2025-09-18,145,14,0,0,0,14
17724,2025-09-18,146,15,0,0,0,15
17725,2025-09-18,147,0,0,0,0,0
17726,2025-09-18,148,10,0,0,0,10
17727,2025-09-18,149,14,0,0,0,14
17728,2025-09-18,150,7,0,1,0,6
17729,2025-09-18,151,16,0,0,0,16
17730,2025-09-18,152,14,0,0,0,14
17731,2025-09-18,153,0,0,0,0,0
17732,2025-09-18,154,0,0,0,0,0
17733,2025-09-18,155,4,0,0,0,4
17734,2025-09-18,156,52,0,0,0,52
17735,2025-09-18,157,17,0,0,0,17
17736,2025-09-18,158,13,40,5,0,48
17737,2025-09-18,159,43,0,1,0,42
17738,2025-09-18,160,14,0,0,0,14
17739,2025-09-18,161,29,0,1,0,28
17740,2025-09-18,162,0,0,0,0,0
17741,2025-09-18,163,6,0,0,0,6
17742,2025-09-18,164,15,0,1,0,14
17743,2025-09-18,165,4,0,0,0,4
17744,2025-09-18,166,42,0,0,0,42
17745,2025-09-18,167,45,0,3,0,42
17746,2025-09-18,168,12,0,1,0,11
17747,2025-09-18,169,11,0,0,0,11
17748,2025-09-18,170,32,0,1,0,31
17749,2025-09-19,101,13,0,1,0,12
17750,2025-09-19,102,0,0,0,0,0
17751,2025-09-19,103,0,0,0,0,0
17752,2025-09-19,104,27,0,1,0,26
17753,2025-09-19,105,8,0,0,0,8
17754,2025-09-19,106,30,0,0,0,30
17755,2025-09-19,108,6,0,0,0,6
17756,2025-09-19,109,18,0,1,0,17
17757,2025-09-19,110,39,0,0,0,39
17758,2025-09-19,112,37,0,1,0,36
17759,2025-09-19,113,0,0,0,0,0
17760,2025-09-19,114,9,0,0,0,9
17761,2025-09-19,115,0,0,0,0,0
17762,2025-09-19,116,21,0,1,0,20
17763,2025-09-19,117,19,0,0,0,19
17764,2025-09-19,118,33,0,1,0,32
17765,2025-09-19,119,24,0,2,0,22
17766,2025-09-19,120,0,0,0,0,0
17767,2025-09-19,121,0,0,0,0,0
17768,2025-09-19,122,2,0,1,0,1
17769,2025-09-19,123,26,0,0,0,26
17770,2025-09-19,124,0,0,0,0,0
17771,2025-09-19,125,11,0,0,0,11
17772,2025-09-19,126,4,0,0,0,4
17773,2025-09-19,127,16,0,0,0,16
17774,2025-09-19,128,0,0,0,0,0
17775,2025-09-19,129,8,0,0,0,8
17776,2025-09-19,130,16,0,0,0,16
17777,2025-09-19,131,55,0,1,0,54
17778,2025-09-19,132,0,0,0,0,0
17779,2025-09-19,133,0,0,0,0,0
17780,2025-09-19,134,25,0,2,0,23
17781,2025-09-19,135,26,0,0,0,26
17782,2025-09-19,136,0,0,0,0,0
17783,2025-09-19,137,0,0,0,0,0
17784,2025-09-19,138,12,0,0,0,12
17785,2025-09-19,139,22,0,1,0,21
17786,2025-09-19,140,0,0,0,0,0
17787,2025-09-19,141,32,0,1,0,31
17788,2025-09-19,142,58,0,0,0,58
17789,2025-09-19,143,48,0,0,0,48
17790,2025-09-19,144,0,0,0,0,0
17791,2025-09-19,145,14,0,0,0,14
17792,2025-09-19,146,15,0,1,0,14
17793,2025-09-19,147,0,0,0,0,0
17794,2025-09-19,148,10,0,1,0,9
17795,2025-09-19,149,14,0,1,0,13
17796,2025-09-19,150,6,0,0,0,6
17797,2025-09-19,151,16,0,0,0,16
17798,2025-09-19,152,14,0,0,0,14
17799,2025-09-19,153,0,0,0,0,0
17800,2025-09-19,154,0,0,0,0,0
17801,2025-09-19,155,4,0,0,0,4
17802,2025-09-19,156,52,0,2,0,50
17803,2025-09-19,157,17,0,0,0,17
17804,2025-09-19,158,48,0,2,0,46
17805,2025-09-19,159,42,0,1,0,41
17806,2025-09-19,160,14,0,1,0,13
17807,2025-09-19,161,28,0,1,0,27
17808,2025-09-19,162,0,0,0,0,0
17809,2025-09-19,163,6,0,0,0,6
17810,2025-09-19,164,14,0,1,0,13
17811,2025-09-19,165,4,0,0,0,4
17812,2025-09-19,166,42,0,2,0,40
17813,2025-09-19,167,42,0,2,0,40
17814,2025-09-19,168,11,0,0,0,11
17815,2025-09-19,169,11,0,0,0,11
17816,2025-09-19,170,31,0,0,0,31
17817,2025-09-20,101,12,0,0,-1,11
17818,2025-09-20,102,0,0,0,0,0
17819,2025-09-20,103,0,0,0,0,0
17820,2025-09-20,104,26,0,1,0,25
17821,2025-09-20,105,8,0,1,0,7
17822,2025-09-20,106,30,0,1,0,29
17823,2025-09-20,108,6,0,0,0,6
17824,2025-09-20,109,17,0,1,0,16
17825,2025-09-20,110,39,0,0,0,39
17826,2025-09-20,112,36,0,4,0,32
17827,2025-09-20,113,0,0,0,0,0
17828,2025-09-20,114,9,0,0,0,9
17829,2025-09-20,115,0,0,0,0,0
17830,2025-09-20,116,20,0,0,0,20
17831,2025-09-20,117,19,0,0,0,19
17832,2025-09-20,118,32,0,1,0,31
17833,2025-09-20,119,22,0,3,0,19
17834,2025-09-20,120,0,0,0,0,0
17835,2025-09-20,121,0,0,0,0,0
17836,2025-09-20,122,1,0,0,0,1
17837,2025-09-20,123,26,0,0,0,26
17838,2025-09-20,124,0,0,0,0,0
17839,2025-09-20,125,11,0,0,0,11
17840,2025-09-20,126,4,0,0,0,4
17841,2025-09-20,127,16,0,0,0,16
17842,2025-09-20,128,0,0,0,0,0
17843,2025-09-20,129,8,0,1,0,7
17844,2025-09-20,130,16,0,0,0,16
17845,2025-09-20,131,54,0,1,0,53
17846,2025-09-20,132,0,0,0,0,0
17847,2025-09-20,133,0,0,0,0,0
17848,2025-09-20,134,23,0,1,0,22
17849,2025-09-20,135,26,0,1,0,25
17850,2025-09-20,136,0,0,0,0,0
17851,2025-09-20,137,0,0,0,0,0
17852,2025-09-20,138,12,0,0,0,12
17853,2025-09-20,139,21,0,0,0,21
17854,2025-09-20,140,0,0,0,0,0
17855,2025-09-20,141,31,0,0,0,31
17856,2025-09-20,142,58,0,0,0,58
17857,2025-09-20,143,48,0,0,0,48
17858,2025-09-20,144,0,0,0,0,0
17859,2025-09-20,145,14,0,1,0,13
17860,2025-09-20,146,14,0,0,-3,11
17861,2025-09-20,147,0,0,0,0,0
17862,2025-09-20,148,9,0,0,0,9
17863,2025-09-20,149,13,0,1,0,12
17864,2025-09-20,150,6,0,0,0,6
17865,2025-09-20,151,16,0,1,0,15
17866,2025-09-20,152,14,0,0,0,14
17867,2025-09-20,153,0,0,0,0,0
17868,2025-09-20,154,0,0,0,0,0
17869,2025-09-20,155,4,0,0,0,4
17870,2025-09-20,156,50,0,0,0,50
17871,2025-09-20,157,17,0,0,0,17
17872,2025-09-20,158,46,0,1,0,45
17873,2025-09-20,159,41,0,4,0,37
17874,2025-09-20,160,13,0,0,0,13
17875,2025-09-20,161,27,0,0,0,27
17876,2025-09-20,162,0,0,0,0,0
17877,2025-09-20,163,6,0,0,0,6
17878,2025-09-20,164,13,0,1,0,12
17879,2025-09-20,165,4,0,0,0,4
17880,2025-09-20,166,40,0,2,0,38
17881,2025-09-20,167,40,0,1,0,39
17882,2025-09-20,168,11,0,1,0,10
17883,2025-09-20,169,11,0,0,0,11
17884,2025-09-20,170,31,0,1,0,30
17885,2025-09-21,101,11,0,0,0,11
17886,2025-09-21,102,0,0,0,0,0
17887,2025-09-21,103,0,0,0,0,0
17888,2025-09-21,104,25,0,0,0,25
17889,2025-09-21,105,7,0,0,0,7
17890,2025-09-21,106,29,0,1,0,28
17891,2025-09-21,108,6,0,0,0,6
17892,2025-09-21,109,16,0,1,0,15
17893,2025-09-21,110,39,0,0,0,39
17894,2025-09-21,112,32,0,0,0,32
17895,2025-09-21,113,0,0,0,0,0
17896,2025-09-21,114,9,0,0,0,9
17897,2025-09-21,115,0,0,0,0,0
17898,2025-09-21,116,20,0,0,0,20
17899,2025-09-21,117,19,0,1,0,18
17900,2025-09-21,118,31,0,2,0,29
17901,2025-09-21,119,19,0,1,0,18
17902,2025-09-21,120,0,0,0,0,0
17903,2025-09-21,121,0,0,0,0,0
17904,2025-09-21,122,1,0,0,0,1
17905,2025-09-21,123,26,0,1,0,25
17906,2025-09-21,124,0,0,0,0,0
17907,2025-09-21,125,11,0,0,0,11
17908,2025-09-21,126,4,0,0,0,4
17909,2025-09-21,127,16,0,0,0,16
17910,2025-09-21,128,0,0,0,0,0
17911,2025-09-21,129,7,0,0,0,7
17912,2025-09-21,130,16,0,0,0,16
17913,2025-09-21,131,53,0,1,0,52
17914,2025-09-21,132,0,0,0,0,0
17915,2025-09-21,133,0,0,0,0,0
17916,2025-09-21,134,22,0,0,0,22
17917,2025-09-21,135,25,0,1,0,24
17918,2025-09-21,136,0,0,0,0,0
17919,2025-09-21,137,0,0,0,0,0
17920,2025-09-21,138,12,0,0,0,12
17921,2025-09-21,139,21,0,1,0,20
17922,2025-09-21,140,0,0,0,0,0
17923,2025-09-21,141,31,0,0,0,31
17924,2025-09-21,142,58,0,0,0,58
17925,2025-09-21,143,48,0,0,0,48
17926,2025-09-21,144,0,0,0,0,0
17927,2025-09-21,145,13,0,0,0,13
17928,2025-09-21,146,11,0,0,0,11
17929,2025-09-21,147,0,0,0,0,0
17930,2025-09-21,148,9,0,0,0,9
17931,2025-09-21,149,12,0,0,0,12
17932,2025-09-21,150,6,0,0,0,6
17933,2025-09-21,151,15,0,1,0,14
17934,2025-09-21,152,14,0,1,0,13
17935,2025-09-21,153,0,0,0,0,0
17936,2025-09-21,154,0,0,0,0,0
17937,2025-09-21,155,4,0,0,0,4
17938,2025-09-21,156,50,0,2,0,48
17939,2025-09-21,157,17,0,1,0,16
17940,2025-09-21,158,45,0,1,0,44
17941,2025-09-21,159,37,0,1,0,36
17942,2025-09-21,160,13,0,0,0,13
17943,2025-09-21,161,27,0,1,-3,23
17944,2025-09-21,162,0,0,0,0,0
17945,2025-09-21,163,6,0,0,0,6
17946,2025-09-21,164,12,0,0,0,12
17947,2025-09-21,165,4,0,0,0,4
17948,2025-09-21,166,38,0,1,0,37
17949,2025-09-21,167,39,0,1,0,38
17950,2025-09-21,168,10,0,0,0,10
17951,2025-09-21,169,11,0,0,0,11
17952,2025-09-21,170,30,0,1,0,29
17953,2025-09-22,101,11,0,1,0,10
17954,2025-09-22,102,0,0,0,0,0
17955,2025-09-22,103,0,0,0,0,0
17956,2025-09-22,104,25,0,0,0,25
17957,2025-09-22,105,7,0,1,0,6
17958,2025-09-22,106,28,0,1,0,27
17959,2025-09-22,108,6,0,0,0,6
17960,2025-09-22,109,15,0,1,0,14
17961,2025-09-22,110,39,0,1,0,38
17962,2025-09-22,112,32,0,0,0,32
17963,2025-09-22,113,0,0,0,0,0
17964,2025-09-22,114,9,0,0,0,9
17965,2025-09-22,115,0,0,0,0,0
17966,2025-09-22,116,20,0,0,0,20
17967,2025-09-22,117,18,0,1,0,17
17968,2025-09-22,118,29,0,0,0,29
17969,2025-09-22,119,18,0,3,0,15
17970,2025-09-22,120,0,0,0,0,0
17971,2025-09-22,121,0,0,0,0,0
17972,2025-09-22,122,1,0,0,0,1
17973,2025-09-22,123,25,0,0,0,25
17974,2025-09-22,124,0,0,0,0,0
17975,2025-09-22,125,11,0,0,0,11
17976,2025-09-22,126,4,0,0,0,4
17977,2025-09-22,127,16,0,1,0,15
17978,2025-09-22,128,0,0,0,0,0
17979,2025-09-22,129,7,0,0,0,7
17980,2025-09-22,130,16,0,0,0,16
17981,2025-09-22,131,52,0,5,0,47
17982,2025-09-22,132,0,0,0,0,0
17983,2025-09-22,133,0,0,0,0,0
17984,2025-09-22,134,22,0,1,0,21
17985,2025-09-22,135,24,0,0,0,24
17986,2025-09-22,136,0,0,0,0,0
17987,2025-09-22,137,0,0,0,0,0
17988,2025-09-22,138,12,0,1,0,11
17989,2025-09-22,139,20,0,0,0,20
17990,2025-09-22,140,0,0,0,0,0
17991,2025-09-22,141,31,0,1,0,30
17992,2025-09-22,142,58,0,2,0,56
17993,2025-09-22,143,48,0,3,0,45
17994,2025-09-22,144,0,0,0,0,0
17995,2025-09-22,145,13,0,0,0,13
17996,2025-09-22,146,11,0,0,0,11
17997,2025-09-22,147,0,0,0,0,0
17998,2025-09-22,148,9,0,0,0,9
17999,2025-09-22,149,12,0,0,0,12
18000,2025-09-22,150,6,0,0,0,6
18001,2025-09-22,151,14,0,0,0,14
18002,2025-09-22,152,13,0,1,0,12
18003,2025-09-22,153,0,0,0,0,0
18004,2025-09-22,154,0,0,0,0,0
18005,2025-09-22,155,4,0,0,0,4
18006,2025-09-22,156,48,0,3,0,45
18007,2025-09-22,157,16,0,1,0,15
18008,2025-09-22,158,44,0,3,0,41
18009,2025-09-22,159,36,0,1,0,35
18010,2025-09-22,160,13,0,2,0,11
18011,2025-09-22,161,23,0,1,0,22
18012,2025-09-22,162,0,0,0,0,0
18013,2025-09-22,163,6,0,0,0,6
18014,2025-09-22,164,12,0,2,0,10
18015,2025-09-22,165,4,0,0,0,4
18016,2025-09-22,166,37,0,2,0,35
18017,2025-09-22,167,38,0,1,0,37
18018,2025-09-22,168,10,0,3,0,7
18019,2025-09-22,169,11,0,0,0,11
18020,2025-09-22,170,29,0,1,0,28
18021,2025-09-23,101,10,0,1,0,9
18022,2025-09-23,102,0,0,0,0,0
18023,2025-09-23,103,0,0,0,0,0
18024,2025-09-23,104,25,0,1,0,24
18025,2025-09-23,105,6,18,1,0,23
18026,2025-09-23,106,27,0,0,0,27
18027,2025-09-23,108,6,0,0,0,6
18028,2025-09-23,109,14,0,0,0,14
18029,2025-09-23,110,38,0,2,0,36
18030,2025-09-23,112,32,0,0,0,32
18031,2025-09-23,113,0,0,0,0,0
18032,2025-09-23,114,9,0,0,0,9
18033,2025-09-23,115,0,0,0,0,0
18034,2025-09-23,116,20,0,0,0,20
18035,2025-09-23,117,17,0,0,0,17
18036,2025-09-23,118,29,0,2,0,27
18037,2025-09-23,119,15,0,1,0,14
18038,2025-09-23,120,0,0,0,0,0
18039,2025-09-23,121,0,0,0,0,0
18040,2025-09-23,122,1,0,0,0,1
18041,2025-09-23,123,25,0,0,0,25
18042,2025-09-23,124,0,0,0,0,0
18043,2025-09-23,125,11,0,0,0,11
18044,2025-09-23,126,4,0,1,0,3
18045,2025-09-23,127,15,0,0,0,15
18046,2025-09-23,128,0,0,0,0,0
18047,2025-09-23,129,7,0,0,0,7
18048,2025-09-23,130,16,0,0,0,16
18049,2025-09-23,131,47,0,1,0,46
18050,2025-09-23,132,0,0,0,0,0
18051,2025-09-23,133,0,0,0,0,0
18052,2025-09-23,134,21,0,2,0,19
18053,2025-09-23,135,24,0,2,0,22
18054,2025-09-23,136,0,0,0,0,0
18055,2025-09-23,137,0,0,0,0,0
18056,2025-09-23,138,11,0,1,0,10
18057,2025-09-23,139,20,0,0,0,20
18058,2025-09-23,140,0,0,0,0,0
18059,2025-09-23,141,30,0,0,0,30
18060,2025-09-23,142,56,0,1,0,55
18061,2025-09-23,143,45,0,1,0,44
18062,2025-09-23,144,0,0,0,0,0
18063,2025-09-23,145,13,0,0,0,13
18064,2025-09-23,146,11,0,0,0,11
18065,2025-09-23,147,0,0,0,0,0
18066,2025-09-23,148,9,0,1,0,8
18067,2025-09-23,149,12,0,0,0,12
18068,2025-09-23,150,6,0,0,0,6
18069,2025-09-23,151,14,37,0,0,51
18070,2025-09-23,152,12,0,1,0,11
18071,2025-09-23,153,0,0,0,0,0
18072,2025-09-23,154,0,0,0,0,0
18073,2025-09-23,155,4,0,0,0,4
18074,2025-09-23,156,45,0,0,0,45
18075,2025-09-23,157,15,0,0,0,15
18076,2025-09-23,158,41,0,1,0,40
18077,2025-09-23,159,35,0,1,0,34
18078,2025-09-23,160,11,0,1,0,10
18079,2025-09-23,161,22,0,0,0,22
18080,2025-09-23,162,0,0,0,0,0
18081,2025-09-23,163,6,0,1,0,5
18082,2025-09-23,164,10,0,1,0,9
18083,2025-09-23,165,4,0,0,0,4
18084,2025-09-23,166,35,0,2,0,33
18085,2025-09-23,167,37,0,0,0,37
18086,2025-09-23,168,7,0,0,0,7
18087,2025-09-23,169,11,0,1,0,10
18088,2025-09-23,170,28,0,0,0,28
18089,2025-09-24,101,9,0,1,0,8
18090,2025-09-24,102,0,0,0,0,0
18091,2025-09-24,103,0,0,0,0,0
18092,2025-09-24,104,24,0,1,0,23
18093,2025-09-24,105,23,0,0,0,23
18094,2025-09-24,106,27,0,0,0,27
18095,2025-09-24,108,6,0,0,-3,3
18096,2025-09-24,109,14,0,2,0,12
18097,2025-09-24,110,36,0,2,0,34
18098,2025-09-24,112,32,0,1,0,31
18099,2025-09-24,113,0,0,0,0,0
18100,2025-09-24,114,9,0,0,0,9
18101,2025-09-24,115,0,0,0,0,0
18102,2025-09-24,116,20,0,2,0,18
18103,2025-09-24,117,17,0,1,0,16
18104,2025-09-24,118,27,0,2,0,25
18105,2025-09-24,119,14,0,0,0,14
18106,2025-09-24,120,0,0,0,0,0
18107,2025-09-24,121,0,0,0,0,0
18108,2025-09-24,122,1,0,0,0,1
18109,2025-09-24,123,25,0,0,0,25
18110,2025-09-24,124,0,0,0,0,0
18111,2025-09-24,125,11,0,0,0,11
18112,2025-09-24,126,3,0,0,0,3
18113,2025-09-24,127,15,0,0,0,15
18114,2025-09-24,128,0,0,0,0,0
18115,2025-09-24,129,7,0,0,0,7
18116,2025-09-24,130,16,0,0,0,16
18117,2025-09-24,131,46,0,3,0,43
18118,2025-09-24,132,0,0,0,0,0
18119,2025-09-24,133,0,0,0,0,0
18120,2025-09-24,134,19,0,2,0,17
18121,2025-09-24,135,22,0,1,0,21
18122,2025-09-24,136,0,0,0,0,0
18123,2025-09-24,137,0,0,0,0,0
18124,2025-09-24,138,10,0,0,0,10
18125,2025-09-24,139,20,0,0,0,20
18126,2025-09-24,140,0,0,0,0,0
18127,2025-09-24,141,30,0,0,0,30
18128,2025-09-24,142,55,0,1,-3,51
18129,2025-09-24,143,44,0,0,0,44
18130,2025-09-24,144,0,0,0,0,0
18131,2025-09-24,145,13,0,0,0,13
18132,2025-09-24,146,11,0,0,0,11
18133,2025-09-24,147,0,0,0,0,0
18134,2025-09-24,148,8,0,0,0,8
18135,2025-09-24,149,12,0,0,0,12
18136,2025-09-24,150,6,0,0,0,6
18137,2025-09-24,151,51,0,3,0,48
18138,2025-09-24,152,11,0,0,0,11
18139,2025-09-24,153,0,0,0,0,0
18140,2025-09-24,154,0,0,0,0,0
18141,2025-09-24,155,4,0,0,0,4
18142,2025-09-24,156,45,0,3,0,42
18143,2025-09-24,157,15,0,0,0,15
18144,2025-09-24,158,40,0,0,0,40
18145,2025-09-24,159,34,0,0,0,34
18146,2025-09-24,160,10,0,0,0,10
18147,2025-09-24,161,22,0,3,0,19
18148,2025-09-24,162,0,0,0,0,0
18149,2025-09-24,163,5,0,0,0,5
18150,2025-09-24,164,9,0,0,0,9
18151,2025-09-24,165,4,12,1,0,15
18152,2025-09-24,166,33,0,0,0,33
18153,2025-09-24,167,37,0,2,0,35
18154,2025-09-24,168,7,26,0,0,33
18155,2025-09-24,169,10,0,0,0,10
18156,2025-09-24,170,28,0,1,0,27
18157,2025-09-25,101,8,21,0,0,29
18158,2025-09-25,102,0,0,0,0,0
18159,2025-09-25,103,0,0,0,0,0
18160,2025-09-25,104,23,0,1,0,22
18161,2025-09-25,105,23,0,1,0,22
18162,2025-09-25,106,27,0,0,0,27
18163,2025-09-25,108,3,0,0,0,3
18164,2025-09-25,109,12,0,0,0,12
18165,2025-09-25,110,34,0,4,0,30
18166,2025-09-25,112,31,0,1,0,30
18167,2025-09-25,113,0,0,0,0,0
18168,2025-09-25,114,9,0,0,0,9
18169,2025-09-25,115,0,0,0,0,0
18170,2025-09-25,116,18,0,0,0,18
18171,2025-09-25,117,16,0,1,0,15
18172,2025-09-25,118,25,0,1,0,24
18173,2025-09-25,119,14,43,1,0,56
18174,2025-09-25,120,0,0,0,0,0
18175,2025-09-25,121,0,0,0,0,0
18176,2025-09-25,122,1,0,0,-2,0
18177,2025-09-25,123,25,0,0,0,25
18178,2025-09-25,124,0,0,0,0,0
18179,2025-09-25,125,11,0,0,0,11
18180,2025-09-25,126,3,0,0,0,3
18181,2025-09-25,127,15,0,0,0,15
18182,2025-09-25,128,0,0,0,0,0
18183,2025-09-25,129,7,0,0,0,7
18184,2025-09-25,130,16,0,0,0,16
18185,2025-09-25,131,43,0,1,0,42
18186,2025-09-25,132,0,0,0,0,0
18187,2025-09-25,133,0,0,0,0,0
18188,2025-09-25,134,17,0,2,0,15
18189,2025-09-25,135,21,0,1,0,20
18190,2025-09-25,136,0,0,0,0,0
18191,2025-09-25,137,0,0,0,0,0
18192,2025-09-25,138,10,0,0,0,10
18193,2025-09-25,139,20,0,2,0,18
18194,2025-09-25,140,0,0,0,0,0
18195,2025-09-25,141,30,0,1,0,29
18196,2025-09-25,142,51,0,4,0,47
18197,2025-09-25,143,44,0,0,0,44
18198,2025-09-25,144,0,0,0,0,0
18199,2025-09-25,145,13,0,1,0,12
18200,2025-09-25,146,11,0,0,0,11
18201,2025-09-25,147,0,0,0,0,0
18202,2025-09-25,148,8,0,0,0,8
18203,2025-09-25,149,12,0,0,0,12
18204,2025-09-25,150,6,0,0,0,6
18205,2025-09-25,151,48,0,3,0,45
18206,2025-09-25,152,11,0,0,0,11
18207,2025-09-25,153,0,0,0,0,0
18208,2025-09-25,154,0,0,0,0,0
18209,2025-09-25,155,4,0,0,0,4
18210,2025-09-25,156,42,0,2,0,40
18211,2025-09-25,157,15,0,0,0,15
18212,2025-09-25,158,40,0,2,0,38
18213,2025-09-25,159,34,0,3,0,31
18214,2025-09-25,160,10,0,2,0,8
18215,2025-09-25,161,19,0,1,0,18
18216,2025-09-25,162,0,0,0,0,0
18217,2025-09-25,163,5,0,0,0,5
18218,2025-09-25,164,9,0,1,0,8
18219,2025-09-25,165,15,0,0,-1,14
18220,2025-09-25,166,33,0,2,0,31
18221,2025-09-25,167,35,0,4,0,31
18222,2025-09-25,168,33,0,0,0,33
18223,2025-09-25,169,10,0,0,0,10
18224,2025-09-25,170,27,0,1,0,26
18225,2025-09-26,101,29,0,0,0,29
18226,2025-09-26,102,0,0,0,0,0
18227,2025-09-26,103,0,0,0,0,0
18228,2025-09-26,104,22,0,1,0,21
18229,2025-09-26,105,22,0,0,0,22
18230,2025-09-26,106,27,0,1,0,26
18231,2025-09-26,108,3,0,0,0,3
18232,2025-09-26,109,12,0,3,0,9
18233,2025-09-26,110,30,0,0,0,30
18234,2025-09-26,112,30,0,1,0,29
18235,2025-09-26,113,0,0,0,0,0
18236,2025-09-26,114,9,0,0,0,9
18237,2025-09-26,115,0,0,0,0,0
18238,2025-09-26,116,18,0,0,0,18
18239,2025-09-26,117,15,0,1,0,14
18240,2025-09-26,118,24,0,1,0,23
18241,2025-09-26,119,56,0,2,0,54
18242,2025-09-26,120,0,0,0,0,0
18243,2025-09-26,121,0,0,0,0,0
18244,2025-09-26,122,0,0,0,0,0
18245,2025-09-26,123,25,0,0,0,25
18246,2025-09-26,124,0,0,0,0,0
18247,2025-09-26,125,11,0,0,0,11
18248,2025-09-26,126,3,10,0,0,13
18249,2025-09-26,127,15,0,1,0,14
18250,2025-09-26,128,0,0,0,0,0
18251,2025-09-26,129,7,0,0,0,7
18252,2025-09-26,130,16,0,1,0,15
18253,2025-09-26,131,42,0,0,0,42
18254,2025-09-26,132,0,0,0,0,0
18255,2025-09-26,133,0,0,0,0,0
18256,2025-09-26,134,15,0,2,0,13
18257,2025-09-26,135,20,0,0,0,20
18258,2025-09-26,136,0,0,0,0,0
18259,2025-09-26,137,0,0,0,0,0
18260,2025-09-26,138,10,0,1,0,9
18261,2025-09-26,139,18,0,0,0,18
18262,2025-09-26,140,0,0,0,0,0
18263,2025-09-26,141,29,0,0,0,29
18264,2025-09-26,142,47,0,3,0,44
18265,2025-09-26,143,44,0,1,0,43
18266,2025-09-26,144,0,0,0,0,0
18267,2025-09-26,145,12,0,0,0,12
18268,2025-09-26,146,11,0,0,0,11
18269,2025-09-26,147,0,0,0,0,0
18270,2025-09-26,148,8,0,0,0,8
18271,2025-09-26,149,12,0,0,0,12
18272,2025-09-26,150,6,0,0,0,6
18273,2025-09-26,151,45,0,0,0,45
18274,2025-09-26,152,11,0,0,0,11
18275,2025-09-26,153,0,0,0,0,0
18276,2025-09-26,154,0,0,0,0,0
18277,2025-09-26,155,4,0,0,0,4
18278,2025-09-26,156,40,0,2,0,38
18279,2025-09-26,157,15,0,0,0,15
18280,2025-09-26,158,38,0,0,0,38
18281,2025-09-26,159,31,0,1,0,30
18282,2025-09-26,160,8,24,0,0,32
18283,2025-09-26,161,18,0,0,0,18
18284,2025-09-26,162,0,0,0,0,0
18285,2025-09-26,163,5,0,0,0,5
18286,2025-09-26,164,8,0,0,0,8
18287,2025-09-26,165,14,0,0,0,14
18288,2025-09-26,166,31,0,0,0,31
18289,2025-09-26,167,31,0,3,0,28
18290,2025-09-26,168,33,0,1,0,32
18291,2025-09-26,169,10,0,0,0,10
18292,2025-09-26,170,26,0,0,0,26
18293,2025-09-27,101,29,0,3,0,26
18294,2025-09-27,102,0,0,0,0,0
18295,2025-09-27,103,0,0,0,0,0
18296,2025-09-27,104,21,0,1,0,20
18297,2025-09-27,105,22,0,0,0,22
18298,2025-09-27,106,26,0,1,0,25
18299,2025-09-27,108,3,0,0,0,3
18300,2025-09-27,109,9,0,0,0,9
18301,2025-09-27,110,30,0,2,0,28
18302,2025-09-27,112,29,0,3,0,26
18303,2025-09-27,113,0,0,0,0,0
18304,2025-09-27,114,9,0,0,0,9
18305,2025-09-27,115,0,0,0,0,0
18306,2025-09-27,116,18,0,0,0,18
18307,2025-09-27,117,14,0,1,0,13
18308,2025-09-27,118,23,0,2,0,21
18309,2025-09-27,119,54,0,1,0,53
18310,2025-09-27,120,0,0,0,0,0
18311,2025-09-27,121,0,0,0,0,0
18312,2025-09-27,122,0,11,1,0,10
18313,2025-09-27,123,25,0,0,0,25
18314,2025-09-27,124,0,0,0,0,0
18315,2025-09-27,125,11,0,0,0,11
18316,2025-09-27,126,13,0,0,0,13
18317,2025-09-27,127,14,0,0,0,14
18318,2025-09-27,128,0,0,0,0,0
18319,2025-09-27,129,7,0,2,0,5
18320,2025-09-27,130,15,0,0,0,15
18321,2025-09-27,131,42,0,2,0,40
18322,2025-09-27,132,0,0,0,0,0
18323,2025-09-27,133,0,0,0,0,0
18324,2025-09-27,134,13,0,1,0,12
18325,2025-09-27,135,20,0,1,0,19
18326,2025-09-27,136,0,0,0,0,0
18327,2025-09-27,137,0,0,0,0,0
18328,2025-09-27,138,9,0,0,0,9
18329,2025-09-27,139,18,0,0,0,18
18330,2025-09-27,140,0,0,0,0,0
18331,2025-09-27,141,29,0,2,0,27
18332,2025-09-27,142,44,0,2,0,42
18333,2025-09-27,143,43,0,1,0,42
18334,2025-09-27,144,0,0,0,0,0
18335,2025-09-27,145,12,0,0,0,12
18336,2025-09-27,146,11,0,1,0,10
18337,2025-09-27,147,0,0,0,0,0
18338,2025-09-27,148,8,0,0,0,8
18339,2025-09-27,149,12,0,0,0,12
18340,2025-09-27,150,6,0,0,0,6
18341,2025-09-27,151,45,0,2,0,43
18342,2025-09-27,152,11,0,0,0,11
18343,2025-09-27,153,0,0,0,0,0
18344,2025-09-27,154,0,0,0,0,0
18345,2025-09-27,155,4,0,0,0,4
18346,2025-09-27,156,38,0,1,0,37
18347,2025-09-27,157,15,0,0,0,15
18348,2025-09-27,158,38,0,0,0,38
18349,2025-09-27,159,30,0,1,0,29
18350,2025-09-27,160,32,0,1,0,31
18351,2025-09-27,161,18,0,0,0,18
18352,2025-09-27,162,0,0,0,0,0
18353,2025-09-27,163,5,0,0,0,5
18354,2025-09-27,164,8,0,0,0,8
18355,2025-09-27,165,14,0,0,0,14
18356,2025-09-27,166,31,0,4,0,27
18357,2025-09-27,167,28,0,2,0,26
18358,2025-09-27,168,32,0,0,0,32
18359,2025-09-27,169,10,0,0,0,10
18360,2025-09-27,170,26,0,0,0,26
18361,2025-09-28,101,26,0,1,0,25
18362,2025-09-28,102,0,0,0,0,0
18363,2025-09-28,103,0,0,0,0,0
18364,2025-09-28,104,20,0,0,0,20
18365,2025-09-28,105,22,0,0,0,22
18366,2025-09-28,106,25,0,1,0,24
18367,2025-09-28,108,3,0,0,0,3
18368,2025-09-28,109,9,0,0,0,9
18369,2025-09-28,110,28,0,2,0,26
18370,2025-09-28,112,26,0,2,0,24
18371,2025-09-28,113,0,0,0,0,0
18372,2025-09-28,114,9,0,0,0,9
18373,2025-09-28,115,0,0,0,0,0
18374,2025-09-28,116,18,0,1,0,17
18375,2025-09-28,117,13,0,0,0,13
18376,2025-09-28,118,21,0,0,0,21
18377,2025-09-28,119,53,0,0,0,53
18378,2025-09-28,120,0,0,0,0,0
18379,2025-09-28,121,0,0,0,0,0
18380,2025-09-28,122,10,0,1,-3,6
18381,2025-09-28,123,25,0,0,0,25
18382,2025-09-28,124,0,0,0,0,0
18383,2025-09-28,125,11,0,0,0,11
18384,2025-09-28,126,13,0,0,0,13
18385,2025-09-28,127,14,0,1,0,13
18386,2025-09-28,128,0,0,0,0,0
18387,2025-09-28,129,5,0,0,0,5
18388,2025-09-28,130,15,0,0,0,15
18389,2025-09-28,131,40,0,1,0,39
18390,2025-09-28,132,0,0,0,0,0
18391,2025-09-28,133,0,0,0,0,0
18392,2025-09-28,134,12,0,0,0,12
18393,2025-09-28,135,19,0,0,0,19
18394,2025-09-28,136,0,0,0,0,0
18395,2025-09-28,137,0,0,0,0,0
18396,2025-09-28,138,9,0,2,0,7
18397,2025-09-28,139,18,0,0,0,18
18398,2025-09-28,140,0,0,0,0,0
18399,2025-09-28,141,27,0,0,0,27
18400,2025-09-28,142,42,0,0,0,42
18401,2025-09-28,143,42,0,0,0,42
18402,2025-09-28,144,0,0,0,0,0
18403,2025-09-28,145,12,0,0,0,12
18404,2025-09-28,146,10,0,0,0,10
18405,2025-09-28,147,0,0,0,0,0
18406,2025-09-28,148,8,0,0,0,8
18407,2025-09-28,149,12,0,0,0,12
18408,2025-09-28,150,6,0,0,0,6
18409,2025-09-28,151,43,0,1,0,42
18410,2025-09-28,152,11,0,0,0,11
18411,2025-09-28,153,0,0,0,0,0
18412,2025-09-28,154,0,0,0,0,0
18413,2025-09-28,155,4,0,0,0,4
18414,2025-09-28,156,37,0,2,0,35
18415,2025-09-28,157,15,0,1,0,14
18416,2025-09-28,158,38,0,0,0,38
18417,2025-09-28,159,29,0,1,0,28
18418,2025-09-28,160,31,0,1,0,30
18419,2025-09-28,161,18,0,0,0,18
18420,2025-09-28,162,0,0,0,0,0
18421,2025-09-28,163,5,0,0,0,5
18422,2025-09-28,164,8,0,0,0,8
18423,2025-09-28,165,14,0,0,0,14
18424,2025-09-28,166,27,0,2,0,25
18425,2025-09-28,167,26,0,3,0,23
18426,2025-09-28,168,32,0,0,0,32
18427,2025-09-28,169,10,0,0,0,10
18428,2025-09-28,170,26,0,2,0,24
18429,2025-09-29,101,25,0,1,0,24
18430,2025-09-29,102,0,0,0,0,0
18431,2025-09-29,103,0,0,0,0,0
18432,2025-09-29,104,20,0,0,0,20
18433,2025-09-29,105,22,0,0,0,22
18434,2025-09-29,106,24,0,3,0,21
18435,2025-09-29,108,3,11,0,0,14
18436,2025-09-29,109,9,0,0,0,9
18437,2025-09-29,110,26,0,4,0,22
18438,2025-09-29,112,24,0,2,0,22
18439,2025-09-29,113,0,0,0,0,0
18440,2025-09-29,114,9,0,0,0,9
18441,2025-09-29,115,0,0,0,0,0
18442,2025-09-29,116,17,0,2,0,15
18443,2025-09-29,117,13,0,0,0,13
18444,2025-09-29,118,21,0,1,0,20
18445,2025-09-29,119,53,0,2,0,51
18446,2025-09-29,120,0,0,0,0,0
18447,2025-09-29,121,0,0,0,0,0
18448,2025-09-29,122,6,0,0,0,6
18449,2025-09-29,123,25,0,0,0,25
18450,2025-09-29,124,0,0,0,0,0
18451,2025-09-29,125,11,0,0,0,11
18452,2025-09-29,126,13,0,0,0,13
18453,2025-09-29,127,13,0,0,0,13
18454,2025-09-29,128,0,0,0,0,0
18455,2025-09-29,129,5,0,0,0,5
18456,2025-09-29,130,15,0,0,0,15
18457,2025-09-29,131,39,0,1,0,38
18458,2025-09-29,132,0,0,0,0,0
18459,2025-09-29,133,0,0,0,0,0
18460,2025-09-29,134,12,0,1,0,11
18461,2025-09-29,135,19,0,2,0,17
18462,2025-09-29,136,0,0,0,0,0
18463,2025-09-29,137,0,0,0,0,0
18464,2025-09-29,138,7,0,0,0,7
18465,2025-09-29,139,18,0,1,0,17
18466,2025-09-29,140,0,0,0,0,0
18467,2025-09-29,141,27,0,1,0,26
18468,2025-09-29,142,42,0,1,0,41
18469,2025-09-29,143,42,0,0,0,42
18470,2025-09-29,144,0,0,0,0,0
18471,2025-09-29,145,12,0,2,0,10
18472,2025-09-29,146,10,0,0,0,10
18473,2025-09-29,147,0,0,0,0,0
18474,2025-09-29,148,8,0,0,0,8
18475,2025-09-29,149,12,0,1,0,11
18476,2025-09-29,150,6,0,0,0,6
18477,2025-09-29,151,42,0,2,0,40
18478,2025-09-29,152,11,0,0,0,11
18479,2025-09-29,153,0,0,0,0,0
18480,2025-09-29,154,0,0,0,0,0
18481,2025-09-29,155,4,0,0,0,4
18482,2025-09-29,156,35,0,0,0,35
18483,2025-09-29,157,14,0,0,0,14
18484,2025-09-29,158,38,0,0,-2,36
18485,2025-09-29,159,28,0,2,0,26
18486,2025-09-29,160,30,0,1,0,29
18487,2025-09-29,161,18,0,0,0,18
18488,2025-09-29,162,0,0,0,0,0
18489,2025-09-29,163,5,0,0,0,5
18490,2025-09-29,164,8,0,0,0,8
18491,2025-09-29,165,14,0,0,0,14
18492,2025-09-29,166,25,0,2,0,23
18493,2025-09-29,167,23,0,1,0,22
18494,2025-09-29,168,32,0,1,0,31
18495,2025-09-29,169,10,0,0,0,10
18496,2025-09-29,170,24,0,2,0,22
18497,2025-09-30,101,24,0,1,0,23
18498,2025-09-30,102,0,0,0,0,0
18499,2025-09-30,103,0,0,0,0,0
18500,2025-09-30,104,20,0,0,0,20
18501,2025-09-30,105,22,0,2,0,20
18502,2025-09-30,106,21,0,1,0,20
18503,2025-09-30,108,14,0,1,0,13
18504,2025-09-30,109,9,0,0,0,9
18505,2025-09-30,110,22,0,3,0,19
18506,2025-09-30,112,22,0,1,0,21
18507,2025-09-30,113,0,0,0,0,0
18508,2025-09-30,114,9,0,0,0,9
18509,2025-09-30,115,0,0,0,0,0
18510,2025-09-30,116,15,0,1,0,14
18511,2025-09-30,117,13,0,2,0,11
18512,2025-09-30,118,20,0,4,0,16
18513,2025-09-30,119,51,0,1,0,50
18514,2025-09-30,120,0,0,0,0,0
18515,2025-09-30,121,0,0,0,0,0
18516,2025-09-30,122,6,0,0,0,6
18517,2025-09-30,123,25,0,3,0,22
18518,2025-09-30,124,0,0,0,0,0
18519,2025-09-30,125,11,0,0,0,11
18520,2025-09-30,126,13,0,0,0,13
18521,2025-09-30,127,13,0,0,0,13
18522,2025-09-30,128,0,0,0,0,0
18523,2025-09-30,129,5,0,0,0,5
18524,2025-09-30,130,15,0,0,0,15
18525,2025-09-30,131,38,0,0,0,38
18526,2025-09-30,132,0,0,0,0,0
18527,2025-09-30,133,0,0,0,0,0
18528,2025-09-30,134,11,0,0,0,11
18529,2025-09-30,135,17,0,2,0,15
18530,2025-09-30,136,0,0,0,0,0
18531,2025-09-30,137,0,0,0,0,0
18532,2025-09-30,138,7,0,1,0,6
18533,2025-09-30,139,17,0,0,0,17
18534,2025-09-30,140,0,0,0,0,0
18535,2025-09-30,141,26,0,0,0,26
18536,2025-09-30,142,41,0,1,0,40
18537,2025-09-30,143,42,0,1,0,41
18538,2025-09-30,144,0,0,0,0,0
18539,2025-09-30,145,10,0,1,0,9
18540,2025-09-30,146,10,0,0,0,10
18541,2025-09-30,147,0,0,0,0,0
18542,2025-09-30,148,8,0,0,0,8
18543,2025-09-30,149,11,0,0,0,11
18544,2025-09-30,150,6,0,0,0,6
18545,2025-09-30,151,40,0,2,0,38
18546,2025-09-30,152,11,0,1,0,10
18547,2025-09-30,153,0,0,0,0,0
18548,2025-09-30,154,0,0,0,0,0
18549,2025-09-30,155,4,0,0,0,4
18550,2025-09-30,156,35,0,1,0,34
18551,2025-09-30,157,14,0,1,0,13
18552,2025-09-30,158,36,0,2,0,34
18553,2025-09-30,159,26,0,1,0,25
18554,2025-09-30,160,29,0,0,0,29
18555,2025-09-30,161,18,0,1,0,17
18556,2025-09-30,162,0,0,0,0,0
18557,2025-09-30,163,5,0,1,0,4
18558,2025-09-30,164,8,14,0,0,22
18559,2025-09-30,165,14,0,0,0,14
18560,2025-09-30,166,23,0,1,0,22
18561,2025-09-30,167,22,0,1,0,21
18562,2025-09-30,168,31,0,1,0,30
18563,2025-09-30,169,10,0,0,0,10
18564,2025-09-30,170,22,0,0,0,22
