Sale_ID,Sale_Date,Product_ID,Quantity,Unit_Selling_Price,Revenue,Unit_Cost,Margin
500001,2025-01-01,101,1,193.32,193.32,118.14,75.18
500002,2025-01-01,106,1,249.43,249.43,172.41,77.02
500003,2025-01-01,110,4,292.13,1168.52,215.55,306.32
500004,2025-01-01,114,1,266.44,266.44,183.47,82.97
500005,2025-01-01,119,1,198.83,198.83,137.36,61.47
500006,2025-01-01,129,1,52.38,52.38,39.89,12.49
500007,2025-01-01,131,3,333.06,999.18,218.92,342.42
500008,2025-01-01,135,1,272.98,272.98,215.02,57.96
500009,2025-01-01,138,1,315.76,315.76,216.53,99.23
500010,2025-01-01,139,1,143.43,143.43,101.37,42.06
500011,2025-01-01,145,1,55.05,55.05,35.61,19.44
500012,2025-01-01,149,1,288.99,288.99,208.97,80.02
500013,2025-01-01,151,2,59.95,119.9,36.25,47.4
500014,2025-01-01,156,1,71.91,71.91,55.69,16.22
500015,2025-01-01,160,1,170.86,170.86,126.42,44.44
500016,2025-01-01,166,1,183.2,183.2,138.4,44.8
500017,2025-01-01,167,2,70.09,140.18,48.28,43.62
500018,2025-01-01,168,1,289.8,289.8,228.17,61.63
500019,2025-01-01,170,1,154.1,154.1,94.54,59.56
500020,2025-01-02,101,1,193.32,193.32,118.14,75.18
500021,2025-01-02,106,1,249.43,249.43,172.41,77.02
500022,2025-01-02,109,2,246.09,492.18,164.16,163.86
500023,2025-01-02,112,1,175.04,175.04,132.75,42.29
500024,2025-01-02,114,1,266.44,266.44,183.47,82.97
500025,2025-01-02,118,2,256.08,512.16,198.94,114.28
500026,2025-01-02,119,2,198.83,397.66,137.36,122.94
500027,2025-01-02,123,1,315.18,315.18,190.92,124.26
500028,2025-01-02,125,1,86.82,86.82,57.13,29.69
500029,2025-01-02,127,1,99.85,99.85,61.95,37.9
500030,2025-01-02,130,1,250.88,250.88,199.42,51.46
500031,2025-01-02,131,2,333.06,666.12,218.92,228.28
500032,2025-01-02,134,1,37.23,37.23,28.02,9.21
500033,2025-01-02,139,1,143.43,143.43,101.37,42.06
500034,2025-01-02,142,2,58.26,116.52,34.86,46.8
500035,2025-01-02,148,1,69.95,69.95,42.84,27.11
500036,2025-01-02,151,5,59.95,299.75,36.25,118.5
500037,2025-01-02,156,2,71.91,143.82,55.69,32.44
500038,2025-01-02,158,2,192.52,385.04,134.46,116.12
500039,2025-01-02,159,2,243.51,487.02,158.58,169.86
500040,2025-01-02,160,1,170.86,170.86,126.42,44.44
500041,2025-01-02,166,2,183.2,366.4,138.4,89.6
500042,2025-01-02,169,1,117.76,117.76,72.26,45.5
500043,2025-01-02,170,1,154.1,154.1,94.54,59.56
500044,2025-01-03,110,2,292.13,584.26,215.55,153.16
500045,2025-01-03,112,1,175.04,175.04,132.75,42.29
500046,2025-01-03,114,1,266.44,266.44,183.47,82.97
500047,2025-01-03,117,1,91.8,91.8,55.09,36.71
500048,2025-01-03,118,1,256.08,256.08,198.94,57.14
500049,2025-01-03,119,2,198.83,397.66,137.36,122.94
500050,2025-01-03,131,2,333.06,666.12,218.92,228.28
500051,2025-01-03,134,1,37.23,37.23,28.02,9.21
500052,2025-01-03,135,1,272.98,272.98,215.02,57.96
500053,2025-01-03,139,2,143.43,286.86,101.37,84.12
500054,2025-01-03,142,1,58.26,58.26,34.86,23.4
500055,2025-01-03,143,2,323.71,647.42,237.32,172.78
500056,2025-01-03,156,1,71.91,71.91,55.69,16.22
500057,2025-01-03,158,2,192.52,385.04,134.46,116.12
500058,2025-01-03,159,3,243.51,730.53,158.58,254.79
500059,2025-01-03,164,1,342.45,342.45,209.39,133.06
500060,2025-01-03,165,1,273.04,273.04,196.44,76.6
500061,2025-01-03,166,1,183.2,183.2,138.4,44.8
500062,2025-01-03,167,1,70.09,70.09,48.28,21.81
500063,2025-01-03,168,3,289.8,869.4,228.17,184.89
500064,2025-01-03,170,1,154.1,154.1,94.54,59.56
500065,2025-01-04,106,1,249.43,249.43,172.41,77.02
500066,2025-01-04,109,1,246.09,246.09,164.16,81.93
500067,2025-01-04,112,1,175.04,175.04,132.75,42.29
500068,2025-01-04,116,2,50.07,100.14,34.84,30.46
500069,2025-01-04,117,1,91.8,91.8,55.09,36.71
500070,2025-01-04,118,1,256.08,256.08,198.94,57.14
500071,2025-01-04,123,1,315.18,315.18,190.92,124.26
500072,2025-01-04,125,1,86.82,86.82,57.13,29.69
500073,2025-01-04,131,3,333.06,999.18,218.92,342.42
500074,2025-01-04,134,1,37.23,37.23,28.02,9.21
500075,2025-01-04,135,1,272.98,272.98,215.02,57.96
500076,2025-01-04,142,1,58.26,58.26,34.86,23.4
500077,2025-01-04,143,1,323.71,323.71,237.32,86.39
500078,2025-01-04,145,2,55.05,110.1,35.61,38.88
500079,2025-01-04,149,1,288.99,288.99,208.97,80.02
500080,2025-01-04,152,1,214.28,214.28,169.22,45.06
500081,2025-01-04,156,1,71.91,71.91,55.69,16.22
500082,2025-01-04,158,1,192.52,192.52,134.46,58.06
500083,2025-01-04,159,2,243.51,487.02,158.58,169.86
500084,2025-01-04,160,1,170.86,170.86,126.42,44.44
500085,2025-01-04,167,3,70.09,210.27,48.28,65.43
506165,2025-01-04,153,2,45.82,91.64,28.45,34.74
500086,2025-01-05,104,1,401.59,401.59,243.11,158.48
500087,2025-01-05,106,1,249.43,249.43,172.41,77.02
500088,2025-01-05,109,1,246.09,246.09,164.16,81.93
500089,2025-01-05,118,1,256.08,256.08,198.94,57.14
500090,2025-01-05,119,1,198.83,198.83,137.36,61.47
500091,2025-01-05,135,1,272.98,272.98,215.02,57.96
500092,2025-01-05,142,1,58.26,58.26,34.86,23.4
500093,2025-01-05,143,1,323.71,323.71,237.32,86.39
500094,2025-01-05,145,1,55.05,55.05,35.61,19.44
500095,2025-01-05,152,1,214.28,214.28,169.22,45.06
500096,2025-01-05,157,1,82.29,82.29,49.11,33.18
500097,2025-01-05,159,2,243.51,487.02,158.58,169.86
500098,2025-01-05,160,1,170.86,170.86,126.42,44.44
500099,2025-01-05,161,2,299.5,599.0,200.05,198.9
500100,2025-01-05,167,2,70.09,140.18,48.28,43.62
500101,2025-01-05,168,2,289.8,579.6,228.17,123.26
506161,2025-01-05,147,1,242.25,242.25,144.95,97.3
500102,2025-01-06,104,2,401.59,803.18,243.11,316.96
500103,2025-01-06,106,2,249.43,498.86,172.41,154.04
500104,2025-01-06,108,1,289.07,289.07,198.47,90.6
500105,2025-01-06,112,1,175.04,175.04,132.75,42.29
500106,2025-01-06,119,3,198.83,596.49,137.36,184.41
500107,2025-01-06,122,1,185.72,185.72,136.04,49.68
500108,2025-01-06,126,1,61.33,61.33,48.82,12.51
500109,2025-01-06,135,1,272.98,272.98,215.02,57.96
500110,2025-01-06,139,1,143.43,143.43,101.37,42.06
500111,2025-01-06,143,5,323.71,1618.55,237.32,431.95
500112,2025-01-06,146,2,111.1,222.2,78.58,65.04
500113,2025-01-06,151,3,59.95,179.85,36.25,71.1
500114,2025-01-06,155,1,123.41,123.41,78.63,44.78
500115,2025-01-06,156,2,71.91,143.82,55.69,32.44
500116,2025-01-06,159,3,243.51,730.53,158.58,254.79
500117,2025-01-06,160,1,170.86,170.86,126.42,44.44
500118,2025-01-06,164,1,342.45,342.45,209.39,133.06
500119,2025-01-06,166,1,183.2,183.2,138.4,44.8
500120,2025-01-06,167,1,70.09,70.09,48.28,21.81
500121,2025-01-06,170,1,154.1,154.1,94.54,59.56
505939,2025-01-06,120,2,238.12,476.24,172.98,130.28
506062,2025-01-06,136,1,152.73,152.73,102.8,49.93
500122,2025-01-07,106,1,249.43,249.43,172.41,77.02
500123,2025-01-07,110,1,292.13,292.13,215.55,76.58
500124,2025-01-07,112,2,175.04,350.08,132.75,84.58
500125,2025-01-07,117,2,91.8,183.6,55.09,73.42
500126,2025-01-07,118,3,256.08,768.24,198.94,171.42
500127,2025-01-07,119,1,198.83,198.83,137.36,61.47
500128,2025-01-07,123,1,315.18,315.18,190.92,124.26
500129,2025-01-07,125,1,86.82,86.82,57.13,29.69
500130,2025-01-07,127,2,99.85,199.7,61.95,75.8
500131,2025-01-07,131,1,333.06,333.06,218.92,114.14
500132,2025-01-07,134,1,37.23,37.23,28.02,9.21
500133,2025-01-07,135,2,272.98,545.96,215.02,115.92
500134,2025-01-07,138,1,315.76,315.76,216.53,99.23
500135,2025-01-07,142,1,58.26,58.26,34.86,23.4
500136,2025-01-07,148,1,69.95,69.95,42.84,27.11
500137,2025-01-07,149,2,288.99,577.98,208.97,160.04
500138,2025-01-07,150,1,410.26,410.26,249.3,160.96
500139,2025-01-07,156,2,71.91,143.82,55.69,32.44
500140,2025-01-07,157,4,82.29,329.16,49.11,132.72
500141,2025-01-07,158,1,192.52,192.52,134.46,58.06
500142,2025-01-07,159,2,243.51,487.02,158.58,169.86
500143,2025-01-07,164,1,342.45,342.45,209.39,133.06
500144,2025-01-07,166,1,183.2,183.2,138.4,44.8
500145,2025-01-07,167,1,70.09,70.09,48.28,21.81
500146,2025-01-07,168,1,289.8,289.8,228.17,61.63
500147,2025-01-07,170,2,154.1,308.2,94.54,119.12
506063,2025-01-07,136,2,152.73,305.46,102.8,99.86
506132,2025-01-07,144,2,219.65,439.3,137.82,163.66
500148,2025-01-08,106,2,249.43,498.86,172.41,154.04
500149,2025-01-08,110,1,292.13,292.13,215.55,76.58
500150,2025-01-08,112,3,175.04,525.12,132.75,126.87
500151,2025-01-08,114,1,266.44,266.44,183.47,82.97
500152,2025-01-08,116,1,50.07,50.07,34.84,15.23
500153,2025-01-08,118,1,256.08,256.08,198.94,57.14
500154,2025-01-08,119,2,198.83,397.66,137.36,122.94
500155,2025-01-08,123,1,315.18,315.18,190.92,124.26
500156,2025-01-08,127,1,99.85,99.85,61.95,37.9
500157,2025-01-08,129,1,52.38,52.38,39.89,12.49
500158,2025-01-08,131,1,333.06,333.06,218.92,114.14
500159,2025-01-08,134,1,37.23,37.23,28.02,9.21
500160,2025-01-08,135,2,272.98,545.96,215.02,115.92
500161,2025-01-08,139,2,143.43,286.86,101.37,84.12
500162,2025-01-08,142,2,58.26,116.52,34.86,46.8
500163,2025-01-08,143,1,323.71,323.71,237.32,86.39
500164,2025-01-08,145,1,55.05,55.05,35.61,19.44
500165,2025-01-08,149,1,288.99,288.99,208.97,80.02
500166,2025-01-08,152,1,214.28,214.28,169.22,45.06
500167,2025-01-08,156,1,71.91,71.91,55.69,16.22
500168,2025-01-08,158,2,192.52,385.04,134.46,116.12
500169,2025-01-08,159,2,243.51,487.02,158.58,169.86
500170,2025-01-08,163,1,271.41,271.41,212.87,58.54
500171,2025-01-08,167,1,70.09,70.09,48.28,21.81
500172,2025-01-08,170,2,154.1,308.2,94.54,119.12
500173,2025-01-09,101,1,193.32,193.32,118.14,75.18
500174,2025-01-09,104,1,401.59,401.59,243.11,158.48
500175,2025-01-09,106,3,249.43,748.29,172.41,231.06
500176,2025-01-09,112,3,175.04,525.12,132.75,126.87
500177,2025-01-09,116,1,50.07,50.07,34.84,15.23
500178,2025-01-09,118,1,256.08,256.08,198.94,57.14
500179,2025-01-09,123,1,315.18,315.18,190.92,124.26
500180,2025-01-09,131,1,333.06,333.06,218.92,114.14
500181,2025-01-09,134,1,37.23,37.23,28.02,9.21
500182,2025-01-09,142,2,58.26,116.52,34.86,46.8
500183,2025-01-09,143,3,323.71,971.13,237.32,259.17
500184,2025-01-09,145,1,55.05,55.05,35.61,19.44
500185,2025-01-09,149,1,288.99,288.99,208.97,80.02
500186,2025-01-09,152,1,214.28,214.28,169.22,45.06
500187,2025-01-09,156,1,71.91,71.91,55.69,16.22
500188,2025-01-09,158,2,192.52,385.04,134.46,116.12
500189,2025-01-09,159,4,243.51,974.04,158.58,339.72
500190,2025-01-09,161,2,299.5,599.0,200.05,198.9
500191,2025-01-09,164,1,342.45,342.45,209.39,133.06
500192,2025-01-09,166,5,183.2,916.0,138.4,224.0
500193,2025-01-09,167,2,70.09,140.18,48.28,43.62
506133,2025-01-09,144,2,219.65,439.3,137.82,163.66
506188,2025-01-09,154,2,65.52,131.04,44.36,42.32
500194,2025-01-10,101,1,193.32,193.32,118.14,75.18
500195,2025-01-10,104,1,401.59,401.59,243.11,158.48
500196,2025-01-10,106,1,249.43,249.43,172.41,77.02
500197,2025-01-10,112,1,175.04,175.04,132.75,42.29
500198,2025-01-10,117,1,91.8,91.8,55.09,36.71
500199,2025-01-10,119,3,198.83,596.49,137.36,184.41
500200,2025-01-10,127,1,99.85,99.85,61.95,37.9
500201,2025-01-10,131,1,333.06,333.06,218.92,114.14
500202,2025-01-10,138,2,315.76,631.52,216.53,198.46
500203,2025-01-10,141,1,251.72,251.72,187.7,64.02
500204,2025-01-10,142,4,58.26,233.04,34.86,93.6
500205,2025-01-10,143,2,323.71,647.42,237.32,172.78
500206,2025-01-10,150,1,410.26,410.26,249.3,160.96
500207,2025-01-10,156,3,71.91,215.73,55.69,48.66
500208,2025-01-10,157,1,82.29,82.29,49.11,33.18
500209,2025-01-10,158,1,192.52,192.52,134.46,58.06
500210,2025-01-10,159,1,243.51,243.51,158.58,84.93
500211,2025-01-10,164,1,342.45,342.45,209.39,133.06
500212,2025-01-10,166,2,183.2,366.4,138.4,89.6
500213,2025-01-10,167,1,70.09,70.09,48.28,21.81
500214,2025-01-10,170,1,154.1,154.1,94.54,59.56
505822,2025-01-10,102,2,65.53,131.06,45.11,40.84
500215,2025-01-11,106,1,249.43,249.43,172.41,77.02
500216,2025-01-11,110,1,292.13,292.13,215.55,76.58
500217,2025-01-11,112,2,175.04,350.08,132.75,84.58
500218,2025-01-11,116,1,50.07,50.07,34.84,15.23
500219,2025-01-11,117,1,91.8,91.8,55.09,36.71
500220,2025-01-11,118,1,256.08,256.08,198.94,57.14
500221,2025-01-11,119,1,198.83,198.83,137.36,61.47
500222,2025-01-11,130,1,250.88,250.88,199.42,51.46
500223,2025-01-11,134,1,37.23,37.23,28.02,9.21
500224,2025-01-11,135,1,272.98,272.98,215.02,57.96
500225,2025-01-11,138,1,315.76,315.76,216.53,99.23
500226,2025-01-11,151,1,59.95,59.95,36.25,23.7
500227,2025-01-11,152,1,214.28,214.28,169.22,45.06
500228,2025-01-11,155,1,123.41,123.41,78.63,44.78
500229,2025-01-11,156,2,71.91,143.82,55.69,32.44
500230,2025-01-11,166,1,183.2,183.2,138.4,44.8
500231,2025-01-11,168,3,289.8,869.4,228.17,184.89
500232,2025-01-11,170,3,154.1,462.3,94.54,178.68
506134,2025-01-11,144,1,219.65,219.65,137.82,81.83
506189,2025-01-11,154,2,65.52,131.04,44.36,42.32
500233,2025-01-12,101,1,193.32,193.32,118.14,75.18
500234,2025-01-12,105,1,338.49,338.49,242.36,96.13
500235,2025-01-12,109,1,246.09,246.09,164.16,81.93
500236,2025-01-12,110,1,292.13,292.13,215.55,76.58
500237,2025-01-12,118,1,256.08,256.08,198.94,57.14
500238,2025-01-12,119,1,198.83,198.83,137.36,61.47
500239,2025-01-12,123,1,315.18,315.18,190.92,124.26
500240,2025-01-12,134,1,37.23,37.23,28.02,9.21
500241,2025-01-12,135,1,272.98,272.98,215.02,57.96
500242,2025-01-12,141,1,251.72,251.72,187.7,64.02
500243,2025-01-12,142,2,58.26,116.52,34.86,46.8
500244,2025-01-12,149,2,288.99,577.98,208.97,160.04
500245,2025-01-12,156,1,71.91,71.91,55.69,16.22
500246,2025-01-12,158,2,192.52,385.04,134.46,116.12
500247,2025-01-12,159,1,243.51,243.51,158.58,84.93
500248,2025-01-12,164,1,342.45,342.45,209.39,133.06
500249,2025-01-12,166,1,183.2,183.2,138.4,44.8
500250,2025-01-12,167,3,70.09,210.27,48.28,65.43
500251,2025-01-12,168,2,289.8,579.6,228.17,123.26
500252,2025-01-12,170,2,154.1,308.2,94.54,119.12
500253,2025-01-13,101,1,193.32,193.32,118.14,75.18
500254,2025-01-13,104,2,401.59,803.18,243.11,316.96
500255,2025-01-13,106,1,249.43,249.43,172.41,77.02
500256,2025-01-13,110,2,292.13,584.26,215.55,153.16
500257,2025-01-13,112,3,175.04,525.12,132.75,126.87
500258,2025-01-13,117,2,91.8,183.6,55.09,73.42
500259,2025-01-13,118,1,256.08,256.08,198.94,57.14
500260,2025-01-13,119,1,198.83,198.83,137.36,61.47
500261,2025-01-13,122,1,185.72,185.72,136.04,49.68
500262,2025-01-13,127,1,99.85,99.85,61.95,37.9
500263,2025-01-13,135,1,272.98,272.98,215.02,57.96
500264,2025-01-13,139,2,143.43,286.86,101.37,84.12
500265,2025-01-13,143,1,323.71,323.71,237.32,86.39
500266,2025-01-13,145,2,55.05,110.1,35.61,38.88
500267,2025-01-13,151,1,59.95,59.95,36.25,23.7
500268,2025-01-13,155,1,123.41,123.41,78.63,44.78
500269,2025-01-13,158,1,192.52,192.52,134.46,58.06
500270,2025-01-13,161,1,299.5,299.5,200.05,99.45
500271,2025-01-13,166,1,183.2,183.2,138.4,44.8
500272,2025-01-13,168,1,289.8,289.8,228.17,61.63
500273,2025-01-14,104,1,401.59,401.59,243.11,158.48
500274,2025-01-14,105,2,338.49,676.98,242.36,192.26
500275,2025-01-14,106,1,249.43,249.43,172.41,77.02
500276,2025-01-14,110,1,292.13,292.13,215.55,76.58
500277,2025-01-14,112,1,175.04,175.04,132.75,42.29
500278,2025-01-14,116,1,50.07,50.07,34.84,15.23
500279,2025-01-14,117,1,91.8,91.8,55.09,36.71
500280,2025-01-14,118,4,256.08,1024.32,198.94,228.56
500281,2025-01-14,119,3,198.83,596.49,137.36,184.41
500282,2025-01-14,131,2,333.06,666.12,218.92,228.28
500283,2025-01-14,138,1,315.76,315.76,216.53,99.23
500284,2025-01-14,141,1,251.72,251.72,187.7,64.02
500285,2025-01-14,142,1,58.26,58.26,34.86,23.4
500286,2025-01-14,143,2,323.71,647.42,237.32,172.78
500287,2025-01-14,151,2,59.95,119.9,36.25,47.4
500288,2025-01-14,152,1,214.28,214.28,169.22,45.06
500289,2025-01-14,155,1,123.41,123.41,78.63,44.78
500290,2025-01-14,156,1,71.91,71.91,55.69,16.22
500291,2025-01-14,158,3,192.52,577.56,134.46,174.18
500292,2025-01-14,159,4,243.51,974.04,158.58,339.72
500293,2025-01-14,166,1,183.2,183.2,138.4,44.8
500294,2025-01-14,168,2,289.8,579.6,228.17,123.26
506135,2025-01-14,144,1,219.65,219.65,137.82,81.83
500295,2025-01-15,101,1,193.32,193.32,118.14,75.18
500296,2025-01-15,106,1,249.43,249.43,172.41,77.02
500297,2025-01-15,110,1,292.13,292.13,215.55,76.58
500298,2025-01-15,112,2,175.04,350.08,132.75,84.58
500299,2025-01-15,117,1,91.8,91.8,55.09,36.71
500300,2025-01-15,118,2,256.08,512.16,198.94,114.28
500301,2025-01-15,122,1,185.72,185.72,136.04,49.68
500302,2025-01-15,123,2,315.18,630.36,190.92,248.52
500303,2025-01-15,131,1,333.06,333.06,218.92,114.14
500304,2025-01-15,135,2,272.98,545.96,215.02,115.92
500305,2025-01-15,138,1,315.76,315.76,216.53,99.23
500306,2025-01-15,139,2,143.43,286.86,101.37,84.12
500307,2025-01-15,143,1,323.71,323.71,237.32,86.39
500308,2025-01-15,150,1,410.26,410.26,249.3,160.96
500309,2025-01-15,151,2,59.95,119.9,36.25,47.4
500310,2025-01-15,156,1,71.91,71.91,55.69,16.22
500311,2025-01-15,158,2,192.52,385.04,134.46,116.12
500312,2025-01-15,161,1,299.5,299.5,200.05,99.45
500313,2025-01-15,164,2,342.45,684.9,209.39,266.12
500314,2025-01-15,165,1,273.04,273.04,196.44,76.6
500315,2025-01-15,166,3,183.2,549.6,138.4,134.4
500316,2025-01-15,168,1,289.8,289.8,228.17,61.63
500317,2025-01-15,170,2,154.1,308.2,94.54,119.12
506001,2025-01-15,128,2,126.0,252.0,85.72,80.56
506166,2025-01-15,153,1,45.82,45.82,28.45,17.37
500318,2025-01-16,106,1,249.43,249.43,172.41,77.02
500319,2025-01-16,109,2,246.09,492.18,164.16,163.86
500320,2025-01-16,110,1,292.13,292.13,215.55,76.58
500321,2025-01-16,112,1,175.04,175.04,132.75,42.29
500322,2025-01-16,114,1,266.44,266.44,183.47,82.97
500323,2025-01-16,116,2,50.07,100.14,34.84,30.46
500324,2025-01-16,118,3,256.08,768.24,198.94,171.42
500325,2025-01-16,119,3,198.83,596.49,137.36,184.41
500326,2025-01-16,127,1,99.85,99.85,61.95,37.9
500327,2025-01-16,134,1,37.23,37.23,28.02,9.21
500328,2025-01-16,135,1,272.98,272.98,215.02,57.96
500329,2025-01-16,142,2,58.26,116.52,34.86,46.8
500330,2025-01-16,151,5,59.95,299.75,36.25,118.5
500331,2025-01-16,152,1,214.28,214.28,169.22,45.06
500332,2025-01-16,156,2,71.91,143.82,55.69,32.44
500333,2025-01-16,158,1,192.52,192.52,134.46,58.06
500334,2025-01-16,159,1,243.51,243.51,158.58,84.93
500335,2025-01-16,166,3,183.2,549.6,138.4,134.4
500336,2025-01-16,167,4,70.09,280.36,48.28,87.24
500337,2025-01-16,168,2,289.8,579.6,228.17,123.26
500338,2025-01-17,101,1,193.32,193.32,118.14,75.18
500339,2025-01-17,105,1,338.49,338.49,242.36,96.13
500340,2025-01-17,106,1,249.43,249.43,172.41,77.02
500341,2025-01-17,112,3,175.04,525.12,132.75,126.87
500342,2025-01-17,117,1,91.8,91.8,55.09,36.71
500343,2025-01-17,118,1,256.08,256.08,198.94,57.14
500344,2025-01-17,131,2,333.06,666.12,218.92,228.28
500345,2025-01-17,143,1,323.71,323.71,237.32,86.39
500346,2025-01-17,152,1,214.28,214.28,169.22,45.06
500347,2025-01-17,156,3,71.91,215.73,55.69,48.66
500348,2025-01-17,158,1,192.52,192.52,134.46,58.06
500349,2025-01-17,161,1,299.5,299.5,200.05,99.45
500350,2025-01-17,167,1,70.09,70.09,48.28,21.81
500351,2025-01-17,168,1,289.8,289.8,228.17,61.63
500352,2025-01-17,170,2,154.1,308.2,94.54,119.12
505823,2025-01-17,102,1,65.53,65.53,45.11,20.42
506017,2025-01-17,132,2,99.35,198.7,73.24,52.22
506050,2025-01-17,133,2,115.61,231.22,87.93,55.36
506064,2025-01-17,136,2,152.73,305.46,102.8,99.86
506190,2025-01-17,154,2,65.52,131.04,44.36,42.32
500353,2025-01-18,101,1,193.32,193.32,118.14,75.18
500354,2025-01-18,105,1,338.49,338.49,242.36,96.13
500355,2025-01-18,112,1,175.04,175.04,132.75,42.29
500356,2025-01-18,114,1,266.44,266.44,183.47,82.97
500357,2025-01-18,116,1,50.07,50.07,34.84,15.23
500358,2025-01-18,131,2,333.06,666.12,218.92,228.28
500359,2025-01-18,134,2,37.23,74.46,28.02,18.42
500360,2025-01-18,142,2,58.26,116.52,34.86,46.8
500361,2025-01-18,143,1,323.71,323.71,237.32,86.39
500362,2025-01-18,149,1,288.99,288.99,208.97,80.02
500363,2025-01-18,157,1,82.29,82.29,49.11,33.18
500364,2025-01-18,159,2,243.51,487.02,158.58,169.86
500365,2025-01-18,161,1,299.5,299.5,200.05,99.45
500366,2025-01-18,165,1,273.04,273.04,196.44,76.6
500367,2025-01-18,167,1,70.09,70.09,48.28,21.81
500368,2025-01-18,168,1,289.8,289.8,228.17,61.63
500369,2025-01-18,169,1,117.76,117.76,72.26,45.5
500370,2025-01-18,170,1,154.1,154.1,94.54,59.56
505824,2025-01-18,102,1,65.53,65.53,45.11,20.42
505851,2025-01-18,103,1,102.57,102.57,68.4,34.17
500371,2025-01-19,104,1,401.59,401.59,243.11,158.48
500372,2025-01-19,110,1,292.13,292.13,215.55,76.58
500373,2025-01-19,116,2,50.07,100.14,34.84,30.46
500374,2025-01-19,117,1,91.8,91.8,55.09,36.71
500375,2025-01-19,118,1,256.08,256.08,198.94,57.14
500376,2025-01-19,126,1,61.33,61.33,48.82,12.51
500377,2025-01-19,127,2,99.85,199.7,61.95,75.8
500378,2025-01-19,131,1,333.06,333.06,218.92,114.14
500379,2025-01-19,134,1,37.23,37.23,28.02,9.21
500380,2025-01-19,141,1,251.72,251.72,187.7,64.02
500381,2025-01-19,142,1,58.26,58.26,34.86,23.4
500382,2025-01-19,151,2,59.95,119.9,36.25,47.4
500383,2025-01-19,152,1,214.28,214.28,169.22,45.06
500384,2025-01-19,156,1,71.91,71.91,55.69,16.22
500385,2025-01-19,157,1,82.29,82.29,49.11,33.18
500386,2025-01-19,158,3,192.52,577.56,134.46,174.18
500387,2025-01-19,164,1,342.45,342.45,209.39,133.06
500388,2025-01-19,165,1,273.04,273.04,196.44,76.6
500389,2025-01-19,166,2,183.2,366.4,138.4,89.6
500390,2025-01-19,168,2,289.8,579.6,228.17,123.26
500391,2025-01-19,170,1,154.1,154.1,94.54,59.56
500392,2025-01-20,108,1,289.07,289.07,198.47,90.6
500393,2025-01-20,110,2,292.13,584.26,215.55,153.16
500394,2025-01-20,112,1,175.04,175.04,132.75,42.29
500395,2025-01-20,114,1,266.44,266.44,183.47,82.97
500396,2025-01-20,116,2,50.07,100.14,34.84,30.46
500397,2025-01-20,119,1,198.83,198.83,137.36,61.47
500398,2025-01-20,123,1,315.18,315.18,190.92,124.26
500399,2025-01-20,127,1,99.85,99.85,61.95,37.9
500400,2025-01-20,131,1,333.06,333.06,218.92,114.14
500401,2025-01-20,138,1,315.76,315.76,216.53,99.23
500402,2025-01-20,142,1,58.26,58.26,34.86,23.4
500403,2025-01-20,143,2,323.71,647.42,237.32,172.78
500404,2025-01-20,145,1,55.05,55.05,35.61,19.44
500405,2025-01-20,151,1,59.95,59.95,36.25,23.7
500406,2025-01-20,156,1,71.91,71.91,55.69,16.22
500407,2025-01-20,157,1,82.29,82.29,49.11,33.18
500408,2025-01-20,158,3,192.52,577.56,134.46,174.18
500409,2025-01-20,166,2,183.2,366.4,138.4,89.6
500410,2025-01-20,167,3,70.09,210.27,48.28,65.43
500411,2025-01-20,168,1,289.8,289.8,228.17,61.63
500412,2025-01-20,169,1,117.76,117.76,72.26,45.5
506191,2025-01-20,154,2,65.52,131.04,44.36,42.32
500413,2025-01-21,101,1,193.32,193.32,118.14,75.18
500414,2025-01-21,104,1,401.59,401.59,243.11,158.48
500415,2025-01-21,106,1,249.43,249.43,172.41,77.02
500416,2025-01-21,110,3,292.13,876.39,215.55,229.74
500417,2025-01-21,112,1,175.04,175.04,132.75,42.29
500418,2025-01-21,118,1,256.08,256.08,198.94,57.14
500419,2025-01-21,119,2,198.83,397.66,137.36,122.94
500420,2025-01-21,123,1,315.18,315.18,190.92,124.26
500421,2025-01-21,131,1,333.06,333.06,218.92,114.14
500422,2025-01-21,134,1,37.23,37.23,28.02,9.21
500423,2025-01-21,138,1,315.76,315.76,216.53,99.23
500424,2025-01-21,139,1,143.43,143.43,101.37,42.06
500425,2025-01-21,142,1,58.26,58.26,34.86,23.4
500426,2025-01-21,143,2,323.71,647.42,237.32,172.78
500427,2025-01-21,145,1,55.05,55.05,35.61,19.44
500428,2025-01-21,148,1,69.95,69.95,42.84,27.11
500429,2025-01-21,150,1,410.26,410.26,249.3,160.96
500430,2025-01-21,151,1,59.95,59.95,36.25,23.7
500431,2025-01-21,152,1,214.28,214.28,169.22,45.06
500432,2025-01-21,156,4,71.91,287.64,55.69,64.88
500433,2025-01-21,161,1,299.5,299.5,200.05,99.45
500434,2025-01-21,163,1,271.41,271.41,212.87,58.54
500435,2025-01-21,166,4,183.2,732.8,138.4,179.2
505907,2025-01-21,115,1,92.47,92.47,56.54,35.93
506002,2025-01-21,128,2,126.0,252.0,85.72,80.56
500436,2025-01-22,104,1,401.59,401.59,243.11,158.48
500437,2025-01-22,105,1,338.49,338.49,242.36,96.13
500438,2025-01-22,106,2,249.43,498.86,172.41,154.04
500439,2025-01-22,108,1,289.07,289.07,198.47,90.6
500440,2025-01-22,109,1,246.09,246.09,164.16,81.93
500441,2025-01-22,110,2,292.13,584.26,215.55,153.16
500442,2025-01-22,112,3,175.04,525.12,132.75,126.87
500443,2025-01-22,114,1,266.44,266.44,183.47,82.97
500444,2025-01-22,118,4,256.08,1024.32,198.94,228.56
500445,2025-01-22,119,3,198.83,596.49,137.36,184.41
500446,2025-01-22,127,2,99.85,199.7,61.95,75.8
500447,2025-01-22,131,2,333.06,666.12,218.92,228.28
500448,2025-01-22,134,1,37.23,37.23,28.02,9.21
500449,2025-01-22,135,5,272.98,1364.9,215.02,289.8
500450,2025-01-22,139,1,143.43,143.43,101.37,42.06
500451,2025-01-22,142,1,58.26,58.26,34.86,23.4
500452,2025-01-22,149,1,288.99,288.99,208.97,80.02
500453,2025-01-22,151,3,59.95,179.85,36.25,71.1
500454,2025-01-22,155,1,123.41,123.41,78.63,44.78
500455,2025-01-22,156,2,71.91,143.82,55.69,32.44
500456,2025-01-22,158,3,192.52,577.56,134.46,174.18
500457,2025-01-22,159,2,243.51,487.02,158.58,169.86
500458,2025-01-22,160,2,170.86,341.72,126.42,88.88
500459,2025-01-22,168,1,289.8,289.8,228.17,61.63
500460,2025-01-22,170,1,154.1,154.1,94.54,59.56
505984,2025-01-22,124,2,59.0,118.0,37.2,43.6
506018,2025-01-22,132,1,99.35,99.35,73.24,26.11
500461,2025-01-23,101,1,193.32,193.32,118.14,75.18
500462,2025-01-23,104,4,401.59,1606.36,243.11,633.92
500463,2025-01-23,112,1,175.04,175.04,132.75,42.29
500464,2025-01-23,118,1,256.08,256.08,198.94,57.14
500465,2025-01-23,119,4,198.83,795.32,137.36,245.88
500466,2025-01-23,123,2,315.18,630.36,190.92,248.52
500467,2025-01-23,131,1,333.06,333.06,218.92,114.14
500468,2025-01-23,142,1,58.26,58.26,34.86,23.4
500469,2025-01-23,143,3,323.71,971.13,237.32,259.17
500470,2025-01-23,151,1,59.95,59.95,36.25,23.7
500471,2025-01-23,156,1,71.91,71.91,55.69,16.22
500472,2025-01-23,158,1,192.52,192.52,134.46,58.06
500473,2025-01-23,159,1,243.51,243.51,158.58,84.93
500474,2025-01-23,160,1,170.86,170.86,126.42,44.44
500475,2025-01-23,167,2,70.09,140.18,48.28,43.62
500476,2025-01-23,168,2,289.8,579.6,228.17,123.26
500477,2025-01-23,170,3,154.1,462.3,94.54,178.68
505825,2025-01-23,102,1,65.53,65.53,45.11,20.42
505908,2025-01-23,115,1,92.47,92.47,56.54,35.93
506136,2025-01-23,144,2,219.65,439.3,137.82,163.66
506192,2025-01-23,154,1,65.52,65.52,44.36,21.16
500478,2025-01-24,101,1,193.32,193.32,118.14,75.18
500479,2025-01-24,104,2,401.59,803.18,243.11,316.96
500480,2025-01-24,105,3,338.49,1015.47,242.36,288.39
500481,2025-01-24,109,1,246.09,246.09,164.16,81.93
500482,2025-01-24,112,1,175.04,175.04,132.75,42.29
500483,2025-01-24,118,2,256.08,512.16,198.94,114.28
500484,2025-01-24,122,1,185.72,185.72,136.04,49.68
500485,2025-01-24,130,1,250.88,250.88,199.42,51.46
500486,2025-01-24,131,3,333.06,999.18,218.92,342.42
500487,2025-01-24,134,1,37.23,37.23,28.02,9.21
500488,2025-01-24,135,1,272.98,272.98,215.02,57.96
500489,2025-01-24,142,2,58.26,116.52,34.86,46.8
500490,2025-01-24,143,1,323.71,323.71,237.32,86.39
500491,2025-01-24,149,2,288.99,577.98,208.97,160.04
500492,2025-01-24,156,3,71.91,215.73,55.69,48.66
500493,2025-01-24,157,1,82.29,82.29,49.11,33.18
500494,2025-01-24,158,2,192.52,385.04,134.46,116.12
500495,2025-01-24,159,1,243.51,243.51,158.58,84.93
500496,2025-01-24,161,1,299.5,299.5,200.05,99.45
500497,2025-01-24,164,1,342.45,342.45,209.39,133.06
500498,2025-01-24,165,1,273.04,273.04,196.44,76.6
500499,2025-01-24,166,1,183.2,183.2,138.4,44.8
500500,2025-01-24,167,1,70.09,70.09,48.28,21.81
500501,2025-01-24,170,2,154.1,308.2,94.54,119.12
505956,2025-01-24,121,1,35.68,35.68,23.79,11.89
500502,2025-01-25,112,1,175.04,175.04,132.75,42.29
500503,2025-01-25,116,2,50.07,100.14,34.84,30.46
500504,2025-01-25,117,1,91.8,91.8,55.09,36.71
500505,2025-01-25,118,2,256.08,512.16,198.94,114.28
500506,2025-01-25,119,2,198.83,397.66,137.36,122.94
500507,2025-01-25,130,1,250.88,250.88,199.42,51.46
500508,2025-01-25,131,1,333.06,333.06,218.92,114.14
500509,2025-01-25,141,1,251.72,251.72,187.7,64.02
500510,2025-01-25,143,2,323.71,647.42,237.32,172.78
500511,2025-01-25,157,1,82.29,82.29,49.11,33.18
500512,2025-01-25,158,3,192.52,577.56,134.46,174.18
500513,2025-01-25,159,2,243.51,487.02,158.58,169.86
500514,2025-01-25,161,1,299.5,299.5,200.05,99.45
500515,2025-01-25,170,1,154.1,154.1,94.54,59.56
506193,2025-01-25,154,2,65.52,131.04,44.36,42.32
500516,2025-01-26,106,4,249.43,997.72,172.41,308.08
500517,2025-01-26,110,1,292.13,292.13,215.55,76.58
500518,2025-01-26,112,1,175.04,175.04,132.75,42.29
500519,2025-01-26,119,1,198.83,198.83,137.36,61.47
500520,2025-01-26,127,3,99.85,299.55,61.95,113.7
500521,2025-01-26,131,2,333.06,666.12,218.92,228.28
500522,2025-01-26,143,1,323.71,323.71,237.32,86.39
500523,2025-01-26,145,1,55.05,55.05,35.61,19.44
500524,2025-01-26,150,1,410.26,410.26,249.3,160.96
500525,2025-01-26,151,1,59.95,59.95,36.25,23.7
500526,2025-01-26,155,1,123.41,123.41,78.63,44.78
500527,2025-01-26,156,1,71.91,71.91,55.69,16.22
500528,2025-01-26,158,2,192.52,385.04,134.46,116.12
500529,2025-01-26,159,1,243.51,243.51,158.58,84.93
500530,2025-01-26,161,1,299.5,299.5,200.05,99.45
500531,2025-01-26,167,2,70.09,140.18,48.28,43.62
500532,2025-01-26,170,1,154.1,154.1,94.54,59.56
505826,2025-01-26,102,1,65.53,65.53,45.11,20.42
506019,2025-01-26,132,2,99.35,198.7,73.24,52.22
506137,2025-01-26,144,1,219.65,219.65,137.82,81.83
500533,2025-01-27,101,2,193.32,386.64,118.14,150.36
500534,2025-01-27,104,2,401.59,803.18,243.11,316.96
500535,2025-01-27,106,2,249.43,498.86,172.41,154.04
500536,2025-01-27,112,3,175.04,525.12,132.75,126.87
500537,2025-01-27,118,2,256.08,512.16,198.94,114.28
500538,2025-01-27,142,2,58.26,116.52,34.86,46.8
500539,2025-01-27,143,3,323.71,971.13,237.32,259.17
500540,2025-01-27,145,1,55.05,55.05,35.61,19.44
500541,2025-01-27,151,3,59.95,179.85,36.25,71.1
500542,2025-01-27,158,2,192.52,385.04,134.46,116.12
500543,2025-01-27,159,1,243.51,243.51,158.58,84.93
500544,2025-01-27,161,1,299.5,299.5,200.05,99.45
500545,2025-01-27,166,2,183.2,366.4,138.4,89.6
505852,2025-01-27,103,1,102.57,102.57,68.4,34.17
500546,2025-01-28,101,1,193.32,193.32,118.14,75.18
500547,2025-01-28,104,2,401.59,803.18,243.11,316.96
500548,2025-01-28,105,1,338.49,338.49,242.36,96.13
500549,2025-01-28,110,2,292.13,584.26,215.55,153.16
500550,2025-01-28,112,2,175.04,350.08,132.75,84.58
500551,2025-01-28,114,1,266.44,266.44,183.47,82.97
500552,2025-01-28,116,1,50.07,50.07,34.84,15.23
500553,2025-01-28,117,2,91.8,183.6,55.09,73.42
500554,2025-01-28,118,3,256.08,768.24,198.94,171.42
500555,2025-01-28,119,2,198.83,397.66,137.36,122.94
500556,2025-01-28,123,1,315.18,315.18,190.92,124.26
500557,2025-01-28,127,1,99.85,99.85,61.95,37.9
500558,2025-01-28,131,1,333.06,333.06,218.92,114.14
500559,2025-01-28,134,1,37.23,37.23,28.02,9.21
500560,2025-01-28,135,1,272.98,272.98,215.02,57.96
500561,2025-01-28,141,1,251.72,251.72,187.7,64.02
500562,2025-01-28,145,3,55.05,165.15,35.61,58.32
500563,2025-01-28,151,1,59.95,59.95,36.25,23.7
500564,2025-01-28,159,1,243.51,243.51,158.58,84.93
500565,2025-01-28,160,3,170.86,512.58,126.42,133.32
500566,2025-01-28,164,3,342.45,1027.35,209.39,399.18
500567,2025-01-28,166,3,183.2,549.6,138.4,134.4
500568,2025-01-28,167,2,70.09,140.18,48.28,43.62
500569,2025-01-28,170,1,154.1,154.1,94.54,59.56
506020,2025-01-28,132,2,99.35,198.7,73.24,52.22
506051,2025-01-28,133,1,115.61,115.61,87.93,27.68
506101,2025-01-28,137,1,395.0,395.0,245.2,149.8
500570,2025-01-29,106,3,249.43,748.29,172.41,231.06
500571,2025-01-29,110,2,292.13,584.26,215.55,153.16
500572,2025-01-29,116,2,50.07,100.14,34.84,30.46
500573,2025-01-29,118,3,256.08,768.24,198.94,171.42
500574,2025-01-29,123,1,315.18,315.18,190.92,124.26
500575,2025-01-29,127,1,99.85,99.85,61.95,37.9
500576,2025-01-29,134,2,37.23,74.46,28.02,18.42
500577,2025-01-29,142,1,58.26,58.26,34.86,23.4
500578,2025-01-29,143,1,323.71,323.71,237.32,86.39
500579,2025-01-29,146,1,111.1,111.1,78.58,32.52
500580,2025-01-29,151,1,59.95,59.95,36.25,23.7
500581,2025-01-29,152,1,214.28,214.28,169.22,45.06
500582,2025-01-29,156,1,71.91,71.91,55.69,16.22
500583,2025-01-29,159,2,243.51,487.02,158.58,169.86
500584,2025-01-29,160,1,170.86,170.86,126.42,44.44
500585,2025-01-29,167,1,70.09,70.09,48.28,21.81
500586,2025-01-29,168,2,289.8,579.6,228.17,123.26
506162,2025-01-29,147,2,242.25,484.5,144.95,194.6
500587,2025-01-30,104,1,401.59,401.59,243.11,158.48
500588,2025-01-30,106,1,249.43,249.43,172.41,77.02
500589,2025-01-30,110,3,292.13,876.39,215.55,229.74
500590,2025-01-30,116,1,50.07,50.07,34.84,15.23
500591,2025-01-30,118,1,256.08,256.08,198.94,57.14
500592,2025-01-30,119,2,198.83,397.66,137.36,122.94
500593,2025-01-30,123,1,315.18,315.18,190.92,124.26
500594,2025-01-30,129,1,52.38,52.38,39.89,12.49
500595,2025-01-30,131,2,333.06,666.12,218.92,228.28
500596,2025-01-30,135,1,272.98,272.98,215.02,57.96
500597,2025-01-30,138,1,315.76,315.76,216.53,99.23
500598,2025-01-30,142,5,58.26,291.3,34.86,117.0
500599,2025-01-30,143,2,323.71,647.42,237.32,172.78
500600,2025-01-30,145,1,55.05,55.05,35.61,19.44
500601,2025-01-30,146,1,111.1,111.1,78.58,32.52
500602,2025-01-30,149,1,288.99,288.99,208.97,80.02
500603,2025-01-30,151,2,59.95,119.9,36.25,47.4
500604,2025-01-30,152,1,214.28,214.28,169.22,45.06
500605,2025-01-30,156,1,71.91,71.91,55.69,16.22
500606,2025-01-30,158,2,192.52,385.04,134.46,116.12
500607,2025-01-30,159,2,243.51,487.02,158.58,169.86
500608,2025-01-30,168,2,289.8,579.6,228.17,123.26
500609,2025-01-30,170,1,154.1,154.1,94.54,59.56
500610,2025-01-31,104,1,401.59,401.59,243.11,158.48
500611,2025-01-31,106,2,249.43,498.86,172.41,154.04
500612,2025-01-31,110,1,292.13,292.13,215.55,76.58
500613,2025-01-31,118,1,256.08,256.08,198.94,57.14
500614,2025-01-31,119,1,198.83,198.83,137.36,61.47
500615,2025-01-31,131,1,333.06,333.06,218.92,114.14
500616,2025-01-31,138,1,315.76,315.76,216.53,99.23
500617,2025-01-31,139,1,143.43,143.43,101.37,42.06
500618,2025-01-31,142,1,58.26,58.26,34.86,23.4
500619,2025-01-31,143,1,323.71,323.71,237.32,86.39
500620,2025-01-31,151,3,59.95,179.85,36.25,71.1
500621,2025-01-31,152,1,214.28,214.28,169.22,45.06
500622,2025-01-31,158,1,192.52,192.52,134.46,58.06
500623,2025-01-31,159,1,243.51,243.51,158.58,84.93
500624,2025-01-31,160,1,170.86,170.86,126.42,44.44
500625,2025-01-31,161,1,299.5,299.5,200.05,99.45
500626,2025-01-31,164,1,342.45,342.45,209.39,133.06
500627,2025-01-31,166,1,183.2,183.2,138.4,44.8
500628,2025-01-31,170,3,154.1,462.3,94.54,178.68
505909,2025-01-31,115,1,92.47,92.47,56.54,35.93
500629,2025-02-01,101,1,193.32,193.32,118.14,75.18
500630,2025-02-01,110,2,292.13,584.26,215.55,153.16
500631,2025-02-01,118,2,256.08,512.16,198.94,114.28
500632,2025-02-01,119,1,198.83,198.83,137.36,61.47
500633,2025-02-01,130,1,250.88,250.88,199.42,51.46
500634,2025-02-01,131,2,333.06,666.12,218.92,228.28
500635,2025-02-01,138,1,315.76,315.76,216.53,99.23
500636,2025-02-01,142,1,58.26,58.26,34.86,23.4
500637,2025-02-01,145,1,55.05,55.05,35.61,19.44
500638,2025-02-01,146,1,111.1,111.1,78.58,32.52
500639,2025-02-01,151,1,59.95,59.95,36.25,23.7
500640,2025-02-01,158,1,192.52,192.52,134.46,58.06
500641,2025-02-01,159,1,243.51,243.51,158.58,84.93
500642,2025-02-01,164,1,342.45,342.45,209.39,133.06
500643,2025-02-01,166,1,183.2,183.2,138.4,44.8
500644,2025-02-01,167,1,70.09,70.09,48.28,21.81
500645,2025-02-01,168,2,289.8,579.6,228.17,123.26
500646,2025-02-01,170,3,154.1,462.3,94.54,178.68
505940,2025-02-01,120,2,238.12,476.24,172.98,130.28
505957,2025-02-01,121,2,35.68,71.36,23.79,23.78
506021,2025-02-01,132,1,99.35,99.35,73.24,26.11
506128,2025-02-01,140,2,178.93,357.86,128.01,101.84
500647,2025-02-02,105,1,338.49,338.49,242.36,96.13
500648,2025-02-02,106,3,249.43,748.29,172.41,231.06
500649,2025-02-02,109,1,246.09,246.09,164.16,81.93
500650,2025-02-02,112,1,175.04,175.04,132.75,42.29
500651,2025-02-02,118,2,256.08,512.16,198.94,114.28
500652,2025-02-02,122,1,185.72,185.72,136.04,49.68
500653,2025-02-02,131,1,333.06,333.06,218.92,114.14
500654,2025-02-02,143,2,323.71,647.42,237.32,172.78
500655,2025-02-02,146,1,111.1,111.1,78.58,32.52
500656,2025-02-02,151,1,59.95,59.95,36.25,23.7
500657,2025-02-02,152,1,214.28,214.28,169.22,45.06
500658,2025-02-02,159,1,243.51,243.51,158.58,84.93
500659,2025-02-02,161,1,299.5,299.5,200.05,99.45
500660,2025-02-02,166,1,183.2,183.2,138.4,44.8
500661,2025-02-02,167,3,70.09,210.27,48.28,65.43
500662,2025-02-02,168,1,289.8,289.8,228.17,61.63
500663,2025-02-03,104,1,401.59,401.59,243.11,158.48
500664,2025-02-03,106,1,249.43,249.43,172.41,77.02
500665,2025-02-03,117,1,91.8,91.8,55.09,36.71
500666,2025-02-03,118,2,256.08,512.16,198.94,114.28
500667,2025-02-03,123,1,315.18,315.18,190.92,124.26
500668,2025-02-03,129,1,52.38,52.38,39.89,12.49
500669,2025-02-03,131,1,333.06,333.06,218.92,114.14
500670,2025-02-03,135,1,272.98,272.98,215.02,57.96
500671,2025-02-03,141,1,251.72,251.72,187.7,64.02
500672,2025-02-03,142,3,58.26,174.78,34.86,70.2
500673,2025-02-03,143,2,323.71,647.42,237.32,172.78
500674,2025-02-03,149,2,288.99,577.98,208.97,160.04
500675,2025-02-03,152,1,214.28,214.28,169.22,45.06
500676,2025-02-03,158,2,192.52,385.04,134.46,116.12
500677,2025-02-03,159,2,243.51,487.02,158.58,169.86
500678,2025-02-03,161,1,299.5,299.5,200.05,99.45
500679,2025-02-03,165,1,273.04,273.04,196.44,76.6
500680,2025-02-03,166,1,183.2,183.2,138.4,44.8
500681,2025-02-03,167,1,70.09,70.09,48.28,21.81
500682,2025-02-03,170,3,154.1,462.3,94.54,178.68
506022,2025-02-03,132,1,99.35,99.35,73.24,26.11
500683,2025-02-04,101,1,193.32,193.32,118.14,75.18
500684,2025-02-04,104,1,401.59,401.59,243.11,158.48
500685,2025-02-04,110,1,292.13,292.13,215.55,76.58
500686,2025-02-04,116,1,50.07,50.07,34.84,15.23
500687,2025-02-04,117,1,91.8,91.8,55.09,36.71
500688,2025-02-04,118,3,256.08,768.24,198.94,171.42
500689,2025-02-04,119,1,198.83,198.83,137.36,61.47
500690,2025-02-04,129,2,52.38,104.76,39.89,24.98
500691,2025-02-04,131,1,333.06,333.06,218.92,114.14
500692,2025-02-04,142,2,58.26,116.52,34.86,46.8
500693,2025-02-04,143,1,323.71,323.71,237.32,86.39
500694,2025-02-04,156,3,71.91,215.73,55.69,48.66
500695,2025-02-04,158,1,192.52,192.52,134.46,58.06
500696,2025-02-04,159,5,243.51,1217.55,158.58,424.65
500697,2025-02-04,161,1,299.5,299.5,200.05,99.45
500698,2025-02-04,167,1,70.09,70.09,48.28,21.81
500699,2025-02-04,168,1,289.8,289.8,228.17,61.63
500700,2025-02-04,169,1,117.76,117.76,72.26,45.5
505895,2025-02-04,113,1,46.39,46.39,35.6,10.79
500701,2025-02-05,101,1,193.32,193.32,118.14,75.18
500702,2025-02-05,105,1,338.49,338.49,242.36,96.13
500703,2025-02-05,106,1,249.43,249.43,172.41,77.02
500704,2025-02-05,112,1,175.04,175.04,132.75,42.29
500705,2025-02-05,118,2,256.08,512.16,198.94,114.28
500706,2025-02-05,119,1,198.83,198.83,137.36,61.47
500707,2025-02-05,123,2,315.18,630.36,190.92,248.52
500708,2025-02-05,126,1,61.33,61.33,48.82,12.51
500709,2025-02-05,131,4,333.06,1332.24,218.92,456.56
500710,2025-02-05,135,1,272.98,272.98,215.02,57.96
500711,2025-02-05,139,2,143.43,286.86,101.37,84.12
500712,2025-02-05,141,1,251.72,251.72,187.7,64.02
500713,2025-02-05,142,1,58.26,58.26,34.86,23.4
500714,2025-02-05,143,2,323.71,647.42,237.32,172.78
500715,2025-02-05,151,2,59.95,119.9,36.25,47.4
500716,2025-02-05,152,1,214.28,214.28,169.22,45.06
500717,2025-02-05,156,1,71.91,71.91,55.69,16.22
500718,2025-02-05,157,1,82.29,82.29,49.11,33.18
500719,2025-02-05,159,1,243.51,243.51,158.58,84.93
500720,2025-02-05,164,1,342.45,342.45,209.39,133.06
500721,2025-02-05,165,1,273.04,273.04,196.44,76.6
500722,2025-02-05,166,1,183.2,183.2,138.4,44.8
500723,2025-02-05,168,2,289.8,579.6,228.17,123.26
500724,2025-02-05,170,2,154.1,308.2,94.54,119.12
506163,2025-02-05,147,1,242.25,242.25,144.95,97.3
500725,2025-02-06,106,4,249.43,997.72,172.41,308.08
500726,2025-02-06,109,1,246.09,246.09,164.16,81.93
500727,2025-02-06,110,1,292.13,292.13,215.55,76.58
500728,2025-02-06,118,1,256.08,256.08,198.94,57.14
500729,2025-02-06,127,1,99.85,99.85,61.95,37.9
500730,2025-02-06,129,1,52.38,52.38,39.89,12.49
500731,2025-02-06,131,1,333.06,333.06,218.92,114.14
500732,2025-02-06,142,2,58.26,116.52,34.86,46.8
500733,2025-02-06,151,2,59.95,119.9,36.25,47.4
500734,2025-02-06,155,1,123.41,123.41,78.63,44.78
500735,2025-02-06,156,2,71.91,143.82,55.69,32.44
500736,2025-02-06,157,1,82.29,82.29,49.11,33.18
500737,2025-02-06,158,1,192.52,192.52,134.46,58.06
500738,2025-02-06,159,2,243.51,487.02,158.58,169.86
500739,2025-02-06,161,1,299.5,299.5,200.05,99.45
500740,2025-02-06,166,1,183.2,183.2,138.4,44.8
506065,2025-02-06,136,2,152.73,305.46,102.8,99.86
506167,2025-02-06,153,2,45.82,91.64,28.45,34.74
500741,2025-02-07,104,1,401.59,401.59,243.11,158.48
500742,2025-02-07,106,1,249.43,249.43,172.41,77.02
500743,2025-02-07,109,1,246.09,246.09,164.16,81.93
500744,2025-02-07,110,1,292.13,292.13,215.55,76.58
500745,2025-02-07,112,2,175.04,350.08,132.75,84.58
500746,2025-02-07,116,1,50.07,50.07,34.84,15.23
500747,2025-02-07,118,1,256.08,256.08,198.94,57.14
500748,2025-02-07,119,3,198.83,596.49,137.36,184.41
500749,2025-02-07,131,2,333.06,666.12,218.92,228.28
500750,2025-02-07,142,2,58.26,116.52,34.86,46.8
500751,2025-02-07,143,1,323.71,323.71,237.32,86.39
500752,2025-02-07,151,1,59.95,59.95,36.25,23.7
500753,2025-02-07,158,4,192.52,770.08,134.46,232.24
500754,2025-02-07,159,2,243.51,487.02,158.58,169.86
500755,2025-02-07,160,1,170.86,170.86,126.42,44.44
500756,2025-02-07,166,2,183.2,366.4,138.4,89.6
500757,2025-02-07,167,2,70.09,140.18,48.28,43.62
500758,2025-02-07,168,2,289.8,579.6,228.17,123.26
500759,2025-02-07,170,2,154.1,308.2,94.54,119.12
500760,2025-02-08,101,1,193.32,193.32,118.14,75.18
500761,2025-02-08,104,1,401.59,401.59,243.11,158.48
500762,2025-02-08,105,1,338.49,338.49,242.36,96.13
500763,2025-02-08,106,2,249.43,498.86,172.41,154.04
500764,2025-02-08,110,3,292.13,876.39,215.55,229.74
500765,2025-02-08,112,2,175.04,350.08,132.75,84.58
500766,2025-02-08,116,1,50.07,50.07,34.84,15.23
500767,2025-02-08,117,1,91.8,91.8,55.09,36.71
500768,2025-02-08,118,1,256.08,256.08,198.94,57.14
500769,2025-02-08,119,3,198.83,596.49,137.36,184.41
500770,2025-02-08,131,1,333.06,333.06,218.92,114.14
500771,2025-02-08,134,1,37.23,37.23,28.02,9.21
500772,2025-02-08,139,1,143.43,143.43,101.37,42.06
500773,2025-02-08,142,3,58.26,174.78,34.86,70.2
500774,2025-02-08,143,3,323.71,971.13,237.32,259.17
500775,2025-02-08,145,1,55.05,55.05,35.61,19.44
500776,2025-02-08,149,1,288.99,288.99,208.97,80.02
500777,2025-02-08,151,1,59.95,59.95,36.25,23.7
500778,2025-02-08,152,1,214.28,214.28,169.22,45.06
500779,2025-02-08,157,1,82.29,82.29,49.11,33.18
500780,2025-02-08,159,1,243.51,243.51,158.58,84.93
500781,2025-02-08,160,1,170.86,170.86,126.42,44.44
500782,2025-02-08,166,1,183.2,183.2,138.4,44.8
500783,2025-02-08,170,1,154.1,154.1,94.54,59.56
505853,2025-02-08,103,2,102.57,205.14,68.4,68.34
500784,2025-02-09,104,1,401.59,401.59,243.11,158.48
500785,2025-02-09,105,3,338.49,1015.47,242.36,288.39
500786,2025-02-09,110,1,292.13,292.13,215.55,76.58
500787,2025-02-09,112,2,175.04,350.08,132.75,84.58
500788,2025-02-09,118,1,256.08,256.08,198.94,57.14
500789,2025-02-09,123,1,315.18,315.18,190.92,124.26
500790,2025-02-09,126,1,61.33,61.33,48.82,12.51
500791,2025-02-09,131,2,333.06,666.12,218.92,228.28
500792,2025-02-09,135,1,272.98,272.98,215.02,57.96
500793,2025-02-09,138,1,315.76,315.76,216.53,99.23
500794,2025-02-09,143,3,323.71,971.13,237.32,259.17
500795,2025-02-09,149,2,288.99,577.98,208.97,160.04
500796,2025-02-09,150,1,410.26,410.26,249.3,160.96
500797,2025-02-09,156,3,71.91,215.73,55.69,48.66
500798,2025-02-09,159,1,243.51,243.51,158.58,84.93
500799,2025-02-09,170,1,154.1,154.1,94.54,59.56
505827,2025-02-09,102,1,65.53,65.53,45.11,20.42
500800,2025-02-10,104,1,401.59,401.59,243.11,158.48
500801,2025-02-10,106,2,249.43,498.86,172.41,154.04
500802,2025-02-10,110,2,292.13,584.26,215.55,153.16
500803,2025-02-10,112,4,175.04,700.16,132.75,169.16
500804,2025-02-10,116,1,50.07,50.07,34.84,15.23
500805,2025-02-10,119,5,198.83,994.15,137.36,307.35
500806,2025-02-10,125,1,86.82,86.82,57.13,29.69
500807,2025-02-10,126,2,61.33,122.66,48.82,25.02
500808,2025-02-10,127,2,99.85,199.7,61.95,75.8
500809,2025-02-10,129,1,52.38,52.38,39.89,12.49
500810,2025-02-10,134,2,37.23,74.46,28.02,18.42
500811,2025-02-10,135,1,272.98,272.98,215.02,57.96
500812,2025-02-10,142,1,58.26,58.26,34.86,23.4
500813,2025-02-10,146,1,111.1,111.1,78.58,32.52
500814,2025-02-10,151,1,59.95,59.95,36.25,23.7
500815,2025-02-10,156,2,71.91,143.82,55.69,32.44
500816,2025-02-10,157,1,82.29,82.29,49.11,33.18
500817,2025-02-10,158,1,192.52,192.52,134.46,58.06
500818,2025-02-10,159,2,243.51,487.02,158.58,169.86
500819,2025-02-10,160,1,170.86,170.86,126.42,44.44
500820,2025-02-10,161,1,299.5,299.5,200.05,99.45
500821,2025-02-10,167,4,70.09,280.36,48.28,87.24
500822,2025-02-10,168,1,289.8,289.8,228.17,61.63
500823,2025-02-10,170,2,154.1,308.2,94.54,119.12
505828,2025-02-10,102,2,65.53,131.06,45.11,40.84
505985,2025-02-10,124,2,59.0,118.0,37.2,43.6
500824,2025-02-11,101,1,193.32,193.32,118.14,75.18
500825,2025-02-11,106,1,249.43,249.43,172.41,77.02
500826,2025-02-11,110,1,292.13,292.13,215.55,76.58
500827,2025-02-11,116,1,50.07,50.07,34.84,15.23
500828,2025-02-11,117,2,91.8,183.6,55.09,73.42
500829,2025-02-11,119,2,198.83,397.66,137.36,122.94
500830,2025-02-11,122,1,185.72,185.72,136.04,49.68
500831,2025-02-11,123,1,315.18,315.18,190.92,124.26
500832,2025-02-11,125,1,86.82,86.82,57.13,29.69
500833,2025-02-11,127,2,99.85,199.7,61.95,75.8
500834,2025-02-11,131,1,333.06,333.06,218.92,114.14
500835,2025-02-11,134,1,37.23,37.23,28.02,9.21
500836,2025-02-11,135,1,272.98,272.98,215.02,57.96
500837,2025-02-11,141,1,251.72,251.72,187.7,64.02
500838,2025-02-11,142,2,58.26,116.52,34.86,46.8
500839,2025-02-11,145,1,55.05,55.05,35.61,19.44
500840,2025-02-11,151,1,59.95,59.95,36.25,23.7
500841,2025-02-11,156,1,71.91,71.91,55.69,16.22
500842,2025-02-11,157,1,82.29,82.29,49.11,33.18
500843,2025-02-11,160,1,170.86,170.86,126.42,44.44
500844,2025-02-11,161,1,299.5,299.5,200.05,99.45
500845,2025-02-11,165,1,273.04,273.04,196.44,76.6
500846,2025-02-11,166,1,183.2,183.2,138.4,44.8
500847,2025-02-11,167,3,70.09,210.27,48.28,65.43
500848,2025-02-11,169,1,117.76,117.76,72.26,45.5
500849,2025-02-11,170,2,154.1,308.2,94.54,119.12
500850,2025-02-12,101,1,193.32,193.32,118.14,75.18
500851,2025-02-12,105,1,338.49,338.49,242.36,96.13
500852,2025-02-12,106,1,249.43,249.43,172.41,77.02
500853,2025-02-12,109,1,246.09,246.09,164.16,81.93
500854,2025-02-12,112,3,175.04,525.12,132.75,126.87
500855,2025-02-12,116,2,50.07,100.14,34.84,30.46
500856,2025-02-12,117,1,91.8,91.8,55.09,36.71
500857,2025-02-12,118,1,256.08,256.08,198.94,57.14
500858,2025-02-12,119,1,198.83,198.83,137.36,61.47
500859,2025-02-12,123,1,315.18,315.18,190.92,124.26
500860,2025-02-12,126,1,61.33,61.33,48.82,12.51
500861,2025-02-12,131,2,333.06,666.12,218.92,228.28
500862,2025-02-12,135,1,272.98,272.98,215.02,57.96
500863,2025-02-12,141,1,251.72,251.72,187.7,64.02
500864,2025-02-12,142,1,58.26,58.26,34.86,23.4
500865,2025-02-12,143,4,323.71,1294.84,237.32,345.56
500866,2025-02-12,145,2,55.05,110.1,35.61,38.88
500867,2025-02-12,151,1,59.95,59.95,36.25,23.7
500868,2025-02-12,152,1,214.28,214.28,169.22,45.06
500869,2025-02-12,155,1,123.41,123.41,78.63,44.78
500870,2025-02-12,157,2,82.29,164.58,49.11,66.36
500871,2025-02-12,158,1,192.52,192.52,134.46,58.06
500872,2025-02-12,159,1,243.51,243.51,158.58,84.93
500873,2025-02-12,161,1,299.5,299.5,200.05,99.45
500874,2025-02-12,165,1,273.04,273.04,196.44,76.6
500875,2025-02-12,166,1,183.2,183.2,138.4,44.8
500876,2025-02-12,167,3,70.09,210.27,48.28,65.43
500877,2025-02-12,168,1,289.8,289.8,228.17,61.63
505854,2025-02-12,103,1,102.57,102.57,68.4,34.17
506052,2025-02-12,133,2,115.61,231.22,87.93,55.36
500878,2025-02-13,101,1,193.32,193.32,118.14,75.18
500879,2025-02-13,105,1,338.49,338.49,242.36,96.13
500880,2025-02-13,106,1,249.43,249.43,172.41,77.02
500881,2025-02-13,109,1,246.09,246.09,164.16,81.93
500882,2025-02-13,110,2,292.13,584.26,215.55,153.16
500883,2025-02-13,118,1,256.08,256.08,198.94,57.14
500884,2025-02-13,119,1,198.83,198.83,137.36,61.47
500885,2025-02-13,123,2,315.18,630.36,190.92,248.52
500886,2025-02-13,131,2,333.06,666.12,218.92,228.28
500887,2025-02-13,135,1,272.98,272.98,215.02,57.96
500888,2025-02-13,138,1,315.76,315.76,216.53,99.23
500889,2025-02-13,139,2,143.43,286.86,101.37,84.12
500890,2025-02-13,141,1,251.72,251.72,187.7,64.02
500891,2025-02-13,143,1,323.71,323.71,237.32,86.39
500892,2025-02-13,145,1,55.05,55.05,35.61,19.44
500893,2025-02-13,148,1,69.95,69.95,42.84,27.11
500894,2025-02-13,151,1,59.95,59.95,36.25,23.7
500895,2025-02-13,156,2,71.91,143.82,55.69,32.44
500896,2025-02-13,157,2,82.29,164.58,49.11,66.36
500897,2025-02-13,159,2,243.51,487.02,158.58,169.86
500898,2025-02-13,160,1,170.86,170.86,126.42,44.44
500899,2025-02-13,161,1,299.5,299.5,200.05,99.45
500900,2025-02-13,166,2,183.2,366.4,138.4,89.6
500901,2025-02-13,168,2,289.8,579.6,228.17,123.26
500902,2025-02-13,170,2,154.1,308.2,94.54,119.12
506023,2025-02-13,132,1,99.35,99.35,73.24,26.11
500903,2025-02-14,105,1,338.49,338.49,242.36,96.13
500904,2025-02-14,106,1,249.43,249.43,172.41,77.02
500905,2025-02-14,110,2,292.13,584.26,215.55,153.16
500906,2025-02-14,116,1,50.07,50.07,34.84,15.23
500907,2025-02-14,118,3,256.08,768.24,198.94,171.42
500908,2025-02-14,119,1,198.83,198.83,137.36,61.47
500909,2025-02-14,123,4,315.18,1260.72,190.92,497.04
500910,2025-02-14,125,1,86.82,86.82,57.13,29.69
500911,2025-02-14,127,2,99.85,199.7,61.95,75.8
500912,2025-02-14,145,1,55.05,55.05,35.61,19.44
500913,2025-02-14,152,1,214.28,214.28,169.22,45.06
500914,2025-02-14,156,2,71.91,143.82,55.69,32.44
500915,2025-02-14,158,1,192.52,192.52,134.46,58.06
500916,2025-02-14,161,2,299.5,599.0,200.05,198.9
500917,2025-02-14,167,2,70.09,140.18,48.28,43.62
500918,2025-02-14,170,1,154.1,154.1,94.54,59.56
506194,2025-02-14,154,1,65.52,65.52,44.36,21.16
506219,2025-02-14,162,2,341.77,683.54,231.45,220.64
500919,2025-02-15,101,1,193.32,193.32,118.14,75.18
500920,2025-02-15,104,1,401.59,401.59,243.11,158.48
500921,2025-02-15,105,1,338.49,338.49,242.36,96.13
500922,2025-02-15,106,3,249.43,748.29,172.41,231.06
500923,2025-02-15,109,1,246.09,246.09,164.16,81.93
500924,2025-02-15,110,1,292.13,292.13,215.55,76.58
500925,2025-02-15,112,1,175.04,175.04,132.75,42.29
500926,2025-02-15,114,1,266.44,266.44,183.47,82.97
500927,2025-02-15,119,3,198.83,596.49,137.36,184.41
500928,2025-02-15,131,1,333.06,333.06,218.92,114.14
500929,2025-02-15,135,1,272.98,272.98,215.02,57.96
500930,2025-02-15,142,1,58.26,58.26,34.86,23.4
500931,2025-02-15,145,2,55.05,110.1,35.61,38.88
500932,2025-02-15,150,1,410.26,410.26,249.3,160.96
500933,2025-02-15,151,2,59.95,119.9,36.25,47.4
500934,2025-02-15,156,2,71.91,143.82,55.69,32.44
500935,2025-02-15,158,1,192.52,192.52,134.46,58.06
500936,2025-02-15,159,1,243.51,243.51,158.58,84.93
500937,2025-02-15,161,1,299.5,299.5,200.05,99.45
500938,2025-02-15,164,1,342.45,342.45,209.39,133.06
500939,2025-02-15,166,1,183.2,183.2,138.4,44.8
500940,2025-02-15,167,2,70.09,140.18,48.28,43.62
500941,2025-02-15,168,1,289.8,289.8,228.17,61.63
500942,2025-02-15,170,1,154.1,154.1,94.54,59.56
505910,2025-02-15,115,1,92.47,92.47,56.54,35.93
505958,2025-02-15,121,1,35.68,35.68,23.79,11.89
500943,2025-02-16,105,2,338.49,676.98,242.36,192.26
500944,2025-02-16,109,1,246.09,246.09,164.16,81.93
500945,2025-02-16,110,1,292.13,292.13,215.55,76.58
500946,2025-02-16,112,2,175.04,350.08,132.75,84.58
500947,2025-02-16,116,2,50.07,100.14,34.84,30.46
500948,2025-02-16,119,1,198.83,198.83,137.36,61.47
500949,2025-02-16,122,1,185.72,185.72,136.04,49.68
500950,2025-02-16,129,1,52.38,52.38,39.89,12.49
500951,2025-02-16,131,2,333.06,666.12,218.92,228.28
500952,2025-02-16,141,1,251.72,251.72,187.7,64.02
500953,2025-02-16,142,3,58.26,174.78,34.86,70.2
500954,2025-02-16,143,2,323.71,647.42,237.32,172.78
500955,2025-02-16,149,1,288.99,288.99,208.97,80.02
500956,2025-02-16,151,2,59.95,119.9,36.25,47.4
500957,2025-02-16,156,1,71.91,71.91,55.69,16.22
500958,2025-02-16,158,2,192.52,385.04,134.46,116.12
500959,2025-02-16,159,1,243.51,243.51,158.58,84.93
500960,2025-02-16,160,1,170.86,170.86,126.42,44.44
500961,2025-02-16,164,1,342.45,342.45,209.39,133.06
500962,2025-02-16,167,1,70.09,70.09,48.28,21.81
500963,2025-02-16,170,4,154.1,616.4,94.54,238.24
506138,2025-02-16,144,2,219.65,439.3,137.82,163.66
500964,2025-02-17,101,1,193.32,193.32,118.14,75.18
500965,2025-02-17,106,1,249.43,249.43,172.41,77.02
500966,2025-02-17,110,2,292.13,584.26,215.55,153.16
500967,2025-02-17,112,2,175.04,350.08,132.75,84.58
500968,2025-02-17,116,3,50.07,150.21,34.84,45.69
500969,2025-02-17,118,1,256.08,256.08,198.94,57.14
500970,2025-02-17,122,1,185.72,185.72,136.04,49.68
500971,2025-02-17,123,2,315.18,630.36,190.92,248.52
500972,2025-02-17,126,1,61.33,61.33,48.82,12.51
500973,2025-02-17,127,1,99.85,99.85,61.95,37.9
500974,2025-02-17,131,1,333.06,333.06,218.92,114.14
500975,2025-02-17,139,2,143.43,286.86,101.37,84.12
500976,2025-02-17,141,1,251.72,251.72,187.7,64.02
500977,2025-02-17,145,1,55.05,55.05,35.61,19.44
500978,2025-02-17,146,1,111.1,111.1,78.58,32.52
500979,2025-02-17,150,1,410.26,410.26,249.3,160.96
500980,2025-02-17,151,1,59.95,59.95,36.25,23.7
500981,2025-02-17,156,2,71.91,143.82,55.69,32.44
500982,2025-02-17,160,2,170.86,341.72,126.42,88.88
500983,2025-02-17,161,1,299.5,299.5,200.05,99.45
500984,2025-02-17,164,1,342.45,342.45,209.39,133.06
500985,2025-02-17,165,1,273.04,273.04,196.44,76.6
500986,2025-02-17,166,3,183.2,549.6,138.4,134.4
500987,2025-02-17,167,2,70.09,140.18,48.28,43.62
500988,2025-02-17,170,2,154.1,308.2,94.54,119.12
500989,2025-02-18,112,2,175.04,350.08,132.75,84.58
500990,2025-02-18,114,1,266.44,266.44,183.47,82.97
500991,2025-02-18,118,1,256.08,256.08,198.94,57.14
500992,2025-02-18,119,1,198.83,198.83,137.36,61.47
500993,2025-02-18,123,1,315.18,315.18,190.92,124.26
500994,2025-02-18,127,1,99.85,99.85,61.95,37.9
500995,2025-02-18,131,1,333.06,333.06,218.92,114.14
500996,2025-02-18,134,1,37.23,37.23,28.02,9.21
500997,2025-02-18,135,2,272.98,545.96,215.02,115.92
500998,2025-02-18,138,3,315.76,947.28,216.53,297.69
500999,2025-02-18,139,1,143.43,143.43,101.37,42.06
501000,2025-02-18,141,2,251.72,503.44,187.7,128.04
501001,2025-02-18,149,2,288.99,577.98,208.97,160.04
501002,2025-02-18,151,1,59.95,59.95,36.25,23.7
501003,2025-02-18,156,1,71.91,71.91,55.69,16.22
501004,2025-02-18,158,1,192.52,192.52,134.46,58.06
501005,2025-02-18,159,2,243.51,487.02,158.58,169.86
501006,2025-02-18,161,1,299.5,299.5,200.05,99.45
501007,2025-02-18,164,1,342.45,342.45,209.39,133.06
501008,2025-02-18,166,1,183.2,183.2,138.4,44.8
501009,2025-02-18,167,1,70.09,70.09,48.28,21.81
501010,2025-02-18,170,1,154.1,154.1,94.54,59.56
501011,2025-02-19,104,1,401.59,401.59,243.11,158.48
501012,2025-02-19,106,2,249.43,498.86,172.41,154.04
501013,2025-02-19,110,2,292.13,584.26,215.55,153.16
501014,2025-02-19,112,1,175.04,175.04,132.75,42.29
501015,2025-02-19,117,1,91.8,91.8,55.09,36.71
501016,2025-02-19,118,3,256.08,768.24,198.94,171.42
501017,2025-02-19,119,2,198.83,397.66,137.36,122.94
501018,2025-02-19,123,2,315.18,630.36,190.92,248.52
501019,2025-02-19,125,1,86.82,86.82,57.13,29.69
501020,2025-02-19,134,3,37.23,111.69,28.02,27.63
501021,2025-02-19,141,2,251.72,503.44,187.7,128.04
501022,2025-02-19,142,2,58.26,116.52,34.86,46.8
501023,2025-02-19,143,1,323.71,323.71,237.32,86.39
501024,2025-02-19,151,3,59.95,179.85,36.25,71.1
501025,2025-02-19,155,1,123.41,123.41,78.63,44.78
501026,2025-02-19,156,1,71.91,71.91,55.69,16.22
501027,2025-02-19,158,2,192.52,385.04,134.46,116.12
501028,2025-02-19,161,1,299.5,299.5,200.05,99.45
501029,2025-02-19,167,2,70.09,140.18,48.28,43.62
501030,2025-02-19,170,3,154.1,462.3,94.54,178.68
506024,2025-02-19,132,1,99.35,99.35,73.24,26.11
501031,2025-02-20,104,2,401.59,803.18,243.11,316.96
501032,2025-02-20,106,1,249.43,249.43,172.41,77.02
501033,2025-02-20,108,1,289.07,289.07,198.47,90.6
501034,2025-02-20,110,1,292.13,292.13,215.55,76.58
501035,2025-02-20,112,2,175.04,350.08,132.75,84.58
501036,2025-02-20,117,2,91.8,183.6,55.09,73.42
501037,2025-02-20,118,2,256.08,512.16,198.94,114.28
501038,2025-02-20,127,1,99.85,99.85,61.95,37.9
501039,2025-02-20,131,1,333.06,333.06,218.92,114.14
501040,2025-02-20,141,2,251.72,503.44,187.7,128.04
501041,2025-02-20,143,1,323.71,323.71,237.32,86.39
501042,2025-02-20,146,1,111.1,111.1,78.58,32.52
501043,2025-02-20,149,1,288.99,288.99,208.97,80.02
501044,2025-02-20,155,1,123.41,123.41,78.63,44.78
501045,2025-02-20,156,1,71.91,71.91,55.69,16.22
501046,2025-02-20,159,1,243.51,243.51,158.58,84.93
501047,2025-02-20,161,1,299.5,299.5,200.05,99.45
501048,2025-02-20,166,2,183.2,366.4,138.4,89.6
501049,2025-02-20,167,2,70.09,140.18,48.28,43.62
501050,2025-02-20,170,3,154.1,462.3,94.54,178.68
505829,2025-02-20,102,1,65.53,65.53,45.11,20.42
505855,2025-02-20,103,2,102.57,205.14,68.4,68.34
505959,2025-02-20,121,2,35.68,71.36,23.79,23.78
505986,2025-02-20,124,2,59.0,118.0,37.2,43.6
501051,2025-02-21,101,1,193.32,193.32,118.14,75.18
501052,2025-02-21,104,1,401.59,401.59,243.11,158.48
501053,2025-02-21,105,1,338.49,338.49,242.36,96.13
501054,2025-02-21,106,4,249.43,997.72,172.41,308.08
501055,2025-02-21,110,3,292.13,876.39,215.55,229.74
501056,2025-02-21,118,2,256.08,512.16,198.94,114.28
501057,2025-02-21,123,2,315.18,630.36,190.92,248.52
501058,2025-02-21,127,1,99.85,99.85,61.95,37.9
501059,2025-02-21,131,1,333.06,333.06,218.92,114.14
501060,2025-02-21,134,2,37.23,74.46,28.02,18.42
501061,2025-02-21,135,3,272.98,818.94,215.02,173.88
501062,2025-02-21,139,1,143.43,143.43,101.37,42.06
501063,2025-02-21,141,2,251.72,503.44,187.7,128.04
501064,2025-02-21,142,1,58.26,58.26,34.86,23.4
501065,2025-02-21,143,1,323.71,323.71,237.32,86.39
501066,2025-02-21,149,1,288.99,288.99,208.97,80.02
501067,2025-02-21,150,1,410.26,410.26,249.3,160.96
501068,2025-02-21,151,2,59.95,119.9,36.25,47.4
501069,2025-02-21,155,2,123.41,246.82,78.63,89.56
501070,2025-02-21,156,3,71.91,215.73,55.69,48.66
501071,2025-02-21,157,2,82.29,164.58,49.11,66.36
501072,2025-02-21,158,1,192.52,192.52,134.46,58.06
501073,2025-02-21,159,1,243.51,243.51,158.58,84.93
501074,2025-02-21,163,1,271.41,271.41,212.87,58.54
501075,2025-02-21,164,1,342.45,342.45,209.39,133.06
501076,2025-02-21,165,1,273.04,273.04,196.44,76.6
501077,2025-02-21,167,2,70.09,140.18,48.28,43.62
501078,2025-02-21,168,1,289.8,289.8,228.17,61.63
506102,2025-02-21,137,2,395.0,790.0,245.2,299.6
506139,2025-02-21,144,1,219.65,219.65,137.82,81.83
501079,2025-02-22,104,1,401.59,401.59,243.11,158.48
501080,2025-02-22,106,3,249.43,748.29,172.41,231.06
501081,2025-02-22,109,1,246.09,246.09,164.16,81.93
501082,2025-02-22,110,2,292.13,584.26,215.55,153.16
501083,2025-02-22,112,2,175.04,350.08,132.75,84.58
501084,2025-02-22,117,4,91.8,367.2,55.09,146.84
501085,2025-02-22,118,1,256.08,256.08,198.94,57.14
501086,2025-02-22,119,2,198.83,397.66,137.36,122.94
501087,2025-02-22,131,1,333.06,333.06,218.92,114.14
501088,2025-02-22,135,1,272.98,272.98,215.02,57.96
501089,2025-02-22,142,2,58.26,116.52,34.86,46.8
501090,2025-02-22,145,1,55.05,55.05,35.61,19.44
501091,2025-02-22,151,1,59.95,59.95,36.25,23.7
501092,2025-02-22,156,4,71.91,287.64,55.69,64.88
501093,2025-02-22,158,1,192.52,192.52,134.46,58.06
501094,2025-02-22,159,2,243.51,487.02,158.58,169.86
501095,2025-02-22,163,1,271.41,271.41,212.87,58.54
501096,2025-02-22,164,1,342.45,342.45,209.39,133.06
501097,2025-02-22,166,1,183.2,183.2,138.4,44.8
501098,2025-02-22,168,1,289.8,289.8,228.17,61.63
501099,2025-02-22,170,2,154.1,308.2,94.54,119.12
505987,2025-02-22,124,2,59.0,118.0,37.2,43.6
506140,2025-02-22,144,1,219.65,219.65,137.82,81.83
501100,2025-02-23,104,2,401.59,803.18,243.11,316.96
501101,2025-02-23,106,1,249.43,249.43,172.41,77.02
501102,2025-02-23,110,1,292.13,292.13,215.55,76.58
501103,2025-02-23,112,1,175.04,175.04,132.75,42.29
501104,2025-02-23,116,1,50.07,50.07,34.84,15.23
501105,2025-02-23,118,2,256.08,512.16,198.94,114.28
501106,2025-02-23,131,1,333.06,333.06,218.92,114.14
501107,2025-02-23,138,1,315.76,315.76,216.53,99.23
501108,2025-02-23,145,1,55.05,55.05,35.61,19.44
501109,2025-02-23,151,1,59.95,59.95,36.25,23.7
501110,2025-02-23,157,1,82.29,82.29,49.11,33.18
501111,2025-02-23,159,1,243.51,243.51,158.58,84.93
501112,2025-02-23,160,3,170.86,512.58,126.42,133.32
501113,2025-02-23,166,1,183.2,183.2,138.4,44.8
501114,2025-02-23,170,2,154.1,308.2,94.54,119.12
501115,2025-02-24,101,1,193.32,193.32,118.14,75.18
501116,2025-02-24,104,1,401.59,401.59,243.11,158.48
501117,2025-02-24,105,4,338.49,1353.96,242.36,384.52
501118,2025-02-24,106,2,249.43,498.86,172.41,154.04
501119,2025-02-24,110,1,292.13,292.13,215.55,76.58
501120,2025-02-24,112,1,175.04,175.04,132.75,42.29
501121,2025-02-24,118,1,256.08,256.08,198.94,57.14
501122,2025-02-24,119,2,198.83,397.66,137.36,122.94
501123,2025-02-24,122,1,185.72,185.72,136.04,49.68
501124,2025-02-24,123,2,315.18,630.36,190.92,248.52
501125,2025-02-24,129,1,52.38,52.38,39.89,12.49
501126,2025-02-24,138,1,315.76,315.76,216.53,99.23
501127,2025-02-24,139,2,143.43,286.86,101.37,84.12
501128,2025-02-24,141,4,251.72,1006.88,187.7,256.08
501129,2025-02-24,142,5,58.26,291.3,34.86,117.0
501130,2025-02-24,151,3,59.95,179.85,36.25,71.1
501131,2025-02-24,152,1,214.28,214.28,169.22,45.06
501132,2025-02-24,156,2,71.91,143.82,55.69,32.44
501133,2025-02-24,158,2,192.52,385.04,134.46,116.12
501134,2025-02-24,159,2,243.51,487.02,158.58,169.86
501135,2025-02-24,160,1,170.86,170.86,126.42,44.44
501136,2025-02-24,163,1,271.41,271.41,212.87,58.54
501137,2025-02-24,166,3,183.2,549.6,138.4,134.4
501138,2025-02-24,167,3,70.09,210.27,48.28,65.43
501139,2025-02-24,168,3,289.8,869.4,228.17,184.89
501140,2025-02-24,170,3,154.1,462.3,94.54,178.68
506196,2025-02-24,154,2,65.52,131.04,44.36,42.32
501141,2025-02-25,104,1,401.59,401.59,243.11,158.48
501142,2025-02-25,106,2,249.43,498.86,172.41,154.04
501143,2025-02-25,108,2,289.07,578.14,198.47,181.2
501144,2025-02-25,112,1,175.04,175.04,132.75,42.29
501145,2025-02-25,117,1,91.8,91.8,55.09,36.71
501146,2025-02-25,119,2,198.83,397.66,137.36,122.94
501147,2025-02-25,123,1,315.18,315.18,190.92,124.26
501148,2025-02-25,125,1,86.82,86.82,57.13,29.69
501149,2025-02-25,127,2,99.85,199.7,61.95,75.8
501150,2025-02-25,131,1,333.06,333.06,218.92,114.14
501151,2025-02-25,138,1,315.76,315.76,216.53,99.23
501152,2025-02-25,139,2,143.43,286.86,101.37,84.12
501153,2025-02-25,142,1,58.26,58.26,34.86,23.4
501154,2025-02-25,143,1,323.71,323.71,237.32,86.39
501155,2025-02-25,149,1,288.99,288.99,208.97,80.02
501156,2025-02-25,151,4,59.95,239.8,36.25,94.8
501157,2025-02-25,156,2,71.91,143.82,55.69,32.44
501158,2025-02-25,157,2,82.29,164.58,49.11,66.36
501159,2025-02-25,159,2,243.51,487.02,158.58,169.86
501160,2025-02-25,166,2,183.2,366.4,138.4,89.6
501161,2025-02-25,167,3,70.09,210.27,48.28,65.43
501162,2025-02-25,169,1,117.76,117.76,72.26,45.5
501163,2025-02-25,170,1,154.1,154.1,94.54,59.56
505830,2025-02-25,102,2,65.53,131.06,45.11,40.84
505857,2025-02-25,103,1,102.57,102.57,68.4,34.17
505960,2025-02-25,121,1,35.68,35.68,23.79,11.89
506066,2025-02-25,136,2,152.73,305.46,102.8,99.86
506103,2025-02-25,137,1,395.0,395.0,245.2,149.8
501164,2025-02-26,104,1,401.59,401.59,243.11,158.48
501165,2025-02-26,105,1,338.49,338.49,242.36,96.13
501166,2025-02-26,109,1,246.09,246.09,164.16,81.93
501167,2025-02-26,110,2,292.13,584.26,215.55,153.16
501168,2025-02-26,112,1,175.04,175.04,132.75,42.29
501169,2025-02-26,117,1,91.8,91.8,55.09,36.71
501170,2025-02-26,118,3,256.08,768.24,198.94,171.42
501171,2025-02-26,119,4,198.83,795.32,137.36,245.88
501172,2025-02-26,126,1,61.33,61.33,48.82,12.51
501173,2025-02-26,127,1,99.85,99.85,61.95,37.9
501174,2025-02-26,131,4,333.06,1332.24,218.92,456.56
501175,2025-02-26,138,1,315.76,315.76,216.53,99.23
501176,2025-02-26,141,1,251.72,251.72,187.7,64.02
501177,2025-02-26,142,1,58.26,58.26,34.86,23.4
501178,2025-02-26,151,1,59.95,59.95,36.25,23.7
501179,2025-02-26,152,1,214.28,214.28,169.22,45.06
501180,2025-02-26,157,1,82.29,82.29,49.11,33.18
501181,2025-02-26,158,2,192.52,385.04,134.46,116.12
501182,2025-02-26,160,2,170.86,341.72,126.42,88.88
501183,2025-02-26,164,1,342.45,342.45,209.39,133.06
501184,2025-02-26,166,1,183.2,183.2,138.4,44.8
501185,2025-02-26,170,2,154.1,308.2,94.54,119.12
505856,2025-02-26,103,2,102.57,205.14,68.4,68.34
506168,2025-02-26,153,2,45.82,91.64,28.45,34.74
506195,2025-02-26,154,2,65.52,131.04,44.36,42.32
501186,2025-02-27,101,1,193.32,193.32,118.14,75.18
501187,2025-02-27,108,1,289.07,289.07,198.47,90.6
501188,2025-02-27,110,1,292.13,292.13,215.55,76.58
501189,2025-02-27,114,1,266.44,266.44,183.47,82.97
501190,2025-02-27,118,1,256.08,256.08,198.94,57.14
501191,2025-02-27,119,1,198.83,198.83,137.36,61.47
501192,2025-02-27,123,2,315.18,630.36,190.92,248.52
501193,2025-02-27,129,1,52.38,52.38,39.89,12.49
501194,2025-02-27,131,1,333.06,333.06,218.92,114.14
501195,2025-02-27,138,2,315.76,631.52,216.53,198.46
501196,2025-02-27,139,1,143.43,143.43,101.37,42.06
501197,2025-02-27,141,1,251.72,251.72,187.7,64.02
501198,2025-02-27,142,3,58.26,174.78,34.86,70.2
501199,2025-02-27,143,1,323.71,323.71,237.32,86.39
501200,2025-02-27,145,2,55.05,110.1,35.61,38.88
501201,2025-02-27,151,2,59.95,119.9,36.25,47.4
501202,2025-02-27,152,1,214.28,214.28,169.22,45.06
501203,2025-02-27,156,2,71.91,143.82,55.69,32.44
501204,2025-02-27,158,2,192.52,385.04,134.46,116.12
501205,2025-02-27,159,1,243.51,243.51,158.58,84.93
501206,2025-02-27,160,1,170.86,170.86,126.42,44.44
501207,2025-02-27,161,1,299.5,299.5,200.05,99.45
501208,2025-02-27,163,1,271.41,271.41,212.87,58.54
501209,2025-02-27,166,3,183.2,549.6,138.4,134.4
501210,2025-02-27,167,1,70.09,70.09,48.28,21.81
501211,2025-02-27,168,1,289.8,289.8,228.17,61.63
501212,2025-02-27,170,2,154.1,308.2,94.54,119.12
506067,2025-02-27,136,2,152.73,305.46,102.8,99.86
501213,2025-02-28,104,1,401.59,401.59,243.11,158.48
501214,2025-02-28,105,2,338.49,676.98,242.36,192.26
501215,2025-02-28,106,1,249.43,249.43,172.41,77.02
501216,2025-02-28,109,1,246.09,246.09,164.16,81.93
501217,2025-02-28,110,2,292.13,584.26,215.55,153.16
501218,2025-02-28,112,1,175.04,175.04,132.75,42.29
501219,2025-02-28,117,2,91.8,183.6,55.09,73.42
501220,2025-02-28,118,2,256.08,512.16,198.94,114.28
501221,2025-02-28,119,1,198.83,198.83,137.36,61.47
501222,2025-02-28,126,1,61.33,61.33,48.82,12.51
501223,2025-02-28,129,1,52.38,52.38,39.89,12.49
501224,2025-02-28,139,1,143.43,143.43,101.37,42.06
501225,2025-02-28,141,1,251.72,251.72,187.7,64.02
501226,2025-02-28,142,3,58.26,174.78,34.86,70.2
501227,2025-02-28,143,1,323.71,323.71,237.32,86.39
501228,2025-02-28,146,1,111.1,111.1,78.58,32.52
501229,2025-02-28,151,4,59.95,239.8,36.25,94.8
501230,2025-02-28,156,1,71.91,71.91,55.69,16.22
501231,2025-02-28,158,1,192.52,192.52,134.46,58.06
501232,2025-02-28,159,1,243.51,243.51,158.58,84.93
501233,2025-02-28,161,1,299.5,299.5,200.05,99.45
501234,2025-02-28,166,2,183.2,366.4,138.4,89.6
501235,2025-02-28,167,2,70.09,140.18,48.28,43.62
501236,2025-02-28,168,1,289.8,289.8,228.17,61.63
501237,2025-02-28,170,2,154.1,308.2,94.54,119.12
505896,2025-02-28,113,2,46.39,92.78,35.6,21.58
501238,2025-03-01,106,1,249.43,249.43,172.41,77.02
501239,2025-03-01,110,1,292.13,292.13,215.55,76.58
501240,2025-03-01,117,1,91.8,91.8,55.09,36.71
501241,2025-03-01,118,1,256.08,256.08,198.94,57.14
501242,2025-03-01,126,1,61.33,61.33,48.82,12.51
501243,2025-03-01,131,1,333.06,333.06,218.92,114.14
501244,2025-03-01,134,1,37.23,37.23,28.02,9.21
501245,2025-03-01,135,1,272.98,272.98,215.02,57.96
501246,2025-03-01,139,1,143.43,143.43,101.37,42.06
501247,2025-03-01,141,1,251.72,251.72,187.7,64.02
501248,2025-03-01,142,2,58.26,116.52,34.86,46.8
501249,2025-03-01,151,1,59.95,59.95,36.25,23.7
501250,2025-03-01,156,2,71.91,143.82,55.69,32.44
501251,2025-03-01,158,1,192.52,192.52,134.46,58.06
501252,2025-03-01,159,2,243.51,487.02,158.58,169.86
501253,2025-03-01,164,1,342.45,342.45,209.39,133.06
501254,2025-03-01,166,1,183.2,183.2,138.4,44.8
501255,2025-03-01,170,2,154.1,308.2,94.54,119.12
505961,2025-03-01,121,2,35.68,71.36,23.79,23.78
501256,2025-03-02,101,2,193.32,386.64,118.14,150.36
501257,2025-03-02,106,1,249.43,249.43,172.41,77.02
501258,2025-03-02,110,2,292.13,584.26,215.55,153.16
501259,2025-03-02,112,4,175.04,700.16,132.75,169.16
501260,2025-03-02,123,3,315.18,945.54,190.92,372.78
501261,2025-03-02,131,2,333.06,666.12,218.92,228.28
501262,2025-03-02,134,4,37.23,148.92,28.02,36.84
501263,2025-03-02,135,1,272.98,272.98,215.02,57.96
501264,2025-03-02,138,1,315.76,315.76,216.53,99.23
501265,2025-03-02,141,1,251.72,251.72,187.7,64.02
501266,2025-03-02,142,3,58.26,174.78,34.86,70.2
501267,2025-03-02,152,1,214.28,214.28,169.22,45.06
501268,2025-03-02,156,2,71.91,143.82,55.69,32.44
501269,2025-03-02,159,1,243.51,243.51,158.58,84.93
501270,2025-03-02,161,1,299.5,299.5,200.05,99.45
501271,2025-03-02,166,1,183.2,183.2,138.4,44.8
501272,2025-03-02,168,1,289.8,289.8,228.17,61.63
501273,2025-03-02,170,2,154.1,308.2,94.54,119.12
505831,2025-03-02,102,2,65.53,131.06,45.11,40.84
505962,2025-03-02,121,1,35.68,35.68,23.79,11.89
501274,2025-03-03,101,1,193.32,193.32,118.14,75.18
501275,2025-03-03,104,1,401.59,401.59,243.11,158.48
501276,2025-03-03,110,1,292.13,292.13,215.55,76.58
501277,2025-03-03,118,1,256.08,256.08,198.94,57.14
501278,2025-03-03,119,1,198.83,198.83,137.36,61.47
501279,2025-03-03,123,1,315.18,315.18,190.92,124.26
501280,2025-03-03,131,2,333.06,666.12,218.92,228.28
501281,2025-03-03,139,1,143.43,143.43,101.37,42.06
501282,2025-03-03,141,1,251.72,251.72,187.7,64.02
501283,2025-03-03,142,1,58.26,58.26,34.86,23.4
501284,2025-03-03,143,2,323.71,647.42,237.32,172.78
501285,2025-03-03,145,1,55.05,55.05,35.61,19.44
501286,2025-03-03,151,3,59.95,179.85,36.25,71.1
501287,2025-03-03,156,3,71.91,215.73,55.69,48.66
501288,2025-03-03,157,1,82.29,82.29,49.11,33.18
501289,2025-03-03,159,1,243.51,243.51,158.58,84.93
501290,2025-03-03,161,2,299.5,599.0,200.05,198.9
501291,2025-03-03,167,2,70.09,140.18,48.28,43.62
501292,2025-03-03,168,1,289.8,289.8,228.17,61.63
501293,2025-03-03,170,3,154.1,462.3,94.54,178.68
501294,2025-03-04,104,1,401.59,401.59,243.11,158.48
501295,2025-03-04,106,2,249.43,498.86,172.41,154.04
501296,2025-03-04,108,1,289.07,289.07,198.47,90.6
501297,2025-03-04,112,1,175.04,175.04,132.75,42.29
501298,2025-03-04,116,1,50.07,50.07,34.84,15.23
501299,2025-03-04,117,1,91.8,91.8,55.09,36.71
501300,2025-03-04,118,4,256.08,1024.32,198.94,228.56
501301,2025-03-04,119,4,198.83,795.32,137.36,245.88
501302,2025-03-04,127,1,99.85,99.85,61.95,37.9
501303,2025-03-04,138,1,315.76,315.76,216.53,99.23
501304,2025-03-04,141,1,251.72,251.72,187.7,64.02
501305,2025-03-04,142,2,58.26,116.52,34.86,46.8
501306,2025-03-04,143,2,323.71,647.42,237.32,172.78
501307,2025-03-04,148,1,69.95,69.95,42.84,27.11
501308,2025-03-04,151,3,59.95,179.85,36.25,71.1
501309,2025-03-04,152,1,214.28,214.28,169.22,45.06
501310,2025-03-04,155,1,123.41,123.41,78.63,44.78
501311,2025-03-04,156,1,71.91,71.91,55.69,16.22
501312,2025-03-04,157,1,82.29,82.29,49.11,33.18
501313,2025-03-04,159,2,243.51,487.02,158.58,169.86
501314,2025-03-04,166,1,183.2,183.2,138.4,44.8
501315,2025-03-04,167,3,70.09,210.27,48.28,65.43
501316,2025-03-04,168,2,289.8,579.6,228.17,123.26
501317,2025-03-05,104,1,401.59,401.59,243.11,158.48
501318,2025-03-05,109,3,246.09,738.27,164.16,245.79
501319,2025-03-05,110,1,292.13,292.13,215.55,76.58
501320,2025-03-05,112,1,175.04,175.04,132.75,42.29
501321,2025-03-05,117,1,91.8,91.8,55.09,36.71
501322,2025-03-05,119,2,198.83,397.66,137.36,122.94
501323,2025-03-05,123,3,315.18,945.54,190.92,372.78
501324,2025-03-05,127,3,99.85,299.55,61.95,113.7
501325,2025-03-05,135,2,272.98,545.96,215.02,115.92
501326,2025-03-05,142,2,58.26,116.52,34.86,46.8
501327,2025-03-05,143,3,323.71,971.13,237.32,259.17
501328,2025-03-05,145,1,55.05,55.05,35.61,19.44
501329,2025-03-05,146,1,111.1,111.1,78.58,32.52
501330,2025-03-05,149,1,288.99,288.99,208.97,80.02
501331,2025-03-05,150,1,410.26,410.26,249.3,160.96
501332,2025-03-05,151,1,59.95,59.95,36.25,23.7
501333,2025-03-05,155,3,123.41,370.23,78.63,134.34
501334,2025-03-05,156,1,71.91,71.91,55.69,16.22
501335,2025-03-05,159,2,243.51,487.02,158.58,169.86
501336,2025-03-05,161,2,299.5,599.0,200.05,198.9
501337,2025-03-05,166,2,183.2,366.4,138.4,89.6
501338,2025-03-05,167,1,70.09,70.09,48.28,21.81
501339,2025-03-05,169,1,117.76,117.76,72.26,45.5
506197,2025-03-05,154,2,65.52,131.04,44.36,42.32
501340,2025-03-06,104,1,401.59,401.59,243.11,158.48
501341,2025-03-06,110,2,292.13,584.26,215.55,153.16
501342,2025-03-06,112,1,175.04,175.04,132.75,42.29
501343,2025-03-06,117,1,91.8,91.8,55.09,36.71
501344,2025-03-06,118,1,256.08,256.08,198.94,57.14
501345,2025-03-06,119,1,198.83,198.83,137.36,61.47
501346,2025-03-06,123,2,315.18,630.36,190.92,248.52
501347,2025-03-06,127,1,99.85,99.85,61.95,37.9
501348,2025-03-06,134,1,37.23,37.23,28.02,9.21
501349,2025-03-06,135,1,272.98,272.98,215.02,57.96
501350,2025-03-06,141,2,251.72,503.44,187.7,128.04
501351,2025-03-06,142,3,58.26,174.78,34.86,70.2
501352,2025-03-06,143,3,323.71,971.13,237.32,259.17
501353,2025-03-06,149,1,288.99,288.99,208.97,80.02
501354,2025-03-06,151,2,59.95,119.9,36.25,47.4
501355,2025-03-06,156,1,71.91,71.91,55.69,16.22
501356,2025-03-06,157,1,82.29,82.29,49.11,33.18
501357,2025-03-06,158,3,192.52,577.56,134.46,174.18
501358,2025-03-06,159,2,243.51,487.02,158.58,169.86
501359,2025-03-06,160,1,170.86,170.86,126.42,44.44
501360,2025-03-06,164,1,342.45,342.45,209.39,133.06
501361,2025-03-06,166,2,183.2,366.4,138.4,89.6
501362,2025-03-06,167,2,70.09,140.18,48.28,43.62
501363,2025-03-06,169,1,117.76,117.76,72.26,45.5
501364,2025-03-06,170,1,154.1,154.1,94.54,59.56
505897,2025-03-06,113,1,46.39,46.39,35.6,10.79
505963,2025-03-06,121,1,35.68,35.68,23.79,11.89
506104,2025-03-06,137,1,395.0,395.0,245.2,149.8
506220,2025-03-06,162,2,341.77,683.54,231.45,220.64
501365,2025-03-07,104,1,401.59,401.59,243.11,158.48
501366,2025-03-07,105,1,338.49,338.49,242.36,96.13
501367,2025-03-07,108,1,289.07,289.07,198.47,90.6
501368,2025-03-07,110,3,292.13,876.39,215.55,229.74
501369,2025-03-07,116,1,50.07,50.07,34.84,15.23
501370,2025-03-07,117,1,91.8,91.8,55.09,36.71
501371,2025-03-07,123,1,315.18,315.18,190.92,124.26
501372,2025-03-07,130,1,250.88,250.88,199.42,51.46
501373,2025-03-07,131,1,333.06,333.06,218.92,114.14
501374,2025-03-07,134,1,37.23,37.23,28.02,9.21
501375,2025-03-07,139,2,143.43,286.86,101.37,84.12
501376,2025-03-07,145,1,55.05,55.05,35.61,19.44
501377,2025-03-07,150,1,410.26,410.26,249.3,160.96
501378,2025-03-07,156,2,71.91,143.82,55.69,32.44
501379,2025-03-07,157,1,82.29,82.29,49.11,33.18
501380,2025-03-07,166,1,183.2,183.2,138.4,44.8
501381,2025-03-07,167,3,70.09,210.27,48.28,65.43
501382,2025-03-07,168,1,289.8,289.8,228.17,61.63
501383,2025-03-07,170,2,154.1,308.2,94.54,119.12
505858,2025-03-07,103,1,102.57,102.57,68.4,34.17
505988,2025-03-07,124,1,59.0,59.0,37.2,21.8
501384,2025-03-08,106,1,249.43,249.43,172.41,77.02
501385,2025-03-08,109,1,246.09,246.09,164.16,81.93
501386,2025-03-08,110,2,292.13,584.26,215.55,153.16
501387,2025-03-08,116,2,50.07,100.14,34.84,30.46
501388,2025-03-08,117,1,91.8,91.8,55.09,36.71
501389,2025-03-08,118,4,256.08,1024.32,198.94,228.56
501390,2025-03-08,119,1,198.83,198.83,137.36,61.47
501391,2025-03-08,131,1,333.06,333.06,218.92,114.14
501392,2025-03-08,134,2,37.23,74.46,28.02,18.42
501393,2025-03-08,135,1,272.98,272.98,215.02,57.96
501394,2025-03-08,138,1,315.76,315.76,216.53,99.23
501395,2025-03-08,141,4,251.72,1006.88,187.7,256.08
501396,2025-03-08,142,2,58.26,116.52,34.86,46.8
501397,2025-03-08,143,2,323.71,647.42,237.32,172.78
501398,2025-03-08,146,1,111.1,111.1,78.58,32.52
501399,2025-03-08,149,1,288.99,288.99,208.97,80.02
501400,2025-03-08,151,1,59.95,59.95,36.25,23.7
501401,2025-03-08,155,1,123.41,123.41,78.63,44.78
501402,2025-03-08,157,2,82.29,164.58,49.11,66.36
501403,2025-03-08,158,2,192.52,385.04,134.46,116.12
501404,2025-03-08,159,1,243.51,243.51,158.58,84.93
501405,2025-03-08,160,1,170.86,170.86,126.42,44.44
501406,2025-03-08,161,1,299.5,299.5,200.05,99.45
501407,2025-03-08,167,1,70.09,70.09,48.28,21.81
501408,2025-03-08,170,2,154.1,308.2,94.54,119.12
505859,2025-03-08,103,2,102.57,205.14,68.4,68.34
506221,2025-03-08,162,1,341.77,341.77,231.45,110.32
501409,2025-03-09,101,1,193.32,193.32,118.14,75.18
501410,2025-03-09,104,1,401.59,401.59,243.11,158.48
501411,2025-03-09,106,1,249.43,249.43,172.41,77.02
501412,2025-03-09,109,1,246.09,246.09,164.16,81.93
501413,2025-03-09,112,1,175.04,175.04,132.75,42.29
501414,2025-03-09,117,1,91.8,91.8,55.09,36.71
501415,2025-03-09,119,3,198.83,596.49,137.36,184.41
501416,2025-03-09,123,1,315.18,315.18,190.92,124.26
501417,2025-03-09,126,1,61.33,61.33,48.82,12.51
501418,2025-03-09,135,1,272.98,272.98,215.02,57.96
501419,2025-03-09,138,1,315.76,315.76,216.53,99.23
501420,2025-03-09,142,1,58.26,58.26,34.86,23.4
501421,2025-03-09,146,1,111.1,111.1,78.58,32.52
501422,2025-03-09,150,1,410.26,410.26,249.3,160.96
501423,2025-03-09,151,2,59.95,119.9,36.25,47.4
501424,2025-03-09,152,1,214.28,214.28,169.22,45.06
501425,2025-03-09,156,3,71.91,215.73,55.69,48.66
501426,2025-03-09,157,1,82.29,82.29,49.11,33.18
501427,2025-03-09,158,1,192.52,192.52,134.46,58.06
501428,2025-03-09,165,1,273.04,273.04,196.44,76.6
506222,2025-03-09,162,2,341.77,683.54,231.45,220.64
501429,2025-03-10,101,2,193.32,386.64,118.14,150.36
501430,2025-03-10,105,1,338.49,338.49,242.36,96.13
501431,2025-03-10,106,3,249.43,748.29,172.41,231.06
501432,2025-03-10,109,1,246.09,246.09,164.16,81.93
501433,2025-03-10,110,1,292.13,292.13,215.55,76.58
501434,2025-03-10,112,2,175.04,350.08,132.75,84.58
501435,2025-03-10,118,1,256.08,256.08,198.94,57.14
501436,2025-03-10,119,1,198.83,198.83,137.36,61.47
501437,2025-03-10,127,1,99.85,99.85,61.95,37.9
501438,2025-03-10,138,2,315.76,631.52,216.53,198.46
501439,2025-03-10,143,1,323.71,323.71,237.32,86.39
501440,2025-03-10,145,1,55.05,55.05,35.61,19.44
501441,2025-03-10,151,1,59.95,59.95,36.25,23.7
501442,2025-03-10,156,1,71.91,71.91,55.69,16.22
501443,2025-03-10,159,1,243.51,243.51,158.58,84.93
501444,2025-03-10,161,2,299.5,599.0,200.05,198.9
501445,2025-03-10,166,1,183.2,183.2,138.4,44.8
501446,2025-03-10,167,1,70.09,70.09,48.28,21.81
505911,2025-03-10,115,1,92.47,92.47,56.54,35.93
505989,2025-03-10,124,1,59.0,59.0,37.2,21.8
506068,2025-03-10,136,1,152.73,152.73,102.8,49.93
506105,2025-03-10,137,1,395.0,395.0,245.2,149.8
501447,2025-03-11,106,2,249.43,498.86,172.41,154.04
501448,2025-03-11,108,1,289.07,289.07,198.47,90.6
501449,2025-03-11,109,1,246.09,246.09,164.16,81.93
501450,2025-03-11,112,2,175.04,350.08,132.75,84.58
501451,2025-03-11,114,1,266.44,266.44,183.47,82.97
501452,2025-03-11,116,1,50.07,50.07,34.84,15.23
501453,2025-03-11,117,1,91.8,91.8,55.09,36.71
501454,2025-03-11,118,4,256.08,1024.32,198.94,228.56
501455,2025-03-11,119,2,198.83,397.66,137.36,122.94
501456,2025-03-11,131,4,333.06,1332.24,218.92,456.56
501457,2025-03-11,134,1,37.23,37.23,28.02,9.21
501458,2025-03-11,142,1,58.26,58.26,34.86,23.4
501459,2025-03-11,143,2,323.71,647.42,237.32,172.78
501460,2025-03-11,145,2,55.05,110.1,35.61,38.88
501461,2025-03-11,151,1,59.95,59.95,36.25,23.7
501462,2025-03-11,155,1,123.41,123.41,78.63,44.78
501463,2025-03-11,156,2,71.91,143.82,55.69,32.44
501464,2025-03-11,158,2,192.52,385.04,134.46,116.12
501465,2025-03-11,159,2,243.51,487.02,158.58,169.86
501466,2025-03-11,166,1,183.2,183.2,138.4,44.8
501467,2025-03-11,167,2,70.09,140.18,48.28,43.62
501468,2025-03-11,168,1,289.8,289.8,228.17,61.63
501469,2025-03-11,170,1,154.1,154.1,94.54,59.56
501470,2025-03-12,101,1,193.32,193.32,118.14,75.18
501471,2025-03-12,110,1,292.13,292.13,215.55,76.58
501472,2025-03-12,112,1,175.04,175.04,132.75,42.29
501473,2025-03-12,116,3,50.07,150.21,34.84,45.69
501474,2025-03-12,119,1,198.83,198.83,137.36,61.47
501475,2025-03-12,123,2,315.18,630.36,190.92,248.52
501476,2025-03-12,129,1,52.38,52.38,39.89,12.49
501477,2025-03-12,134,1,37.23,37.23,28.02,9.21
501478,2025-03-12,135,1,272.98,272.98,215.02,57.96
501479,2025-03-12,138,1,315.76,315.76,216.53,99.23
501480,2025-03-12,142,1,58.26,58.26,34.86,23.4
501481,2025-03-12,143,3,323.71,971.13,237.32,259.17
501482,2025-03-12,145,1,55.05,55.05,35.61,19.44
501483,2025-03-12,151,1,59.95,59.95,36.25,23.7
501484,2025-03-12,152,1,214.28,214.28,169.22,45.06
501485,2025-03-12,158,1,192.52,192.52,134.46,58.06
501486,2025-03-12,160,3,170.86,512.58,126.42,133.32
501487,2025-03-12,164,3,342.45,1027.35,209.39,399.18
501488,2025-03-12,166,1,183.2,183.2,138.4,44.8
501489,2025-03-12,168,1,289.8,289.8,228.17,61.63
501490,2025-03-12,170,2,154.1,308.2,94.54,119.12
501491,2025-03-13,101,1,193.32,193.32,118.14,75.18
501492,2025-03-13,104,1,401.59,401.59,243.11,158.48
501493,2025-03-13,105,2,338.49,676.98,242.36,192.26
501494,2025-03-13,106,1,249.43,249.43,172.41,77.02
501495,2025-03-13,109,1,246.09,246.09,164.16,81.93
501496,2025-03-13,110,2,292.13,584.26,215.55,153.16
501497,2025-03-13,112,2,175.04,350.08,132.75,84.58
501498,2025-03-13,117,3,91.8,275.4,55.09,110.13
501499,2025-03-13,118,3,256.08,768.24,198.94,171.42
501500,2025-03-13,119,1,198.83,198.83,137.36,61.47
501501,2025-03-13,123,1,315.18,315.18,190.92,124.26
501502,2025-03-13,126,1,61.33,61.33,48.82,12.51
501503,2025-03-13,127,2,99.85,199.7,61.95,75.8
501504,2025-03-13,131,2,333.06,666.12,218.92,228.28
501505,2025-03-13,134,1,37.23,37.23,28.02,9.21
501506,2025-03-13,135,1,272.98,272.98,215.02,57.96
501507,2025-03-13,139,1,143.43,143.43,101.37,42.06
501508,2025-03-13,141,1,251.72,251.72,187.7,64.02
501509,2025-03-13,142,1,58.26,58.26,34.86,23.4
501510,2025-03-13,145,1,55.05,55.05,35.61,19.44
501511,2025-03-13,149,1,288.99,288.99,208.97,80.02
501512,2025-03-13,151,2,59.95,119.9,36.25,47.4
501513,2025-03-13,152,2,214.28,428.56,169.22,90.12
501514,2025-03-13,157,3,82.29,246.87,49.11,99.54
501515,2025-03-13,158,1,192.52,192.52,134.46,58.06
501516,2025-03-13,159,3,243.51,730.53,158.58,254.79
501517,2025-03-13,163,1,271.41,271.41,212.87,58.54
501518,2025-03-13,166,1,183.2,183.2,138.4,44.8
501519,2025-03-13,167,1,70.09,70.09,48.28,21.81
501520,2025-03-13,170,1,154.1,154.1,94.54,59.56
505964,2025-03-13,121,2,35.68,71.36,23.79,23.78
501521,2025-03-14,101,1,193.32,193.32,118.14,75.18
501522,2025-03-14,104,1,401.59,401.59,243.11,158.48
501523,2025-03-14,106,2,249.43,498.86,172.41,154.04
501524,2025-03-14,110,2,292.13,584.26,215.55,153.16
501525,2025-03-14,112,2,175.04,350.08,132.75,84.58
501526,2025-03-14,116,1,50.07,50.07,34.84,15.23
501527,2025-03-14,118,1,256.08,256.08,198.94,57.14
501528,2025-03-14,123,1,315.18,315.18,190.92,124.26
501529,2025-03-14,127,1,99.85,99.85,61.95,37.9
501530,2025-03-14,134,1,37.23,37.23,28.02,9.21
501531,2025-03-14,135,1,272.98,272.98,215.02,57.96
501532,2025-03-14,138,1,315.76,315.76,216.53,99.23
501533,2025-03-14,139,1,143.43,143.43,101.37,42.06
501534,2025-03-14,142,3,58.26,174.78,34.86,70.2
501535,2025-03-14,148,1,69.95,69.95,42.84,27.11
501536,2025-03-14,149,1,288.99,288.99,208.97,80.02
501537,2025-03-14,150,1,410.26,410.26,249.3,160.96
501538,2025-03-14,151,2,59.95,119.9,36.25,47.4
501539,2025-03-14,152,1,214.28,214.28,169.22,45.06
501540,2025-03-14,156,1,71.91,71.91,55.69,16.22
501541,2025-03-14,158,4,192.52,770.08,134.46,232.24
501542,2025-03-14,159,1,243.51,243.51,158.58,84.93
501543,2025-03-14,160,1,170.86,170.86,126.42,44.44
501544,2025-03-14,165,1,273.04,273.04,196.44,76.6
501545,2025-03-14,166,2,183.2,366.4,138.4,89.6
501546,2025-03-14,167,1,70.09,70.09,48.28,21.81
501547,2025-03-14,170,3,154.1,462.3,94.54,178.68
505941,2025-03-14,120,2,238.12,476.24,172.98,130.28
506198,2025-03-14,154,1,65.52,65.52,44.36,21.16
501548,2025-03-15,101,1,193.32,193.32,118.14,75.18
501549,2025-03-15,106,1,249.43,249.43,172.41,77.02
501550,2025-03-15,116,1,50.07,50.07,34.84,15.23
501551,2025-03-15,118,5,256.08,1280.4,198.94,285.7
501552,2025-03-15,119,2,198.83,397.66,137.36,122.94
501553,2025-03-15,123,1,315.18,315.18,190.92,124.26
501554,2025-03-15,127,1,99.85,99.85,61.95,37.9
501555,2025-03-15,129,1,52.38,52.38,39.89,12.49
501556,2025-03-15,138,1,315.76,315.76,216.53,99.23
501557,2025-03-15,139,2,143.43,286.86,101.37,84.12
501558,2025-03-15,141,1,251.72,251.72,187.7,64.02
501559,2025-03-15,142,2,58.26,116.52,34.86,46.8
501560,2025-03-15,143,1,323.71,323.71,237.32,86.39
501561,2025-03-15,151,1,59.95,59.95,36.25,23.7
501562,2025-03-15,158,2,192.52,385.04,134.46,116.12
501563,2025-03-15,161,2,299.5,599.0,200.05,198.9
501564,2025-03-15,167,1,70.09,70.09,48.28,21.81
501565,2025-03-15,170,1,154.1,154.1,94.54,59.56
505860,2025-03-15,103,1,102.57,102.57,68.4,34.17
501566,2025-03-16,104,1,401.59,401.59,243.11,158.48
501567,2025-03-16,105,1,338.49,338.49,242.36,96.13
501568,2025-03-16,106,1,249.43,249.43,172.41,77.02
501569,2025-03-16,109,1,246.09,246.09,164.16,81.93
501570,2025-03-16,114,2,266.44,532.88,183.47,165.94
501571,2025-03-16,116,2,50.07,100.14,34.84,30.46
501572,2025-03-16,118,1,256.08,256.08,198.94,57.14
501573,2025-03-16,119,2,198.83,397.66,137.36,122.94
501574,2025-03-16,123,1,315.18,315.18,190.92,124.26
501575,2025-03-16,131,1,333.06,333.06,218.92,114.14
501576,2025-03-16,138,1,315.76,315.76,216.53,99.23
501577,2025-03-16,142,2,58.26,116.52,34.86,46.8
501578,2025-03-16,143,1,323.71,323.71,237.32,86.39
501579,2025-03-16,145,1,55.05,55.05,35.61,19.44
501580,2025-03-16,149,1,288.99,288.99,208.97,80.02
501581,2025-03-16,151,2,59.95,119.9,36.25,47.4
501582,2025-03-16,158,1,192.52,192.52,134.46,58.06
501583,2025-03-16,159,1,243.51,243.51,158.58,84.93
501584,2025-03-16,160,1,170.86,170.86,126.42,44.44
501585,2025-03-16,166,1,183.2,183.2,138.4,44.8
501586,2025-03-16,167,1,70.09,70.09,48.28,21.81
501587,2025-03-16,168,1,289.8,289.8,228.17,61.63
505898,2025-03-16,113,1,46.39,46.39,35.6,10.79
505912,2025-03-16,115,1,92.47,92.47,56.54,35.93
506141,2025-03-16,144,2,219.65,439.3,137.82,163.66
501588,2025-03-17,101,1,193.32,193.32,118.14,75.18
501589,2025-03-17,104,1,401.59,401.59,243.11,158.48
501590,2025-03-17,105,1,338.49,338.49,242.36,96.13
501591,2025-03-17,106,1,249.43,249.43,172.41,77.02
501592,2025-03-17,109,1,246.09,246.09,164.16,81.93
501593,2025-03-17,110,2,292.13,584.26,215.55,153.16
501594,2025-03-17,112,1,175.04,175.04,132.75,42.29
501595,2025-03-17,117,2,91.8,183.6,55.09,73.42
501596,2025-03-17,118,1,256.08,256.08,198.94,57.14
501597,2025-03-17,119,1,198.83,198.83,137.36,61.47
501598,2025-03-17,126,1,61.33,61.33,48.82,12.51
501599,2025-03-17,127,1,99.85,99.85,61.95,37.9
501600,2025-03-17,130,1,250.88,250.88,199.42,51.46
501601,2025-03-17,139,1,143.43,143.43,101.37,42.06
501602,2025-03-17,141,2,251.72,503.44,187.7,128.04
501603,2025-03-17,142,3,58.26,174.78,34.86,70.2
501604,2025-03-17,143,1,323.71,323.71,237.32,86.39
501605,2025-03-17,145,1,55.05,55.05,35.61,19.44
501606,2025-03-17,149,1,288.99,288.99,208.97,80.02
501607,2025-03-17,151,1,59.95,59.95,36.25,23.7
501608,2025-03-17,152,1,214.28,214.28,169.22,45.06
501609,2025-03-17,155,1,123.41,123.41,78.63,44.78
501610,2025-03-17,156,1,71.91,71.91,55.69,16.22
501611,2025-03-17,157,3,82.29,246.87,49.11,99.54
501612,2025-03-17,158,2,192.52,385.04,134.46,116.12
501613,2025-03-17,159,4,243.51,974.04,158.58,339.72
501614,2025-03-17,161,2,299.5,599.0,200.05,198.9
501615,2025-03-17,164,1,342.45,342.45,209.39,133.06
501616,2025-03-17,165,1,273.04,273.04,196.44,76.6
501617,2025-03-17,166,1,183.2,183.2,138.4,44.8
501618,2025-03-17,168,1,289.8,289.8,228.17,61.63
501619,2025-03-17,170,1,154.1,154.1,94.54,59.56
505861,2025-03-17,103,1,102.57,102.57,68.4,34.17
501620,2025-03-18,101,1,193.32,193.32,118.14,75.18
501621,2025-03-18,104,1,401.59,401.59,243.11,158.48
501622,2025-03-18,106,2,249.43,498.86,172.41,154.04
501623,2025-03-18,108,1,289.07,289.07,198.47,90.6
501624,2025-03-18,109,3,246.09,738.27,164.16,245.79
501625,2025-03-18,110,1,292.13,292.13,215.55,76.58
501626,2025-03-18,112,3,175.04,525.12,132.75,126.87
501627,2025-03-18,117,1,91.8,91.8,55.09,36.71
501628,2025-03-18,118,2,256.08,512.16,198.94,114.28
501629,2025-03-18,125,1,86.82,86.82,57.13,29.69
501630,2025-03-18,126,1,61.33,61.33,48.82,12.51
501631,2025-03-18,129,1,52.38,52.38,39.89,12.49
501632,2025-03-18,131,3,333.06,999.18,218.92,342.42
501633,2025-03-18,135,1,272.98,272.98,215.02,57.96
501634,2025-03-18,138,1,315.76,315.76,216.53,99.23
501635,2025-03-18,139,1,143.43,143.43,101.37,42.06
501636,2025-03-18,142,1,58.26,58.26,34.86,23.4
501637,2025-03-18,143,2,323.71,647.42,237.32,172.78
501638,2025-03-18,145,1,55.05,55.05,35.61,19.44
501639,2025-03-18,151,1,59.95,59.95,36.25,23.7
501640,2025-03-18,156,3,71.91,215.73,55.69,48.66
501641,2025-03-18,158,1,192.52,192.52,134.46,58.06
501642,2025-03-18,160,1,170.86,170.86,126.42,44.44
501643,2025-03-18,161,1,299.5,299.5,200.05,99.45
501644,2025-03-18,166,1,183.2,183.2,138.4,44.8
501645,2025-03-18,167,2,70.09,140.18,48.28,43.62
501646,2025-03-18,168,1,289.8,289.8,228.17,61.63
501647,2025-03-19,101,1,193.32,193.32,118.14,75.18
501648,2025-03-19,105,3,338.49,1015.47,242.36,288.39
501649,2025-03-19,110,1,292.13,292.13,215.55,76.58
501650,2025-03-19,118,2,256.08,512.16,198.94,114.28
501651,2025-03-19,123,2,315.18,630.36,190.92,248.52
501652,2025-03-19,127,2,99.85,199.7,61.95,75.8
501653,2025-03-19,130,1,250.88,250.88,199.42,51.46
501654,2025-03-19,134,1,37.23,37.23,28.02,9.21
501655,2025-03-19,135,1,272.98,272.98,215.02,57.96
501656,2025-03-19,141,1,251.72,251.72,187.7,64.02
501657,2025-03-19,145,1,55.05,55.05,35.61,19.44
501658,2025-03-19,149,1,288.99,288.99,208.97,80.02
501659,2025-03-19,151,1,59.95,59.95,36.25,23.7
501660,2025-03-19,156,2,71.91,143.82,55.69,32.44
501661,2025-03-19,159,3,243.51,730.53,158.58,254.79
501662,2025-03-19,161,1,299.5,299.5,200.05,99.45
501663,2025-03-19,166,2,183.2,366.4,138.4,89.6
501664,2025-03-19,167,1,70.09,70.09,48.28,21.81
501665,2025-03-19,170,1,154.1,154.1,94.54,59.56
505965,2025-03-19,121,1,35.68,35.68,23.79,11.89
506169,2025-03-19,153,2,45.82,91.64,28.45,34.74
501666,2025-03-20,105,1,338.49,338.49,242.36,96.13
501667,2025-03-20,110,1,292.13,292.13,215.55,76.58
501668,2025-03-20,118,2,256.08,512.16,198.94,114.28
501669,2025-03-20,119,2,198.83,397.66,137.36,122.94
501670,2025-03-20,126,1,61.33,61.33,48.82,12.51
501671,2025-03-20,127,1,99.85,99.85,61.95,37.9
501672,2025-03-20,129,2,52.38,104.76,39.89,24.98
501673,2025-03-20,131,1,333.06,333.06,218.92,114.14
501674,2025-03-20,141,1,251.72,251.72,187.7,64.02
501675,2025-03-20,142,1,58.26,58.26,34.86,23.4
501676,2025-03-20,145,1,55.05,55.05,35.61,19.44
501677,2025-03-20,146,1,111.1,111.1,78.58,32.52
501678,2025-03-20,151,1,59.95,59.95,36.25,23.7
501679,2025-03-20,156,2,71.91,143.82,55.69,32.44
501680,2025-03-20,157,1,82.29,82.29,49.11,33.18
501681,2025-03-20,159,1,243.51,243.51,158.58,84.93
501682,2025-03-20,160,1,170.86,170.86,126.42,44.44
501683,2025-03-20,161,1,299.5,299.5,200.05,99.45
501684,2025-03-20,164,1,342.45,342.45,209.39,133.06
501685,2025-03-20,169,1,117.76,117.76,72.26,45.5
501686,2025-03-20,170,1,154.1,154.1,94.54,59.56
506106,2025-03-20,137,2,395.0,790.0,245.2,299.6
501687,2025-03-21,104,1,401.59,401.59,243.11,158.48
501688,2025-03-21,106,2,249.43,498.86,172.41,154.04
501689,2025-03-21,110,2,292.13,584.26,215.55,153.16
501690,2025-03-21,112,1,175.04,175.04,132.75,42.29
501691,2025-03-21,118,4,256.08,1024.32,198.94,228.56
501692,2025-03-21,119,2,198.83,397.66,137.36,122.94
501693,2025-03-21,123,2,315.18,630.36,190.92,248.52
501694,2025-03-21,125,1,86.82,86.82,57.13,29.69
501695,2025-03-21,131,1,333.06,333.06,218.92,114.14
501696,2025-03-21,141,1,251.72,251.72,187.7,64.02
501697,2025-03-21,142,1,58.26,58.26,34.86,23.4
501698,2025-03-21,149,1,288.99,288.99,208.97,80.02
501699,2025-03-21,151,1,59.95,59.95,36.25,23.7
501700,2025-03-21,156,4,71.91,287.64,55.69,64.88
501701,2025-03-21,157,1,82.29,82.29,49.11,33.18
501702,2025-03-21,158,2,192.52,385.04,134.46,116.12
501703,2025-03-21,161,1,299.5,299.5,200.05,99.45
501704,2025-03-21,163,1,271.41,271.41,212.87,58.54
501705,2025-03-21,166,1,183.2,183.2,138.4,44.8
501706,2025-03-21,169,1,117.76,117.76,72.26,45.5
505990,2025-03-21,124,2,59.0,118.0,37.2,43.6
501707,2025-03-22,101,1,193.32,193.32,118.14,75.18
501708,2025-03-22,105,1,338.49,338.49,242.36,96.13
501709,2025-03-22,106,2,249.43,498.86,172.41,154.04
501710,2025-03-22,110,1,292.13,292.13,215.55,76.58
501711,2025-03-22,112,2,175.04,350.08,132.75,84.58
501712,2025-03-22,118,1,256.08,256.08,198.94,57.14
501713,2025-03-22,119,1,198.83,198.83,137.36,61.47
501714,2025-03-22,123,1,315.18,315.18,190.92,124.26
501715,2025-03-22,127,1,99.85,99.85,61.95,37.9
501716,2025-03-22,131,1,333.06,333.06,218.92,114.14
501717,2025-03-22,138,1,315.76,315.76,216.53,99.23
501718,2025-03-22,139,3,143.43,430.29,101.37,126.18
501719,2025-03-22,141,1,251.72,251.72,187.7,64.02
501720,2025-03-22,143,2,323.71,647.42,237.32,172.78
501721,2025-03-22,146,1,111.1,111.1,78.58,32.52
501722,2025-03-22,151,2,59.95,119.9,36.25,47.4
501723,2025-03-22,152,1,214.28,214.28,169.22,45.06
501724,2025-03-22,157,1,82.29,82.29,49.11,33.18
501725,2025-03-22,158,2,192.52,385.04,134.46,116.12
501726,2025-03-22,159,1,243.51,243.51,158.58,84.93
501727,2025-03-22,160,3,170.86,512.58,126.42,133.32
501728,2025-03-22,166,1,183.2,183.2,138.4,44.8
501729,2025-03-22,167,1,70.09,70.09,48.28,21.81
501730,2025-03-22,170,1,154.1,154.1,94.54,59.56
505966,2025-03-22,121,1,35.68,35.68,23.79,11.89
506170,2025-03-22,153,2,45.82,91.64,28.45,34.74
501731,2025-03-23,104,1,401.59,401.59,243.11,158.48
501732,2025-03-23,106,1,249.43,249.43,172.41,77.02
501733,2025-03-23,110,1,292.13,292.13,215.55,76.58
501734,2025-03-23,112,3,175.04,525.12,132.75,126.87
501735,2025-03-23,119,2,198.83,397.66,137.36,122.94
501736,2025-03-23,131,2,333.06,666.12,218.92,228.28
501737,2025-03-23,142,1,58.26,58.26,34.86,23.4
501738,2025-03-23,143,2,323.71,647.42,237.32,172.78
501739,2025-03-23,145,2,55.05,110.1,35.61,38.88
501740,2025-03-23,150,1,410.26,410.26,249.3,160.96
501741,2025-03-23,152,1,214.28,214.28,169.22,45.06
501742,2025-03-23,156,2,71.91,143.82,55.69,32.44
501743,2025-03-23,158,1,192.52,192.52,134.46,58.06
501744,2025-03-23,159,1,243.51,243.51,158.58,84.93
501745,2025-03-23,160,1,170.86,170.86,126.42,44.44
501746,2025-03-23,166,2,183.2,366.4,138.4,89.6
501747,2025-03-23,167,2,70.09,140.18,48.28,43.62
501748,2025-03-23,170,2,154.1,308.2,94.54,119.12
505862,2025-03-23,103,2,102.57,205.14,68.4,68.34
506069,2025-03-23,136,1,152.73,152.73,102.8,49.93
501749,2025-03-24,101,1,193.32,193.32,118.14,75.18
501750,2025-03-24,105,1,338.49,338.49,242.36,96.13
501751,2025-03-24,106,3,249.43,748.29,172.41,231.06
501752,2025-03-24,109,1,246.09,246.09,164.16,81.93
501753,2025-03-24,110,3,292.13,876.39,215.55,229.74
501754,2025-03-24,116,1,50.07,50.07,34.84,15.23
501755,2025-03-24,125,1,86.82,86.82,57.13,29.69
501756,2025-03-24,127,2,99.85,199.7,61.95,75.8
501757,2025-03-24,141,1,251.72,251.72,187.7,64.02
501758,2025-03-24,142,3,58.26,174.78,34.86,70.2
501759,2025-03-24,143,2,323.71,647.42,237.32,172.78
501760,2025-03-24,149,1,288.99,288.99,208.97,80.02
501761,2025-03-24,151,1,59.95,59.95,36.25,23.7
501762,2025-03-24,157,1,82.29,82.29,49.11,33.18
501763,2025-03-24,158,1,192.52,192.52,134.46,58.06
501764,2025-03-24,159,1,243.51,243.51,158.58,84.93
501765,2025-03-24,165,1,273.04,273.04,196.44,76.6
501766,2025-03-24,167,4,70.09,280.36,48.28,87.24
501767,2025-03-24,168,1,289.8,289.8,228.17,61.63
501768,2025-03-24,170,2,154.1,308.2,94.54,119.12
505832,2025-03-24,102,2,65.53,131.06,45.11,40.84
505942,2025-03-24,120,2,238.12,476.24,172.98,130.28
501769,2025-03-25,101,1,193.32,193.32,118.14,75.18
501770,2025-03-25,104,1,401.59,401.59,243.11,158.48
501771,2025-03-25,105,2,338.49,676.98,242.36,192.26
501772,2025-03-25,106,1,249.43,249.43,172.41,77.02
501773,2025-03-25,109,1,246.09,246.09,164.16,81.93
501774,2025-03-25,110,1,292.13,292.13,215.55,76.58
501775,2025-03-25,112,1,175.04,175.04,132.75,42.29
501776,2025-03-25,116,1,50.07,50.07,34.84,15.23
501777,2025-03-25,131,2,333.06,666.12,218.92,228.28
501778,2025-03-25,139,2,143.43,286.86,101.37,84.12
501779,2025-03-25,142,1,58.26,58.26,34.86,23.4
501780,2025-03-25,143,2,323.71,647.42,237.32,172.78
501781,2025-03-25,149,1,288.99,288.99,208.97,80.02
501782,2025-03-25,155,1,123.41,123.41,78.63,44.78
501783,2025-03-25,156,1,71.91,71.91,55.69,16.22
501784,2025-03-25,158,2,192.52,385.04,134.46,116.12
501785,2025-03-25,159,1,243.51,243.51,158.58,84.93
501786,2025-03-25,160,1,170.86,170.86,126.42,44.44
501787,2025-03-25,161,1,299.5,299.5,200.05,99.45
501788,2025-03-25,166,1,183.2,183.2,138.4,44.8
501789,2025-03-25,167,1,70.09,70.09,48.28,21.81
501790,2025-03-25,170,2,154.1,308.2,94.54,119.12
505913,2025-03-25,115,1,92.47,92.47,56.54,35.93
505967,2025-03-25,121,2,35.68,71.36,23.79,23.78
501791,2025-03-26,101,1,193.32,193.32,118.14,75.18
501792,2025-03-26,110,2,292.13,584.26,215.55,153.16
501793,2025-03-26,114,1,266.44,266.44,183.47,82.97
501794,2025-03-26,116,2,50.07,100.14,34.84,30.46
501795,2025-03-26,118,2,256.08,512.16,198.94,114.28
501796,2025-03-26,119,1,198.83,198.83,137.36,61.47
501797,2025-03-26,123,1,315.18,315.18,190.92,124.26
501798,2025-03-26,127,1,99.85,99.85,61.95,37.9
501799,2025-03-26,131,1,333.06,333.06,218.92,114.14
501800,2025-03-26,135,1,272.98,272.98,215.02,57.96
501801,2025-03-26,141,2,251.72,503.44,187.7,128.04
501802,2025-03-26,143,1,323.71,323.71,237.32,86.39
501803,2025-03-26,145,2,55.05,110.1,35.61,38.88
501804,2025-03-26,149,1,288.99,288.99,208.97,80.02
501805,2025-03-26,151,2,59.95,119.9,36.25,47.4
501806,2025-03-26,156,1,71.91,71.91,55.69,16.22
501807,2025-03-26,157,1,82.29,82.29,49.11,33.18
501808,2025-03-26,159,2,243.51,487.02,158.58,169.86
501809,2025-03-26,163,1,271.41,271.41,212.87,58.54
501810,2025-03-26,164,1,342.45,342.45,209.39,133.06
501811,2025-03-26,166,3,183.2,549.6,138.4,134.4
501812,2025-03-26,170,1,154.1,154.1,94.54,59.56
506070,2025-03-26,136,2,152.73,305.46,102.8,99.86
501813,2025-03-27,105,2,338.49,676.98,242.36,192.26
501814,2025-03-27,106,2,249.43,498.86,172.41,154.04
501815,2025-03-27,109,1,246.09,246.09,164.16,81.93
501816,2025-03-27,110,2,292.13,584.26,215.55,153.16
501817,2025-03-27,112,2,175.04,350.08,132.75,84.58
501818,2025-03-27,116,1,50.07,50.07,34.84,15.23
501819,2025-03-27,118,2,256.08,512.16,198.94,114.28
501820,2025-03-27,122,1,185.72,185.72,136.04,49.68
501821,2025-03-27,123,1,315.18,315.18,190.92,124.26
501822,2025-03-27,127,1,99.85,99.85,61.95,37.9
501823,2025-03-27,134,1,37.23,37.23,28.02,9.21
501824,2025-03-27,135,1,272.98,272.98,215.02,57.96
501825,2025-03-27,139,1,143.43,143.43,101.37,42.06
501826,2025-03-27,149,1,288.99,288.99,208.97,80.02
501827,2025-03-27,150,1,410.26,410.26,249.3,160.96
501828,2025-03-27,152,2,214.28,428.56,169.22,90.12
501829,2025-03-27,156,4,71.91,287.64,55.69,64.88
501830,2025-03-27,158,2,192.52,385.04,134.46,116.12
501831,2025-03-27,159,1,243.51,243.51,158.58,84.93
501832,2025-03-27,160,1,170.86,170.86,126.42,44.44
501833,2025-03-27,166,2,183.2,366.4,138.4,89.6
501834,2025-03-27,167,1,70.09,70.09,48.28,21.81
501835,2025-03-27,168,1,289.8,289.8,228.17,61.63
501836,2025-03-27,170,2,154.1,308.2,94.54,119.12
501837,2025-03-28,105,1,338.49,338.49,242.36,96.13
501838,2025-03-28,110,1,292.13,292.13,215.55,76.58
501839,2025-03-28,112,1,175.04,175.04,132.75,42.29
501840,2025-03-28,116,1,50.07,50.07,34.84,15.23
501841,2025-03-28,117,1,91.8,91.8,55.09,36.71
501842,2025-03-28,119,3,198.83,596.49,137.36,184.41
501843,2025-03-28,127,2,99.85,199.7,61.95,75.8
501844,2025-03-28,131,1,333.06,333.06,218.92,114.14
501845,2025-03-28,134,1,37.23,37.23,28.02,9.21
501846,2025-03-28,142,3,58.26,174.78,34.86,70.2
501847,2025-03-28,143,3,323.71,971.13,237.32,259.17
501848,2025-03-28,145,1,55.05,55.05,35.61,19.44
501849,2025-03-28,146,2,111.1,222.2,78.58,65.04
501850,2025-03-28,148,1,69.95,69.95,42.84,27.11
501851,2025-03-28,155,2,123.41,246.82,78.63,89.56
501852,2025-03-28,156,1,71.91,71.91,55.69,16.22
501853,2025-03-28,157,1,82.29,82.29,49.11,33.18
501854,2025-03-28,159,2,243.51,487.02,158.58,169.86
501855,2025-03-28,166,3,183.2,549.6,138.4,134.4
501856,2025-03-28,167,1,70.09,70.09,48.28,21.81
501857,2025-03-28,170,1,154.1,154.1,94.54,59.56
505968,2025-03-28,121,2,35.68,71.36,23.79,23.78
501858,2025-03-29,104,1,401.59,401.59,243.11,158.48
501859,2025-03-29,106,2,249.43,498.86,172.41,154.04
501860,2025-03-29,109,1,246.09,246.09,164.16,81.93
501861,2025-03-29,110,2,292.13,584.26,215.55,153.16
501862,2025-03-29,112,1,175.04,175.04,132.75,42.29
501863,2025-03-29,116,1,50.07,50.07,34.84,15.23
501864,2025-03-29,119,1,198.83,198.83,137.36,61.47
501865,2025-03-29,122,1,185.72,185.72,136.04,49.68
501866,2025-03-29,123,1,315.18,315.18,190.92,124.26
501867,2025-03-29,131,1,333.06,333.06,218.92,114.14
501868,2025-03-29,142,1,58.26,58.26,34.86,23.4
501869,2025-03-29,145,1,55.05,55.05,35.61,19.44
501870,2025-03-29,149,2,288.99,577.98,208.97,160.04
501871,2025-03-29,151,1,59.95,59.95,36.25,23.7
501872,2025-03-29,152,1,214.28,214.28,169.22,45.06
501873,2025-03-29,156,2,71.91,143.82,55.69,32.44
501874,2025-03-29,158,2,192.52,385.04,134.46,116.12
501875,2025-03-29,159,1,243.51,243.51,158.58,84.93
501876,2025-03-29,161,1,299.5,299.5,200.05,99.45
501877,2025-03-29,167,2,70.09,140.18,48.28,43.62
501878,2025-03-29,168,1,289.8,289.8,228.17,61.63
501879,2025-03-29,170,1,154.1,154.1,94.54,59.56
505863,2025-03-29,103,2,102.57,205.14,68.4,68.34
501880,2025-03-30,101,2,193.32,386.64,118.14,150.36
501881,2025-03-30,105,1,338.49,338.49,242.36,96.13
501882,2025-03-30,106,2,249.43,498.86,172.41,154.04
501883,2025-03-30,109,1,246.09,246.09,164.16,81.93
501884,2025-03-30,112,3,175.04,525.12,132.75,126.87
501885,2025-03-30,117,1,91.8,91.8,55.09,36.71
501886,2025-03-30,118,2,256.08,512.16,198.94,114.28
501887,2025-03-30,119,1,198.83,198.83,137.36,61.47
501888,2025-03-30,134,1,37.23,37.23,28.02,9.21
501889,2025-03-30,138,1,315.76,315.76,216.53,99.23
501890,2025-03-30,149,1,288.99,288.99,208.97,80.02
501891,2025-03-30,151,2,59.95,119.9,36.25,47.4
501892,2025-03-30,152,1,214.28,214.28,169.22,45.06
501893,2025-03-30,155,1,123.41,123.41,78.63,44.78
501894,2025-03-30,156,3,71.91,215.73,55.69,48.66
501895,2025-03-30,158,2,192.52,385.04,134.46,116.12
501896,2025-03-30,161,1,299.5,299.5,200.05,99.45
501897,2025-03-30,168,1,289.8,289.8,228.17,61.63
501898,2025-03-30,170,1,154.1,154.1,94.54,59.56
505914,2025-03-30,115,1,92.47,92.47,56.54,35.93
506071,2025-03-30,136,1,152.73,152.73,102.8,49.93
501899,2025-03-31,104,3,401.59,1204.77,243.11,475.44
501900,2025-03-31,106,1,249.43,249.43,172.41,77.02
501901,2025-03-31,110,1,292.13,292.13,215.55,76.58
501902,2025-03-31,112,1,175.04,175.04,132.75,42.29
501903,2025-03-31,116,1,50.07,50.07,34.84,15.23
501904,2025-03-31,118,2,256.08,512.16,198.94,114.28
501905,2025-03-31,119,1,198.83,198.83,137.36,61.47
501906,2025-03-31,131,2,333.06,666.12,218.92,228.28
501907,2025-03-31,135,2,272.98,545.96,215.02,115.92
501908,2025-03-31,141,1,251.72,251.72,187.7,64.02
501909,2025-03-31,142,3,58.26,174.78,34.86,70.2
501910,2025-03-31,146,2,111.1,222.2,78.58,65.04
501911,2025-03-31,151,1,59.95,59.95,36.25,23.7
501912,2025-03-31,156,1,71.91,71.91,55.69,16.22
501913,2025-03-31,158,1,192.52,192.52,134.46,58.06
501914,2025-03-31,160,1,170.86,170.86,126.42,44.44
501915,2025-03-31,161,1,299.5,299.5,200.05,99.45
501916,2025-03-31,163,1,271.41,271.41,212.87,58.54
501917,2025-03-31,166,3,183.2,549.6,138.4,134.4
501918,2025-03-31,167,2,70.09,140.18,48.28,43.62
501919,2025-03-31,168,1,289.8,289.8,228.17,61.63
501920,2025-03-31,169,1,117.76,117.76,72.26,45.5
501921,2025-03-31,170,2,154.1,308.2,94.54,119.12
506142,2025-03-31,144,2,219.65,439.3,137.82,163.66
501922,2025-04-01,104,1,401.59,401.59,243.11,158.48
501923,2025-04-01,105,1,338.49,338.49,242.36,96.13
501924,2025-04-01,106,1,249.43,249.43,172.41,77.02
501925,2025-04-01,109,1,246.09,246.09,164.16,81.93
501926,2025-04-01,110,2,292.13,584.26,215.55,153.16
501927,2025-04-01,112,3,175.04,525.12,132.75,126.87
501928,2025-04-01,116,1,50.07,50.07,34.84,15.23
501929,2025-04-01,117,1,91.8,91.8,55.09,36.71
501930,2025-04-01,118,3,256.08,768.24,198.94,171.42
501931,2025-04-01,119,2,198.83,397.66,137.36,122.94
501932,2025-04-01,131,1,333.06,333.06,218.92,114.14
501933,2025-04-01,135,1,272.98,272.98,215.02,57.96
501934,2025-04-01,139,1,143.43,143.43,101.37,42.06
501935,2025-04-01,142,1,58.26,58.26,34.86,23.4
501936,2025-04-01,143,2,323.71,647.42,237.32,172.78
501937,2025-04-01,151,1,59.95,59.95,36.25,23.7
501938,2025-04-01,152,2,214.28,428.56,169.22,90.12
501939,2025-04-01,158,2,192.52,385.04,134.46,116.12
501940,2025-04-01,159,2,243.51,487.02,158.58,169.86
501941,2025-04-01,161,1,299.5,299.5,200.05,99.45
501942,2025-04-01,166,1,183.2,183.2,138.4,44.8
501943,2025-04-01,167,2,70.09,140.18,48.28,43.62
501944,2025-04-01,168,1,289.8,289.8,228.17,61.63
501945,2025-04-01,170,1,154.1,154.1,94.54,59.56
506072,2025-04-01,136,1,152.73,152.73,102.8,49.93
506107,2025-04-01,137,1,395.0,395.0,245.2,149.8
501946,2025-04-02,101,1,193.32,193.32,118.14,75.18
501947,2025-04-02,105,2,338.49,676.98,242.36,192.26
501948,2025-04-02,110,1,292.13,292.13,215.55,76.58
501949,2025-04-02,122,1,185.72,185.72,136.04,49.68
501950,2025-04-02,123,2,315.18,630.36,190.92,248.52
501951,2025-04-02,127,2,99.85,199.7,61.95,75.8
501952,2025-04-02,138,1,315.76,315.76,216.53,99.23
501953,2025-04-02,141,1,251.72,251.72,187.7,64.02
501954,2025-04-02,142,1,58.26,58.26,34.86,23.4
501955,2025-04-02,145,1,55.05,55.05,35.61,19.44
501956,2025-04-02,151,1,59.95,59.95,36.25,23.7
501957,2025-04-02,152,1,214.28,214.28,169.22,45.06
501958,2025-04-02,156,1,71.91,71.91,55.69,16.22
501959,2025-04-02,158,1,192.52,192.52,134.46,58.06
501960,2025-04-02,159,2,243.51,487.02,158.58,169.86
501961,2025-04-02,160,1,170.86,170.86,126.42,44.44
501962,2025-04-02,166,3,183.2,549.6,138.4,134.4
501963,2025-04-02,168,1,289.8,289.8,228.17,61.63
501964,2025-04-02,170,1,154.1,154.1,94.54,59.56
505864,2025-04-02,103,2,102.57,205.14,68.4,68.34
501965,2025-04-03,101,1,193.32,193.32,118.14,75.18
501966,2025-04-03,105,1,338.49,338.49,242.36,96.13
501967,2025-04-03,109,1,246.09,246.09,164.16,81.93
501968,2025-04-03,110,3,292.13,876.39,215.55,229.74
501969,2025-04-03,117,1,91.8,91.8,55.09,36.71
501970,2025-04-03,118,1,256.08,256.08,198.94,57.14
501971,2025-04-03,126,1,61.33,61.33,48.82,12.51
501972,2025-04-03,139,2,143.43,286.86,101.37,84.12
501973,2025-04-03,141,1,251.72,251.72,187.7,64.02
501974,2025-04-03,143,1,323.71,323.71,237.32,86.39
501975,2025-04-03,149,1,288.99,288.99,208.97,80.02
501976,2025-04-03,151,2,59.95,119.9,36.25,47.4
501977,2025-04-03,156,1,71.91,71.91,55.69,16.22
501978,2025-04-03,158,3,192.52,577.56,134.46,174.18
501979,2025-04-03,159,1,243.51,243.51,158.58,84.93
501980,2025-04-03,161,1,299.5,299.5,200.05,99.45
501981,2025-04-03,163,2,271.41,542.82,212.87,117.08
501982,2025-04-03,166,1,183.2,183.2,138.4,44.8
501983,2025-04-03,167,1,70.09,70.09,48.28,21.81
501984,2025-04-03,170,1,154.1,154.1,94.54,59.56
505833,2025-04-03,102,2,65.53,131.06,45.11,40.84
505915,2025-04-03,115,1,92.47,92.47,56.54,35.93
501985,2025-04-04,104,1,401.59,401.59,243.11,158.48
501986,2025-04-04,105,1,338.49,338.49,242.36,96.13
501987,2025-04-04,106,1,249.43,249.43,172.41,77.02
501988,2025-04-04,110,5,292.13,1460.65,215.55,382.9
501989,2025-04-04,112,1,175.04,175.04,132.75,42.29
501990,2025-04-04,117,1,91.8,91.8,55.09,36.71
501991,2025-04-04,118,3,256.08,768.24,198.94,171.42
501992,2025-04-04,123,1,315.18,315.18,190.92,124.26
501993,2025-04-04,127,1,99.85,99.85,61.95,37.9
501994,2025-04-04,130,1,250.88,250.88,199.42,51.46
501995,2025-04-04,131,1,333.06,333.06,218.92,114.14
501996,2025-04-04,141,2,251.72,503.44,187.7,128.04
501997,2025-04-04,145,2,55.05,110.1,35.61,38.88
501998,2025-04-04,148,1,69.95,69.95,42.84,27.11
501999,2025-04-04,149,1,288.99,288.99,208.97,80.02
502000,2025-04-04,155,1,123.41,123.41,78.63,44.78
502001,2025-04-04,156,1,71.91,71.91,55.69,16.22
502002,2025-04-04,158,3,192.52,577.56,134.46,174.18
502003,2025-04-04,159,2,243.51,487.02,158.58,169.86
502004,2025-04-04,160,1,170.86,170.86,126.42,44.44
502005,2025-04-04,161,1,299.5,299.5,200.05,99.45
502006,2025-04-04,164,1,342.45,342.45,209.39,133.06
502007,2025-04-04,165,1,273.04,273.04,196.44,76.6
502008,2025-04-04,166,1,183.2,183.2,138.4,44.8
502009,2025-04-04,167,1,70.09,70.09,48.28,21.81
505943,2025-04-04,120,1,238.12,238.12,172.98,65.14
506108,2025-04-04,137,2,395.0,790.0,245.2,299.6
502010,2025-04-05,101,1,193.32,193.32,118.14,75.18
502011,2025-04-05,106,1,249.43,249.43,172.41,77.02
502012,2025-04-05,109,1,246.09,246.09,164.16,81.93
502013,2025-04-05,110,2,292.13,584.26,215.55,153.16
502014,2025-04-05,112,1,175.04,175.04,132.75,42.29
502015,2025-04-05,119,2,198.83,397.66,137.36,122.94
502016,2025-04-05,131,1,333.06,333.06,218.92,114.14
502017,2025-04-05,134,1,37.23,37.23,28.02,9.21
502018,2025-04-05,135,1,272.98,272.98,215.02,57.96
502019,2025-04-05,138,1,315.76,315.76,216.53,99.23
502020,2025-04-05,141,2,251.72,503.44,187.7,128.04
502021,2025-04-05,143,2,323.71,647.42,237.32,172.78
502022,2025-04-05,152,1,214.28,214.28,169.22,45.06
502023,2025-04-05,156,1,71.91,71.91,55.69,16.22
502024,2025-04-05,158,1,192.52,192.52,134.46,58.06
502025,2025-04-05,159,1,243.51,243.51,158.58,84.93
502026,2025-04-05,167,1,70.09,70.09,48.28,21.81
502027,2025-04-05,168,1,289.8,289.8,228.17,61.63
505899,2025-04-05,113,1,46.39,46.39,35.6,10.79
505916,2025-04-05,115,2,92.47,184.94,56.54,71.86
502028,2025-04-06,104,1,401.59,401.59,243.11,158.48
502029,2025-04-06,106,1,249.43,249.43,172.41,77.02
502030,2025-04-06,108,1,289.07,289.07,198.47,90.6
502031,2025-04-06,109,2,246.09,492.18,164.16,163.86
502032,2025-04-06,112,1,175.04,175.04,132.75,42.29
502033,2025-04-06,118,3,256.08,768.24,198.94,171.42
502034,2025-04-06,119,2,198.83,397.66,137.36,122.94
502035,2025-04-06,123,1,315.18,315.18,190.92,124.26
502036,2025-04-06,142,1,58.26,58.26,34.86,23.4
502037,2025-04-06,143,1,323.71,323.71,237.32,86.39
502038,2025-04-06,145,1,55.05,55.05,35.61,19.44
502039,2025-04-06,146,1,111.1,111.1,78.58,32.52
502040,2025-04-06,149,2,288.99,577.98,208.97,160.04
502041,2025-04-06,151,2,59.95,119.9,36.25,47.4
502042,2025-04-06,152,1,214.28,214.28,169.22,45.06
502043,2025-04-06,159,2,243.51,487.02,158.58,169.86
502044,2025-04-06,160,1,170.86,170.86,126.42,44.44
502045,2025-04-06,166,2,183.2,366.4,138.4,89.6
502046,2025-04-06,168,1,289.8,289.8,228.17,61.63
506003,2025-04-06,128,1,126.0,126.0,85.72,40.28
502047,2025-04-07,110,1,292.13,292.13,215.55,76.58
502048,2025-04-07,112,1,175.04,175.04,132.75,42.29
502049,2025-04-07,119,1,198.83,198.83,137.36,61.47
502050,2025-04-07,123,1,315.18,315.18,190.92,124.26
502051,2025-04-07,134,3,37.23,111.69,28.02,27.63
502052,2025-04-07,138,1,315.76,315.76,216.53,99.23
502053,2025-04-07,139,2,143.43,286.86,101.37,84.12
502054,2025-04-07,142,2,58.26,116.52,34.86,46.8
502055,2025-04-07,143,4,323.71,1294.84,237.32,345.56
502056,2025-04-07,149,2,288.99,577.98,208.97,160.04
502057,2025-04-07,151,1,59.95,59.95,36.25,23.7
502058,2025-04-07,152,1,214.28,214.28,169.22,45.06
502059,2025-04-07,156,2,71.91,143.82,55.69,32.44
502060,2025-04-07,158,1,192.52,192.52,134.46,58.06
502061,2025-04-07,159,2,243.51,487.02,158.58,169.86
502062,2025-04-07,160,1,170.86,170.86,126.42,44.44
502063,2025-04-07,170,1,154.1,154.1,94.54,59.56
505917,2025-04-07,115,1,92.47,92.47,56.54,35.93
502064,2025-04-08,104,1,401.59,401.59,243.11,158.48
502065,2025-04-08,105,1,338.49,338.49,242.36,96.13
502066,2025-04-08,106,3,249.43,748.29,172.41,231.06
502067,2025-04-08,108,2,289.07,578.14,198.47,181.2
502068,2025-04-08,110,1,292.13,292.13,215.55,76.58
502069,2025-04-08,116,2,50.07,100.14,34.84,30.46
502070,2025-04-08,118,1,256.08,256.08,198.94,57.14
502071,2025-04-08,119,3,198.83,596.49,137.36,184.41
502072,2025-04-08,130,1,250.88,250.88,199.42,51.46
502073,2025-04-08,131,1,333.06,333.06,218.92,114.14
502074,2025-04-08,135,1,272.98,272.98,215.02,57.96
502075,2025-04-08,139,2,143.43,286.86,101.37,84.12
502076,2025-04-08,142,1,58.26,58.26,34.86,23.4
502077,2025-04-08,148,1,69.95,69.95,42.84,27.11
502078,2025-04-08,151,1,59.95,59.95,36.25,23.7
502079,2025-04-08,158,1,192.52,192.52,134.46,58.06
502080,2025-04-08,161,1,299.5,299.5,200.05,99.45
502081,2025-04-08,164,1,342.45,342.45,209.39,133.06
502082,2025-04-08,165,1,273.04,273.04,196.44,76.6
502083,2025-04-08,166,1,183.2,183.2,138.4,44.8
502084,2025-04-08,167,3,70.09,210.27,48.28,65.43
502085,2025-04-08,169,1,117.76,117.76,72.26,45.5
502086,2025-04-08,170,1,154.1,154.1,94.54,59.56
506143,2025-04-08,144,2,219.65,439.3,137.82,163.66
502087,2025-04-09,101,2,193.32,386.64,118.14,150.36
502088,2025-04-09,105,3,338.49,1015.47,242.36,288.39
502089,2025-04-09,109,1,246.09,246.09,164.16,81.93
502090,2025-04-09,110,3,292.13,876.39,215.55,229.74
502091,2025-04-09,119,3,198.83,596.49,137.36,184.41
502092,2025-04-09,125,1,86.82,86.82,57.13,29.69
502093,2025-04-09,131,1,333.06,333.06,218.92,114.14
502094,2025-04-09,134,1,37.23,37.23,28.02,9.21
502095,2025-04-09,135,4,272.98,1091.92,215.02,231.84
502096,2025-04-09,139,2,143.43,286.86,101.37,84.12
502097,2025-04-09,142,2,58.26,116.52,34.86,46.8
502098,2025-04-09,143,1,323.71,323.71,237.32,86.39
502099,2025-04-09,151,2,59.95,119.9,36.25,47.4
502100,2025-04-09,156,1,71.91,71.91,55.69,16.22
502101,2025-04-09,157,1,82.29,82.29,49.11,33.18
502102,2025-04-09,158,1,192.52,192.52,134.46,58.06
502103,2025-04-09,159,2,243.51,487.02,158.58,169.86
502104,2025-04-09,166,3,183.2,549.6,138.4,134.4
502105,2025-04-09,167,2,70.09,140.18,48.28,43.62
502106,2025-04-09,170,1,154.1,154.1,94.54,59.56
506110,2025-04-09,137,2,395.0,790.0,245.2,299.6
502107,2025-04-10,109,1,246.09,246.09,164.16,81.93
502108,2025-04-10,110,1,292.13,292.13,215.55,76.58
502109,2025-04-10,112,3,175.04,525.12,132.75,126.87
502110,2025-04-10,116,2,50.07,100.14,34.84,30.46
502111,2025-04-10,126,1,61.33,61.33,48.82,12.51
502112,2025-04-10,127,1,99.85,99.85,61.95,37.9
502113,2025-04-10,129,1,52.38,52.38,39.89,12.49
502114,2025-04-10,131,2,333.06,666.12,218.92,228.28
502115,2025-04-10,135,1,272.98,272.98,215.02,57.96
502116,2025-04-10,138,1,315.76,315.76,216.53,99.23
502117,2025-04-10,139,1,143.43,143.43,101.37,42.06
502118,2025-04-10,143,5,323.71,1618.55,237.32,431.95
502119,2025-04-10,145,2,55.05,110.1,35.61,38.88
502120,2025-04-10,149,1,288.99,288.99,208.97,80.02
502121,2025-04-10,151,1,59.95,59.95,36.25,23.7
502122,2025-04-10,156,1,71.91,71.91,55.69,16.22
502123,2025-04-10,158,2,192.52,385.04,134.46,116.12
502124,2025-04-10,159,5,243.51,1217.55,158.58,424.65
502125,2025-04-10,160,1,170.86,170.86,126.42,44.44
502126,2025-04-10,161,3,299.5,898.5,200.05,298.35
502127,2025-04-10,167,1,70.09,70.09,48.28,21.81
502128,2025-04-10,168,1,289.8,289.8,228.17,61.63
502129,2025-04-10,170,4,154.1,616.4,94.54,238.24
505969,2025-04-10,121,2,35.68,71.36,23.79,23.78
506171,2025-04-10,153,2,45.82,91.64,28.45,34.74
502130,2025-04-11,101,1,193.32,193.32,118.14,75.18
502131,2025-04-11,106,2,249.43,498.86,172.41,154.04
502132,2025-04-11,112,2,175.04,350.08,132.75,84.58
502133,2025-04-11,116,1,50.07,50.07,34.84,15.23
502134,2025-04-11,117,1,91.8,91.8,55.09,36.71
502135,2025-04-11,118,2,256.08,512.16,198.94,114.28
502136,2025-04-11,123,2,315.18,630.36,190.92,248.52
502137,2025-04-11,125,1,86.82,86.82,57.13,29.69
502138,2025-04-11,126,1,61.33,61.33,48.82,12.51
502139,2025-04-11,139,1,143.43,143.43,101.37,42.06
502140,2025-04-11,143,3,323.71,971.13,237.32,259.17
502141,2025-04-11,146,1,111.1,111.1,78.58,32.52
502142,2025-04-11,149,1,288.99,288.99,208.97,80.02
502143,2025-04-11,151,2,59.95,119.9,36.25,47.4
502144,2025-04-11,152,2,214.28,428.56,169.22,90.12
502145,2025-04-11,158,1,192.52,192.52,134.46,58.06
502146,2025-04-11,167,2,70.09,140.18,48.28,43.62
502147,2025-04-11,169,1,117.76,117.76,72.26,45.5
502148,2025-04-11,170,1,154.1,154.1,94.54,59.56
506109,2025-04-11,137,2,395.0,790.0,245.2,299.6
502149,2025-04-12,104,2,401.59,803.18,243.11,316.96
502150,2025-04-12,105,1,338.49,338.49,242.36,96.13
502151,2025-04-12,106,1,249.43,249.43,172.41,77.02
502152,2025-04-12,108,1,289.07,289.07,198.47,90.6
502153,2025-04-12,112,2,175.04,350.08,132.75,84.58
502154,2025-04-12,117,2,91.8,183.6,55.09,73.42
502155,2025-04-12,119,1,198.83,198.83,137.36,61.47
502156,2025-04-12,122,1,185.72,185.72,136.04,49.68
502157,2025-04-12,123,1,315.18,315.18,190.92,124.26
502158,2025-04-12,131,1,333.06,333.06,218.92,114.14
502159,2025-04-12,135,1,272.98,272.98,215.02,57.96
502160,2025-04-12,142,2,58.26,116.52,34.86,46.8
502161,2025-04-12,151,3,59.95,179.85,36.25,71.1
502162,2025-04-12,158,2,192.52,385.04,134.46,116.12
502163,2025-04-12,159,1,243.51,243.51,158.58,84.93
502164,2025-04-12,167,3,70.09,210.27,48.28,65.43
502165,2025-04-12,168,1,289.8,289.8,228.17,61.63
502166,2025-04-12,170,4,154.1,616.4,94.54,238.24
506073,2025-04-12,136,2,152.73,305.46,102.8,99.86
502167,2025-04-13,101,1,193.32,193.32,118.14,75.18
502168,2025-04-13,104,1,401.59,401.59,243.11,158.48
502169,2025-04-13,106,2,249.43,498.86,172.41,154.04
502170,2025-04-13,108,1,289.07,289.07,198.47,90.6
502171,2025-04-13,110,1,292.13,292.13,215.55,76.58
502172,2025-04-13,112,1,175.04,175.04,132.75,42.29
502173,2025-04-13,116,1,50.07,50.07,34.84,15.23
502174,2025-04-13,117,1,91.8,91.8,55.09,36.71
502175,2025-04-13,119,1,198.83,198.83,137.36,61.47
502176,2025-04-13,122,1,185.72,185.72,136.04,49.68
502177,2025-04-13,123,1,315.18,315.18,190.92,124.26
502178,2025-04-13,127,1,99.85,99.85,61.95,37.9
502179,2025-04-13,131,4,333.06,1332.24,218.92,456.56
502180,2025-04-13,134,1,37.23,37.23,28.02,9.21
502181,2025-04-13,135,2,272.98,545.96,215.02,115.92
502182,2025-04-13,138,1,315.76,315.76,216.53,99.23
502183,2025-04-13,142,2,58.26,116.52,34.86,46.8
502184,2025-04-13,146,1,111.1,111.1,78.58,32.52
502185,2025-04-13,151,3,59.95,179.85,36.25,71.1
502186,2025-04-13,152,1,214.28,214.28,169.22,45.06
502187,2025-04-13,158,1,192.52,192.52,134.46,58.06
502188,2025-04-13,159,1,243.51,243.51,158.58,84.93
502189,2025-04-13,161,3,299.5,898.5,200.05,298.35
502190,2025-04-13,166,1,183.2,183.2,138.4,44.8
502191,2025-04-13,167,2,70.09,140.18,48.28,43.62
502192,2025-04-13,168,1,289.8,289.8,228.17,61.63
502193,2025-04-13,170,3,154.1,462.3,94.54,178.68
506074,2025-04-13,136,1,152.73,152.73,102.8,49.93
502194,2025-04-14,101,1,193.32,193.32,118.14,75.18
502195,2025-04-14,104,1,401.59,401.59,243.11,158.48
502196,2025-04-14,106,2,249.43,498.86,172.41,154.04
502197,2025-04-14,109,1,246.09,246.09,164.16,81.93
502198,2025-04-14,110,1,292.13,292.13,215.55,76.58
502199,2025-04-14,112,2,175.04,350.08,132.75,84.58
502200,2025-04-14,116,1,50.07,50.07,34.84,15.23
502201,2025-04-14,117,2,91.8,183.6,55.09,73.42
502202,2025-04-14,119,3,198.83,596.49,137.36,184.41
502203,2025-04-14,123,1,315.18,315.18,190.92,124.26
502204,2025-04-14,126,1,61.33,61.33,48.82,12.51
502205,2025-04-14,131,1,333.06,333.06,218.92,114.14
502206,2025-04-14,134,1,37.23,37.23,28.02,9.21
502207,2025-04-14,138,1,315.76,315.76,216.53,99.23
502208,2025-04-14,139,1,143.43,143.43,101.37,42.06
502209,2025-04-14,141,1,251.72,251.72,187.7,64.02
502210,2025-04-14,142,1,58.26,58.26,34.86,23.4
502211,2025-04-14,143,2,323.71,647.42,237.32,172.78
502212,2025-04-14,145,1,55.05,55.05,35.61,19.44
502213,2025-04-14,149,1,288.99,288.99,208.97,80.02
502214,2025-04-14,151,2,59.95,119.9,36.25,47.4
502215,2025-04-14,152,1,214.28,214.28,169.22,45.06
502216,2025-04-14,156,2,71.91,143.82,55.69,32.44
502217,2025-04-14,158,1,192.52,192.52,134.46,58.06
502218,2025-04-14,160,1,170.86,170.86,126.42,44.44
502219,2025-04-14,166,1,183.2,183.2,138.4,44.8
502220,2025-04-14,168,1,289.8,289.8,228.17,61.63
502221,2025-04-14,170,3,154.1,462.3,94.54,178.68
506199,2025-04-14,154,2,65.52,131.04,44.36,42.32
502222,2025-04-15,101,3,193.32,579.96,118.14,225.54
502223,2025-04-15,105,1,338.49,338.49,242.36,96.13
502224,2025-04-15,106,1,249.43,249.43,172.41,77.02
502225,2025-04-15,110,1,292.13,292.13,215.55,76.58
502226,2025-04-15,117,1,91.8,91.8,55.09,36.71
502227,2025-04-15,119,2,198.83,397.66,137.36,122.94
502228,2025-04-15,126,1,61.33,61.33,48.82,12.51
502229,2025-04-15,131,1,333.06,333.06,218.92,114.14
502230,2025-04-15,139,1,143.43,143.43,101.37,42.06
502231,2025-04-15,142,2,58.26,116.52,34.86,46.8
502232,2025-04-15,143,1,323.71,323.71,237.32,86.39
502233,2025-04-15,149,2,288.99,577.98,208.97,160.04
502234,2025-04-15,151,1,59.95,59.95,36.25,23.7
502235,2025-04-15,156,3,71.91,215.73,55.69,48.66
502236,2025-04-15,158,1,192.52,192.52,134.46,58.06
502237,2025-04-15,159,2,243.51,487.02,158.58,169.86
502238,2025-04-15,161,1,299.5,299.5,200.05,99.45
502239,2025-04-15,164,1,342.45,342.45,209.39,133.06
502240,2025-04-15,167,1,70.09,70.09,48.28,21.81
502241,2025-04-15,170,1,154.1,154.1,94.54,59.56
506075,2025-04-15,136,2,152.73,305.46,102.8,99.86
506144,2025-04-15,144,2,219.65,439.3,137.82,163.66
502242,2025-04-16,106,1,249.43,249.43,172.41,77.02
502243,2025-04-16,116,2,50.07,100.14,34.84,30.46
502244,2025-04-16,118,2,256.08,512.16,198.94,114.28
502245,2025-04-16,119,2,198.83,397.66,137.36,122.94
502246,2025-04-16,127,1,99.85,99.85,61.95,37.9
502247,2025-04-16,131,2,333.06,666.12,218.92,228.28
502248,2025-04-16,138,1,315.76,315.76,216.53,99.23
502249,2025-04-16,139,2,143.43,286.86,101.37,84.12
502250,2025-04-16,141,2,251.72,503.44,187.7,128.04
502251,2025-04-16,142,2,58.26,116.52,34.86,46.8
502252,2025-04-16,143,1,323.71,323.71,237.32,86.39
502253,2025-04-16,145,1,55.05,55.05,35.61,19.44
502254,2025-04-16,149,1,288.99,288.99,208.97,80.02
502255,2025-04-16,151,1,59.95,59.95,36.25,23.7
502256,2025-04-16,156,3,71.91,215.73,55.69,48.66
502257,2025-04-16,157,3,82.29,246.87,49.11,99.54
502258,2025-04-16,158,1,192.52,192.52,134.46,58.06
502259,2025-04-16,159,3,243.51,730.53,158.58,254.79
502260,2025-04-16,164,1,342.45,342.45,209.39,133.06
502261,2025-04-16,166,2,183.2,366.4,138.4,89.6
502262,2025-04-16,167,4,70.09,280.36,48.28,87.24
502263,2025-04-16,168,3,289.8,869.4,228.17,184.89
502264,2025-04-16,170,2,154.1,308.2,94.54,119.12
505970,2025-04-16,121,1,35.68,35.68,23.79,11.89
505991,2025-04-16,124,1,59.0,59.0,37.2,21.8
506076,2025-04-16,136,1,152.73,152.73,102.8,49.93
502265,2025-04-17,101,1,193.32,193.32,118.14,75.18
502266,2025-04-17,110,1,292.13,292.13,215.55,76.58
502267,2025-04-17,112,1,175.04,175.04,132.75,42.29
502268,2025-04-17,118,1,256.08,256.08,198.94,57.14
502269,2025-04-17,119,4,198.83,795.32,137.36,245.88
502270,2025-04-17,131,1,333.06,333.06,218.92,114.14
502271,2025-04-17,142,1,58.26,58.26,34.86,23.4
502272,2025-04-17,143,2,323.71,647.42,237.32,172.78
502273,2025-04-17,150,1,410.26,410.26,249.3,160.96
502274,2025-04-17,151,1,59.95,59.95,36.25,23.7
502275,2025-04-17,152,1,214.28,214.28,169.22,45.06
502276,2025-04-17,156,1,71.91,71.91,55.69,16.22
502277,2025-04-17,157,1,82.29,82.29,49.11,33.18
502278,2025-04-17,158,1,192.52,192.52,134.46,58.06
502279,2025-04-17,164,1,342.45,342.45,209.39,133.06
502280,2025-04-17,170,3,154.1,462.3,94.54,178.68
502281,2025-04-18,101,1,193.32,193.32,118.14,75.18
502282,2025-04-18,106,3,249.43,748.29,172.41,231.06
502283,2025-04-18,110,1,292.13,292.13,215.55,76.58
502284,2025-04-18,112,2,175.04,350.08,132.75,84.58
502285,2025-04-18,116,1,50.07,50.07,34.84,15.23
502286,2025-04-18,118,1,256.08,256.08,198.94,57.14
502287,2025-04-18,127,2,99.85,199.7,61.95,75.8
502288,2025-04-18,134,3,37.23,111.69,28.02,27.63
502289,2025-04-18,135,1,272.98,272.98,215.02,57.96
502290,2025-04-18,142,2,58.26,116.52,34.86,46.8
502291,2025-04-18,149,1,288.99,288.99,208.97,80.02
502292,2025-04-18,150,1,410.26,410.26,249.3,160.96
502293,2025-04-18,151,2,59.95,119.9,36.25,47.4
502294,2025-04-18,152,1,214.28,214.28,169.22,45.06
502295,2025-04-18,160,1,170.86,170.86,126.42,44.44
502296,2025-04-18,161,1,299.5,299.5,200.05,99.45
502297,2025-04-18,164,1,342.45,342.45,209.39,133.06
502298,2025-04-18,166,2,183.2,366.4,138.4,89.6
502299,2025-04-18,168,1,289.8,289.8,228.17,61.63
502300,2025-04-18,169,1,117.76,117.76,72.26,45.5
502301,2025-04-19,104,1,401.59,401.59,243.11,158.48
502302,2025-04-19,106,1,249.43,249.43,172.41,77.02
502303,2025-04-19,109,1,246.09,246.09,164.16,81.93
502304,2025-04-19,110,2,292.13,584.26,215.55,153.16
502305,2025-04-19,112,1,175.04,175.04,132.75,42.29
502306,2025-04-19,116,1,50.07,50.07,34.84,15.23
502307,2025-04-19,118,1,256.08,256.08,198.94,57.14
502308,2025-04-19,119,1,198.83,198.83,137.36,61.47
502309,2025-04-19,123,1,315.18,315.18,190.92,124.26
502310,2025-04-19,131,1,333.06,333.06,218.92,114.14
502311,2025-04-19,134,2,37.23,74.46,28.02,18.42
502312,2025-04-19,141,1,251.72,251.72,187.7,64.02
502313,2025-04-19,142,2,58.26,116.52,34.86,46.8
502314,2025-04-19,148,1,69.95,69.95,42.84,27.11
502315,2025-04-19,150,1,410.26,410.26,249.3,160.96
502316,2025-04-19,151,1,59.95,59.95,36.25,23.7
502317,2025-04-19,156,1,71.91,71.91,55.69,16.22
502318,2025-04-19,158,2,192.52,385.04,134.46,116.12
502319,2025-04-19,159,4,243.51,974.04,158.58,339.72
502320,2025-04-19,164,2,342.45,684.9,209.39,266.12
502321,2025-04-19,166,2,183.2,366.4,138.4,89.6
502322,2025-04-19,167,2,70.09,140.18,48.28,43.62
502323,2025-04-19,168,2,289.8,579.6,228.17,123.26
502324,2025-04-19,170,2,154.1,308.2,94.54,119.12
505865,2025-04-19,103,2,102.57,205.14,68.4,68.34
505992,2025-04-19,124,2,59.0,118.0,37.2,43.6
506053,2025-04-19,133,1,115.61,115.61,87.93,27.68
502325,2025-04-20,106,1,249.43,249.43,172.41,77.02
502326,2025-04-20,118,1,256.08,256.08,198.94,57.14
502327,2025-04-20,123,1,315.18,315.18,190.92,124.26
502328,2025-04-20,130,1,250.88,250.88,199.42,51.46
502329,2025-04-20,141,1,251.72,251.72,187.7,64.02
502330,2025-04-20,142,1,58.26,58.26,34.86,23.4
502331,2025-04-20,143,1,323.71,323.71,237.32,86.39
502332,2025-04-20,146,2,111.1,222.2,78.58,65.04
502333,2025-04-20,151,1,59.95,59.95,36.25,23.7
502334,2025-04-20,156,1,71.91,71.91,55.69,16.22
502335,2025-04-20,157,1,82.29,82.29,49.11,33.18
502336,2025-04-20,158,2,192.52,385.04,134.46,116.12
502337,2025-04-20,160,1,170.86,170.86,126.42,44.44
502338,2025-04-20,164,1,342.45,342.45,209.39,133.06
502339,2025-04-20,166,1,183.2,183.2,138.4,44.8
502340,2025-04-20,167,1,70.09,70.09,48.28,21.81
505866,2025-04-20,103,2,102.57,205.14,68.4,68.34
506200,2025-04-20,154,1,65.52,65.52,44.36,21.16
502341,2025-04-21,104,1,401.59,401.59,243.11,158.48
502342,2025-04-21,106,1,249.43,249.43,172.41,77.02
502343,2025-04-21,110,1,292.13,292.13,215.55,76.58
502344,2025-04-21,112,1,175.04,175.04,132.75,42.29
502345,2025-04-21,118,1,256.08,256.08,198.94,57.14
502346,2025-04-21,119,1,198.83,198.83,137.36,61.47
502347,2025-04-21,127,1,99.85,99.85,61.95,37.9
502348,2025-04-21,131,2,333.06,666.12,218.92,228.28
502349,2025-04-21,134,2,37.23,74.46,28.02,18.42
502350,2025-04-21,141,1,251.72,251.72,187.7,64.02
502351,2025-04-21,142,2,58.26,116.52,34.86,46.8
502352,2025-04-21,143,1,323.71,323.71,237.32,86.39
502353,2025-04-21,145,1,55.05,55.05,35.61,19.44
502354,2025-04-21,151,2,59.95,119.9,36.25,47.4
502355,2025-04-21,152,1,214.28,214.28,169.22,45.06
502356,2025-04-21,156,1,71.91,71.91,55.69,16.22
502357,2025-04-21,157,1,82.29,82.29,49.11,33.18
502358,2025-04-21,158,1,192.52,192.52,134.46,58.06
502359,2025-04-21,159,3,243.51,730.53,158.58,254.79
502360,2025-04-21,163,1,271.41,271.41,212.87,58.54
502361,2025-04-21,164,1,342.45,342.45,209.39,133.06
502362,2025-04-21,165,1,273.04,273.04,196.44,76.6
502363,2025-04-21,166,2,183.2,366.4,138.4,89.6
502364,2025-04-21,167,1,70.09,70.09,48.28,21.81
502365,2025-04-21,168,1,289.8,289.8,228.17,61.63
502366,2025-04-21,170,3,154.1,462.3,94.54,178.68
505834,2025-04-21,102,1,65.53,65.53,45.11,20.42
506172,2025-04-21,153,1,45.82,45.82,28.45,17.37
502367,2025-04-22,101,3,193.32,579.96,118.14,225.54
502368,2025-04-22,104,1,401.59,401.59,243.11,158.48
502369,2025-04-22,106,2,249.43,498.86,172.41,154.04
502370,2025-04-22,110,1,292.13,292.13,215.55,76.58
502371,2025-04-22,112,2,175.04,350.08,132.75,84.58
502372,2025-04-22,118,2,256.08,512.16,198.94,114.28
502373,2025-04-22,119,1,198.83,198.83,137.36,61.47
502374,2025-04-22,123,1,315.18,315.18,190.92,124.26
502375,2025-04-22,127,1,99.85,99.85,61.95,37.9
502376,2025-04-22,131,1,333.06,333.06,218.92,114.14
502377,2025-04-22,135,1,272.98,272.98,215.02,57.96
502378,2025-04-22,138,1,315.76,315.76,216.53,99.23
502379,2025-04-22,139,1,143.43,143.43,101.37,42.06
502380,2025-04-22,142,2,58.26,116.52,34.86,46.8
502381,2025-04-22,143,3,323.71,971.13,237.32,259.17
502382,2025-04-22,151,2,59.95,119.9,36.25,47.4
502383,2025-04-22,156,1,71.91,71.91,55.69,16.22
502384,2025-04-22,158,3,192.52,577.56,134.46,174.18
502385,2025-04-22,163,1,271.41,271.41,212.87,58.54
502386,2025-04-22,164,1,342.45,342.45,209.39,133.06
502387,2025-04-22,165,1,273.04,273.04,196.44,76.6
502388,2025-04-22,166,2,183.2,366.4,138.4,89.6
502389,2025-04-22,167,2,70.09,140.18,48.28,43.62
505835,2025-04-22,102,1,65.53,65.53,45.11,20.42
502390,2025-04-23,104,2,401.59,803.18,243.11,316.96
502391,2025-04-23,105,1,338.49,338.49,242.36,96.13
502392,2025-04-23,106,1,249.43,249.43,172.41,77.02
502393,2025-04-23,109,1,246.09,246.09,164.16,81.93
502394,2025-04-23,112,1,175.04,175.04,132.75,42.29
502395,2025-04-23,119,3,198.83,596.49,137.36,184.41
502396,2025-04-23,130,1,250.88,250.88,199.42,51.46
502397,2025-04-23,134,1,37.23,37.23,28.02,9.21
502398,2025-04-23,135,1,272.98,272.98,215.02,57.96
502399,2025-04-23,138,1,315.76,315.76,216.53,99.23
502400,2025-04-23,139,1,143.43,143.43,101.37,42.06
502401,2025-04-23,141,1,251.72,251.72,187.7,64.02
502402,2025-04-23,142,1,58.26,58.26,34.86,23.4
502403,2025-04-23,143,1,323.71,323.71,237.32,86.39
502404,2025-04-23,151,2,59.95,119.9,36.25,47.4
502405,2025-04-23,152,1,214.28,214.28,169.22,45.06
502406,2025-04-23,155,1,123.41,123.41,78.63,44.78
502407,2025-04-23,156,1,71.91,71.91,55.69,16.22
502408,2025-04-23,157,1,82.29,82.29,49.11,33.18
502409,2025-04-23,158,2,192.52,385.04,134.46,116.12
502410,2025-04-23,159,2,243.51,487.02,158.58,169.86
502411,2025-04-23,161,1,299.5,299.5,200.05,99.45
502412,2025-04-23,164,1,342.45,342.45,209.39,133.06
502413,2025-04-23,167,2,70.09,140.18,48.28,43.62
502414,2025-04-23,168,1,289.8,289.8,228.17,61.63
506111,2025-04-23,137,2,395.0,790.0,245.2,299.6
502415,2025-04-24,101,2,193.32,386.64,118.14,150.36
502416,2025-04-24,104,1,401.59,401.59,243.11,158.48
502417,2025-04-24,105,1,338.49,338.49,242.36,96.13
502418,2025-04-24,109,1,246.09,246.09,164.16,81.93
502419,2025-04-24,110,7,292.13,2044.91,215.55,536.06
502420,2025-04-24,112,1,175.04,175.04,132.75,42.29
502421,2025-04-24,118,2,256.08,512.16,198.94,114.28
502422,2025-04-24,119,2,198.83,397.66,137.36,122.94
502423,2025-04-24,122,1,185.72,185.72,136.04,49.68
502424,2025-04-24,126,1,61.33,61.33,48.82,12.51
502425,2025-04-24,127,1,99.85,99.85,61.95,37.9
502426,2025-04-24,131,1,333.06,333.06,218.92,114.14
502427,2025-04-24,139,1,143.43,143.43,101.37,42.06
502428,2025-04-24,143,4,323.71,1294.84,237.32,345.56
502429,2025-04-24,148,1,69.95,69.95,42.84,27.11
502430,2025-04-24,149,1,288.99,288.99,208.97,80.02
502431,2025-04-24,151,3,59.95,179.85,36.25,71.1
502432,2025-04-24,152,1,214.28,214.28,169.22,45.06
502433,2025-04-24,156,5,71.91,359.55,55.69,81.1
502434,2025-04-24,158,2,192.52,385.04,134.46,116.12
502435,2025-04-24,160,1,170.86,170.86,126.42,44.44
502436,2025-04-24,164,1,342.45,342.45,209.39,133.06
502437,2025-04-24,166,1,183.2,183.2,138.4,44.8
502438,2025-04-24,167,2,70.09,140.18,48.28,43.62
502439,2025-04-24,168,2,289.8,579.6,228.17,123.26
505836,2025-04-24,102,1,65.53,65.53,45.11,20.42
506077,2025-04-24,136,2,152.73,305.46,102.8,99.86
502440,2025-04-25,105,1,338.49,338.49,242.36,96.13
502441,2025-04-25,106,2,249.43,498.86,172.41,154.04
502442,2025-04-25,110,2,292.13,584.26,215.55,153.16
502443,2025-04-25,112,1,175.04,175.04,132.75,42.29
502444,2025-04-25,116,1,50.07,50.07,34.84,15.23
502445,2025-04-25,118,3,256.08,768.24,198.94,171.42
502446,2025-04-25,131,1,333.06,333.06,218.92,114.14
502447,2025-04-25,135,1,272.98,272.98,215.02,57.96
502448,2025-04-25,142,2,58.26,116.52,34.86,46.8
502449,2025-04-25,143,1,323.71,323.71,237.32,86.39
502450,2025-04-25,148,2,69.95,139.9,42.84,54.22
502451,2025-04-25,151,1,59.95,59.95,36.25,23.7
502452,2025-04-25,155,1,123.41,123.41,78.63,44.78
502453,2025-04-25,156,1,71.91,71.91,55.69,16.22
502454,2025-04-25,159,1,243.51,243.51,158.58,84.93
502455,2025-04-25,164,2,342.45,684.9,209.39,266.12
502456,2025-04-25,165,1,273.04,273.04,196.44,76.6
502457,2025-04-25,166,4,183.2,732.8,138.4,179.2
502458,2025-04-25,167,1,70.09,70.09,48.28,21.81
502459,2025-04-25,168,2,289.8,579.6,228.17,123.26
502460,2025-04-25,170,2,154.1,308.2,94.54,119.12
505993,2025-04-25,124,1,59.0,59.0,37.2,21.8
506078,2025-04-25,136,2,152.73,305.46,102.8,99.86
502461,2025-04-26,106,1,249.43,249.43,172.41,77.02
502462,2025-04-26,112,1,175.04,175.04,132.75,42.29
502463,2025-04-26,117,2,91.8,183.6,55.09,73.42
502464,2025-04-26,118,1,256.08,256.08,198.94,57.14
502465,2025-04-26,119,2,198.83,397.66,137.36,122.94
502466,2025-04-26,130,1,250.88,250.88,199.42,51.46
502467,2025-04-26,134,1,37.23,37.23,28.02,9.21
502468,2025-04-26,141,2,251.72,503.44,187.7,128.04
502469,2025-04-26,142,1,58.26,58.26,34.86,23.4
502470,2025-04-26,143,1,323.71,323.71,237.32,86.39
502471,2025-04-26,146,1,111.1,111.1,78.58,32.52
502472,2025-04-26,151,3,59.95,179.85,36.25,71.1
502473,2025-04-26,156,1,71.91,71.91,55.69,16.22
502474,2025-04-26,158,1,192.52,192.52,134.46,58.06
502475,2025-04-26,159,1,243.51,243.51,158.58,84.93
502476,2025-04-26,160,1,170.86,170.86,126.42,44.44
502477,2025-04-26,165,1,273.04,273.04,196.44,76.6
502478,2025-04-26,166,1,183.2,183.2,138.4,44.8
502479,2025-04-26,168,1,289.8,289.8,228.17,61.63
502480,2025-04-26,170,2,154.1,308.2,94.54,119.12
505971,2025-04-26,121,1,35.68,35.68,23.79,11.89
502481,2025-04-27,101,1,193.32,193.32,118.14,75.18
502482,2025-04-27,104,2,401.59,803.18,243.11,316.96
502483,2025-04-27,105,1,338.49,338.49,242.36,96.13
502484,2025-04-27,110,1,292.13,292.13,215.55,76.58
502485,2025-04-27,112,2,175.04,350.08,132.75,84.58
502486,2025-04-27,118,1,256.08,256.08,198.94,57.14
502487,2025-04-27,126,1,61.33,61.33,48.82,12.51
502488,2025-04-27,131,2,333.06,666.12,218.92,228.28
502489,2025-04-27,139,1,143.43,143.43,101.37,42.06
502490,2025-04-27,142,2,58.26,116.52,34.86,46.8
502491,2025-04-27,143,3,323.71,971.13,237.32,259.17
502492,2025-04-27,149,1,288.99,288.99,208.97,80.02
502493,2025-04-27,152,1,214.28,214.28,169.22,45.06
502494,2025-04-27,156,1,71.91,71.91,55.69,16.22
502495,2025-04-27,158,1,192.52,192.52,134.46,58.06
502496,2025-04-27,159,1,243.51,243.51,158.58,84.93
502497,2025-04-27,160,1,170.86,170.86,126.42,44.44
502498,2025-04-27,161,1,299.5,299.5,200.05,99.45
502499,2025-04-27,167,1,70.09,70.09,48.28,21.81
502500,2025-04-27,170,2,154.1,308.2,94.54,119.12
505867,2025-04-27,103,2,102.57,205.14,68.4,68.34
505868,2025-04-27,103,1,102.57,102.57,68.4,34.17
506079,2025-04-27,136,1,152.73,152.73,102.8,49.93
502501,2025-04-28,101,1,193.32,193.32,118.14,75.18
502502,2025-04-28,106,4,249.43,997.72,172.41,308.08
502503,2025-04-28,110,1,292.13,292.13,215.55,76.58
502504,2025-04-28,112,2,175.04,350.08,132.75,84.58
502505,2025-04-28,122,1,185.72,185.72,136.04,49.68
502506,2025-04-28,123,1,315.18,315.18,190.92,124.26
502507,2025-04-28,125,1,86.82,86.82,57.13,29.69
502508,2025-04-28,126,1,61.33,61.33,48.82,12.51
502509,2025-04-28,131,1,333.06,333.06,218.92,114.14
502510,2025-04-28,135,1,272.98,272.98,215.02,57.96
502511,2025-04-28,139,1,143.43,143.43,101.37,42.06
502512,2025-04-28,142,2,58.26,116.52,34.86,46.8
502513,2025-04-28,143,3,323.71,971.13,237.32,259.17
502514,2025-04-28,145,1,55.05,55.05,35.61,19.44
502515,2025-04-28,151,1,59.95,59.95,36.25,23.7
502516,2025-04-28,152,1,214.28,214.28,169.22,45.06
502517,2025-04-28,156,2,71.91,143.82,55.69,32.44
502518,2025-04-28,157,1,82.29,82.29,49.11,33.18
502519,2025-04-28,158,2,192.52,385.04,134.46,116.12
502520,2025-04-28,159,1,243.51,243.51,158.58,84.93
502521,2025-04-28,161,1,299.5,299.5,200.05,99.45
502522,2025-04-28,163,1,271.41,271.41,212.87,58.54
502523,2025-04-28,164,1,342.45,342.45,209.39,133.06
502524,2025-04-28,166,3,183.2,549.6,138.4,134.4
502525,2025-04-28,167,3,70.09,210.27,48.28,65.43
502526,2025-04-28,170,1,154.1,154.1,94.54,59.56
502527,2025-04-29,101,1,193.32,193.32,118.14,75.18
502528,2025-04-29,104,1,401.59,401.59,243.11,158.48
502529,2025-04-29,105,1,338.49,338.49,242.36,96.13
502530,2025-04-29,106,1,249.43,249.43,172.41,77.02
502531,2025-04-29,112,1,175.04,175.04,132.75,42.29
502532,2025-04-29,118,1,256.08,256.08,198.94,57.14
502533,2025-04-29,119,1,198.83,198.83,137.36,61.47
502534,2025-04-29,123,1,315.18,315.18,190.92,124.26
502535,2025-04-29,126,1,61.33,61.33,48.82,12.51
502536,2025-04-29,127,1,99.85,99.85,61.95,37.9
502537,2025-04-29,131,5,333.06,1665.3,218.92,570.7
502538,2025-04-29,134,1,37.23,37.23,28.02,9.21
502539,2025-04-29,138,1,315.76,315.76,216.53,99.23
502540,2025-04-29,141,1,251.72,251.72,187.7,64.02
502541,2025-04-29,143,3,323.71,971.13,237.32,259.17
502542,2025-04-29,146,1,111.1,111.1,78.58,32.52
502543,2025-04-29,149,3,288.99,866.97,208.97,240.06
502544,2025-04-29,150,1,410.26,410.26,249.3,160.96
502545,2025-04-29,151,1,59.95,59.95,36.25,23.7
502546,2025-04-29,152,1,214.28,214.28,169.22,45.06
502547,2025-04-29,158,2,192.52,385.04,134.46,116.12
502548,2025-04-29,159,1,243.51,243.51,158.58,84.93
502549,2025-04-29,164,1,342.45,342.45,209.39,133.06
502550,2025-04-29,166,4,183.2,732.8,138.4,179.2
502551,2025-04-29,168,1,289.8,289.8,228.17,61.63
506173,2025-04-29,153,2,45.82,91.64,28.45,34.74
502552,2025-04-30,101,1,193.32,193.32,118.14,75.18
502553,2025-04-30,104,1,401.59,401.59,243.11,158.48
502554,2025-04-30,106,2,249.43,498.86,172.41,154.04
502555,2025-04-30,110,1,292.13,292.13,215.55,76.58
502556,2025-04-30,118,2,256.08,512.16,198.94,114.28
502557,2025-04-30,119,1,198.83,198.83,137.36,61.47
502558,2025-04-30,125,1,86.82,86.82,57.13,29.69
502559,2025-04-30,126,1,61.33,61.33,48.82,12.51
502560,2025-04-30,127,2,99.85,199.7,61.95,75.8
502561,2025-04-30,138,1,315.76,315.76,216.53,99.23
502562,2025-04-30,143,4,323.71,1294.84,237.32,345.56
502563,2025-04-30,151,2,59.95,119.9,36.25,47.4
502564,2025-04-30,157,2,82.29,164.58,49.11,66.36
502565,2025-04-30,158,1,192.52,192.52,134.46,58.06
502566,2025-04-30,166,1,183.2,183.2,138.4,44.8
502567,2025-04-30,167,4,70.09,280.36,48.28,87.24
502568,2025-04-30,168,4,289.8,1159.2,228.17,246.52
502569,2025-04-30,170,1,154.1,154.1,94.54,59.56
506004,2025-04-30,128,1,126.0,126.0,85.72,40.28
506025,2025-04-30,132,1,99.35,99.35,73.24,26.11
506080,2025-04-30,136,1,152.73,152.73,102.8,49.93
502570,2025-05-01,101,1,193.32,193.32,118.14,75.18
502571,2025-05-01,104,1,401.59,401.59,243.11,158.48
502572,2025-05-01,106,4,249.43,997.72,172.41,308.08
502573,2025-05-01,109,3,246.09,738.27,164.16,245.79
502574,2025-05-01,112,2,175.04,350.08,132.75,84.58
502575,2025-05-01,117,1,91.8,91.8,55.09,36.71
502576,2025-05-01,119,1,198.83,198.83,137.36,61.47
502577,2025-05-01,127,1,99.85,99.85,61.95,37.9
502578,2025-05-01,139,1,143.43,143.43,101.37,42.06
502579,2025-05-01,141,1,251.72,251.72,187.7,64.02
502580,2025-05-01,142,2,58.26,116.52,34.86,46.8
502581,2025-05-01,143,1,323.71,323.71,237.32,86.39
502582,2025-05-01,145,1,55.05,55.05,35.61,19.44
502583,2025-05-01,150,1,410.26,410.26,249.3,160.96
502584,2025-05-01,151,1,59.95,59.95,36.25,23.7
502585,2025-05-01,156,2,71.91,143.82,55.69,32.44
502586,2025-05-01,158,2,192.52,385.04,134.46,116.12
502587,2025-05-01,159,1,243.51,243.51,158.58,84.93
502588,2025-05-01,160,1,170.86,170.86,126.42,44.44
502589,2025-05-01,164,2,342.45,684.9,209.39,266.12
502590,2025-05-01,166,3,183.2,549.6,138.4,134.4
502591,2025-05-01,167,2,70.09,140.18,48.28,43.62
502592,2025-05-01,168,1,289.8,289.8,228.17,61.63
502593,2025-05-01,170,3,154.1,462.3,94.54,178.68
505944,2025-05-01,120,1,238.12,238.12,172.98,65.14
502594,2025-05-02,101,2,193.32,386.64,118.14,150.36
502595,2025-05-02,104,1,401.59,401.59,243.11,158.48
502596,2025-05-02,105,1,338.49,338.49,242.36,96.13
502597,2025-05-02,110,2,292.13,584.26,215.55,153.16
502598,2025-05-02,112,2,175.04,350.08,132.75,84.58
502599,2025-05-02,117,1,91.8,91.8,55.09,36.71
502600,2025-05-02,119,2,198.83,397.66,137.36,122.94
502601,2025-05-02,126,1,61.33,61.33,48.82,12.51
502602,2025-05-02,131,4,333.06,1332.24,218.92,456.56
502603,2025-05-02,135,1,272.98,272.98,215.02,57.96
502604,2025-05-02,138,1,315.76,315.76,216.53,99.23
502605,2025-05-02,141,1,251.72,251.72,187.7,64.02
502606,2025-05-02,143,1,323.71,323.71,237.32,86.39
502607,2025-05-02,149,1,288.99,288.99,208.97,80.02
502608,2025-05-02,151,3,59.95,179.85,36.25,71.1
502609,2025-05-02,155,1,123.41,123.41,78.63,44.78
502610,2025-05-02,156,4,71.91,287.64,55.69,64.88
502611,2025-05-02,158,1,192.52,192.52,134.46,58.06
502612,2025-05-02,159,2,243.51,487.02,158.58,169.86
502613,2025-05-02,164,1,342.45,342.45,209.39,133.06
502614,2025-05-02,166,1,183.2,183.2,138.4,44.8
502615,2025-05-02,167,1,70.09,70.09,48.28,21.81
502616,2025-05-02,168,1,289.8,289.8,228.17,61.63
502617,2025-05-02,170,4,154.1,616.4,94.54,238.24
506005,2025-05-02,128,2,126.0,252.0,85.72,80.56
506145,2025-05-02,144,2,219.65,439.3,137.82,163.66
502618,2025-05-03,105,1,338.49,338.49,242.36,96.13
502619,2025-05-03,110,2,292.13,584.26,215.55,153.16
502620,2025-05-03,112,1,175.04,175.04,132.75,42.29
502621,2025-05-03,118,2,256.08,512.16,198.94,114.28
502622,2025-05-03,127,1,99.85,99.85,61.95,37.9
502623,2025-05-03,131,1,333.06,333.06,218.92,114.14
502624,2025-05-03,134,1,37.23,37.23,28.02,9.21
502625,2025-05-03,135,2,272.98,545.96,215.02,115.92
502626,2025-05-03,141,1,251.72,251.72,187.7,64.02
502627,2025-05-03,142,1,58.26,58.26,34.86,23.4
502628,2025-05-03,143,1,323.71,323.71,237.32,86.39
502629,2025-05-03,151,3,59.95,179.85,36.25,71.1
502630,2025-05-03,157,1,82.29,82.29,49.11,33.18
502631,2025-05-03,159,1,243.51,243.51,158.58,84.93
502632,2025-05-03,164,1,342.45,342.45,209.39,133.06
502633,2025-05-03,170,1,154.1,154.1,94.54,59.56
505918,2025-05-03,115,2,92.47,184.94,56.54,71.86
502634,2025-05-04,101,2,193.32,386.64,118.14,150.36
502635,2025-05-04,104,1,401.59,401.59,243.11,158.48
502636,2025-05-04,105,1,338.49,338.49,242.36,96.13
502637,2025-05-04,106,2,249.43,498.86,172.41,154.04
502638,2025-05-04,110,2,292.13,584.26,215.55,153.16
502639,2025-05-04,112,1,175.04,175.04,132.75,42.29
502640,2025-05-04,119,3,198.83,596.49,137.36,184.41
502641,2025-05-04,129,1,52.38,52.38,39.89,12.49
502642,2025-05-04,134,1,37.23,37.23,28.02,9.21
502643,2025-05-04,141,1,251.72,251.72,187.7,64.02
502644,2025-05-04,143,1,323.71,323.71,237.32,86.39
502645,2025-05-04,145,1,55.05,55.05,35.61,19.44
502646,2025-05-04,146,1,111.1,111.1,78.58,32.52
502647,2025-05-04,149,1,288.99,288.99,208.97,80.02
502648,2025-05-04,151,1,59.95,59.95,36.25,23.7
502649,2025-05-04,152,1,214.28,214.28,169.22,45.06
502650,2025-05-04,156,1,71.91,71.91,55.69,16.22
502651,2025-05-04,157,1,82.29,82.29,49.11,33.18
502652,2025-05-04,158,1,192.52,192.52,134.46,58.06
502653,2025-05-04,160,1,170.86,170.86,126.42,44.44
502654,2025-05-04,164,1,342.45,342.45,209.39,133.06
502655,2025-05-04,166,2,183.2,366.4,138.4,89.6
502656,2025-05-04,167,2,70.09,140.18,48.28,43.62
502657,2025-05-04,170,1,154.1,154.1,94.54,59.56
505919,2025-05-04,115,2,92.47,184.94,56.54,71.86
505945,2025-05-04,120,2,238.12,476.24,172.98,130.28
502658,2025-05-05,110,2,292.13,584.26,215.55,153.16
502659,2025-05-05,112,2,175.04,350.08,132.75,84.58
502660,2025-05-05,117,1,91.8,91.8,55.09,36.71
502661,2025-05-05,118,3,256.08,768.24,198.94,171.42
502662,2025-05-05,119,1,198.83,198.83,137.36,61.47
502663,2025-05-05,129,1,52.38,52.38,39.89,12.49
502664,2025-05-05,131,3,333.06,999.18,218.92,342.42
502665,2025-05-05,139,1,143.43,143.43,101.37,42.06
502666,2025-05-05,143,1,323.71,323.71,237.32,86.39
502667,2025-05-05,152,1,214.28,214.28,169.22,45.06
502668,2025-05-05,155,1,123.41,123.41,78.63,44.78
502669,2025-05-05,156,1,71.91,71.91,55.69,16.22
502670,2025-05-05,158,2,192.52,385.04,134.46,116.12
502671,2025-05-05,159,1,243.51,243.51,158.58,84.93
502672,2025-05-05,163,1,271.41,271.41,212.87,58.54
502673,2025-05-05,166,3,183.2,549.6,138.4,134.4
502674,2025-05-05,167,4,70.09,280.36,48.28,87.24
502675,2025-05-05,169,1,117.76,117.76,72.26,45.5
502676,2025-05-05,170,2,154.1,308.2,94.54,119.12
506201,2025-05-05,154,2,65.52,131.04,44.36,42.32
502677,2025-05-06,109,1,246.09,246.09,164.16,81.93
502678,2025-05-06,118,2,256.08,512.16,198.94,114.28
502679,2025-05-06,123,1,315.18,315.18,190.92,124.26
502680,2025-05-06,125,1,86.82,86.82,57.13,29.69
502681,2025-05-06,126,1,61.33,61.33,48.82,12.51
502682,2025-05-06,131,2,333.06,666.12,218.92,228.28
502683,2025-05-06,135,1,272.98,272.98,215.02,57.96
502684,2025-05-06,138,1,315.76,315.76,216.53,99.23
502685,2025-05-06,139,1,143.43,143.43,101.37,42.06
502686,2025-05-06,142,4,58.26,233.04,34.86,93.6
502687,2025-05-06,143,2,323.71,647.42,237.32,172.78
502688,2025-05-06,149,1,288.99,288.99,208.97,80.02
502689,2025-05-06,150,1,410.26,410.26,249.3,160.96
502690,2025-05-06,155,1,123.41,123.41,78.63,44.78
502691,2025-05-06,156,1,71.91,71.91,55.69,16.22
502692,2025-05-06,157,1,82.29,82.29,49.11,33.18
502693,2025-05-06,158,2,192.52,385.04,134.46,116.12
502694,2025-05-06,159,1,243.51,243.51,158.58,84.93
502695,2025-05-06,164,1,342.45,342.45,209.39,133.06
502696,2025-05-06,166,2,183.2,366.4,138.4,89.6
502697,2025-05-06,167,1,70.09,70.09,48.28,21.81
502698,2025-05-07,106,1,249.43,249.43,172.41,77.02
502699,2025-05-07,110,1,292.13,292.13,215.55,76.58
502700,2025-05-07,118,3,256.08,768.24,198.94,171.42
502701,2025-05-07,119,1,198.83,198.83,137.36,61.47
502702,2025-05-07,122,1,185.72,185.72,136.04,49.68
502703,2025-05-07,131,1,333.06,333.06,218.92,114.14
502704,2025-05-07,135,1,272.98,272.98,215.02,57.96
502705,2025-05-07,139,1,143.43,143.43,101.37,42.06
502706,2025-05-07,143,3,323.71,971.13,237.32,259.17
502707,2025-05-07,151,1,59.95,59.95,36.25,23.7
502708,2025-05-07,152,2,214.28,428.56,169.22,90.12
502709,2025-05-07,155,1,123.41,123.41,78.63,44.78
502710,2025-05-07,156,3,71.91,215.73,55.69,48.66
502711,2025-05-07,158,1,192.52,192.52,134.46,58.06
502712,2025-05-07,161,2,299.5,599.0,200.05,198.9
502713,2025-05-07,164,1,342.45,342.45,209.39,133.06
502714,2025-05-07,166,2,183.2,366.4,138.4,89.6
502715,2025-05-07,168,1,289.8,289.8,228.17,61.63
505869,2025-05-07,103,1,102.57,102.57,68.4,34.17
505870,2025-05-07,103,1,102.57,102.57,68.4,34.17
502716,2025-05-08,105,1,338.49,338.49,242.36,96.13
502717,2025-05-08,106,2,249.43,498.86,172.41,154.04
502718,2025-05-08,119,2,198.83,397.66,137.36,122.94
502719,2025-05-08,126,1,61.33,61.33,48.82,12.51
502720,2025-05-08,131,2,333.06,666.12,218.92,228.28
502721,2025-05-08,134,1,37.23,37.23,28.02,9.21
502722,2025-05-08,135,3,272.98,818.94,215.02,173.88
502723,2025-05-08,138,1,315.76,315.76,216.53,99.23
502724,2025-05-08,141,1,251.72,251.72,187.7,64.02
502725,2025-05-08,143,2,323.71,647.42,237.32,172.78
502726,2025-05-08,145,1,55.05,55.05,35.61,19.44
502727,2025-05-08,151,2,59.95,119.9,36.25,47.4
502728,2025-05-08,156,2,71.91,143.82,55.69,32.44
502729,2025-05-08,157,1,82.29,82.29,49.11,33.18
502730,2025-05-08,158,1,192.52,192.52,134.46,58.06
502731,2025-05-08,159,3,243.51,730.53,158.58,254.79
502732,2025-05-08,165,1,273.04,273.04,196.44,76.6
502733,2025-05-08,166,1,183.2,183.2,138.4,44.8
502734,2025-05-08,167,2,70.09,140.18,48.28,43.62
505900,2025-05-08,113,2,46.39,92.78,35.6,21.58
502735,2025-05-09,104,2,401.59,803.18,243.11,316.96
502736,2025-05-09,106,1,249.43,249.43,172.41,77.02
502737,2025-05-09,108,1,289.07,289.07,198.47,90.6
502738,2025-05-09,109,1,246.09,246.09,164.16,81.93
502739,2025-05-09,110,2,292.13,584.26,215.55,153.16
502740,2025-05-09,114,1,266.44,266.44,183.47,82.97
502741,2025-05-09,116,2,50.07,100.14,34.84,30.46
502742,2025-05-09,117,1,91.8,91.8,55.09,36.71
502743,2025-05-09,118,2,256.08,512.16,198.94,114.28
502744,2025-05-09,119,1,198.83,198.83,137.36,61.47
502745,2025-05-09,127,1,99.85,99.85,61.95,37.9
502746,2025-05-09,131,1,333.06,333.06,218.92,114.14
502747,2025-05-09,138,1,315.76,315.76,216.53,99.23
502748,2025-05-09,142,1,58.26,58.26,34.86,23.4
502749,2025-05-09,143,2,323.71,647.42,237.32,172.78
502750,2025-05-09,148,1,69.95,69.95,42.84,27.11
502751,2025-05-09,149,1,288.99,288.99,208.97,80.02
502752,2025-05-09,151,1,59.95,59.95,36.25,23.7
502753,2025-05-09,152,2,214.28,428.56,169.22,90.12
502754,2025-05-09,156,1,71.91,71.91,55.69,16.22
502755,2025-05-09,157,2,82.29,164.58,49.11,66.36
502756,2025-05-09,158,3,192.52,577.56,134.46,174.18
502757,2025-05-09,159,5,243.51,1217.55,158.58,424.65
502758,2025-05-09,160,1,170.86,170.86,126.42,44.44
502759,2025-05-09,166,1,183.2,183.2,138.4,44.8
502760,2025-05-09,167,2,70.09,140.18,48.28,43.62
502761,2025-05-09,170,1,154.1,154.1,94.54,59.56
502762,2025-05-10,101,1,193.32,193.32,118.14,75.18
502763,2025-05-10,106,1,249.43,249.43,172.41,77.02
502764,2025-05-10,112,3,175.04,525.12,132.75,126.87
502765,2025-05-10,116,1,50.07,50.07,34.84,15.23
502766,2025-05-10,119,3,198.83,596.49,137.36,184.41
502767,2025-05-10,127,1,99.85,99.85,61.95,37.9
502768,2025-05-10,129,1,52.38,52.38,39.89,12.49
502769,2025-05-10,138,1,315.76,315.76,216.53,99.23
502770,2025-05-10,142,1,58.26,58.26,34.86,23.4
502771,2025-05-10,143,1,323.71,323.71,237.32,86.39
502772,2025-05-10,151,2,59.95,119.9,36.25,47.4
502773,2025-05-10,156,1,71.91,71.91,55.69,16.22
502774,2025-05-10,158,1,192.52,192.52,134.46,58.06
502775,2025-05-10,159,1,243.51,243.51,158.58,84.93
502776,2025-05-10,168,1,289.8,289.8,228.17,61.63
502777,2025-05-10,170,3,154.1,462.3,94.54,178.68
506202,2025-05-10,154,1,65.52,65.52,44.36,21.16
502778,2025-05-11,101,1,193.32,193.32,118.14,75.18
502779,2025-05-11,106,2,249.43,498.86,172.41,154.04
502780,2025-05-11,109,1,246.09,246.09,164.16,81.93
502781,2025-05-11,110,1,292.13,292.13,215.55,76.58
502782,2025-05-11,112,1,175.04,175.04,132.75,42.29
502783,2025-05-11,131,2,333.06,666.12,218.92,228.28
502784,2025-05-11,134,1,37.23,37.23,28.02,9.21
502785,2025-05-11,139,1,143.43,143.43,101.37,42.06
502786,2025-05-11,141,1,251.72,251.72,187.7,64.02
502787,2025-05-11,143,1,323.71,323.71,237.32,86.39
502788,2025-05-11,151,1,59.95,59.95,36.25,23.7
502789,2025-05-11,152,1,214.28,214.28,169.22,45.06
502790,2025-05-11,156,1,71.91,71.91,55.69,16.22
502791,2025-05-11,157,1,82.29,82.29,49.11,33.18
502792,2025-05-11,159,1,243.51,243.51,158.58,84.93
502793,2025-05-11,160,2,170.86,341.72,126.42,88.88
502794,2025-05-11,161,1,299.5,299.5,200.05,99.45
502795,2025-05-11,165,1,273.04,273.04,196.44,76.6
502796,2025-05-11,166,1,183.2,183.2,138.4,44.8
502797,2025-05-11,167,2,70.09,140.18,48.28,43.62
502798,2025-05-11,170,5,154.1,770.5,94.54,297.8
505871,2025-05-11,103,2,102.57,205.14,68.4,68.34
506174,2025-05-11,153,1,45.82,45.82,28.45,17.37
502799,2025-05-12,101,1,193.32,193.32,118.14,75.18
502800,2025-05-12,104,1,401.59,401.59,243.11,158.48
502801,2025-05-12,106,1,249.43,249.43,172.41,77.02
502802,2025-05-12,109,1,246.09,246.09,164.16,81.93
502803,2025-05-12,110,2,292.13,584.26,215.55,153.16
502804,2025-05-12,112,1,175.04,175.04,132.75,42.29
502805,2025-05-12,116,1,50.07,50.07,34.84,15.23
502806,2025-05-12,118,1,256.08,256.08,198.94,57.14
502807,2025-05-12,119,1,198.83,198.83,137.36,61.47
502808,2025-05-12,127,1,99.85,99.85,61.95,37.9
502809,2025-05-12,131,1,333.06,333.06,218.92,114.14
502810,2025-05-12,134,1,37.23,37.23,28.02,9.21
502811,2025-05-12,135,1,272.98,272.98,215.02,57.96
502812,2025-05-12,142,1,58.26,58.26,34.86,23.4
502813,2025-05-12,143,2,323.71,647.42,237.32,172.78
502814,2025-05-12,149,1,288.99,288.99,208.97,80.02
502815,2025-05-12,151,1,59.95,59.95,36.25,23.7
502816,2025-05-12,157,2,82.29,164.58,49.11,66.36
502817,2025-05-12,158,1,192.52,192.52,134.46,58.06
502818,2025-05-12,159,1,243.51,243.51,158.58,84.93
502819,2025-05-12,160,1,170.86,170.86,126.42,44.44
502820,2025-05-12,164,1,342.45,342.45,209.39,133.06
502821,2025-05-12,166,1,183.2,183.2,138.4,44.8
502822,2025-05-12,167,1,70.09,70.09,48.28,21.81
506081,2025-05-12,136,1,152.73,152.73,102.8,49.93
502823,2025-05-13,112,2,175.04,350.08,132.75,84.58
502824,2025-05-13,116,1,50.07,50.07,34.84,15.23
502825,2025-05-13,118,1,256.08,256.08,198.94,57.14
502826,2025-05-13,119,2,198.83,397.66,137.36,122.94
502827,2025-05-13,123,1,315.18,315.18,190.92,124.26
502828,2025-05-13,130,1,250.88,250.88,199.42,51.46
502829,2025-05-13,131,3,333.06,999.18,218.92,342.42
502830,2025-05-13,134,1,37.23,37.23,28.02,9.21
502831,2025-05-13,138,1,315.76,315.76,216.53,99.23
502832,2025-05-13,139,1,143.43,143.43,101.37,42.06
502833,2025-05-13,142,2,58.26,116.52,34.86,46.8
502834,2025-05-13,143,2,323.71,647.42,237.32,172.78
502835,2025-05-13,145,1,55.05,55.05,35.61,19.44
502836,2025-05-13,149,2,288.99,577.98,208.97,160.04
502837,2025-05-13,150,1,410.26,410.26,249.3,160.96
502838,2025-05-13,152,2,214.28,428.56,169.22,90.12
502839,2025-05-13,157,1,82.29,82.29,49.11,33.18
502840,2025-05-13,158,1,192.52,192.52,134.46,58.06
502841,2025-05-13,159,1,243.51,243.51,158.58,84.93
502842,2025-05-13,161,2,299.5,599.0,200.05,198.9
502843,2025-05-13,166,1,183.2,183.2,138.4,44.8
502844,2025-05-13,167,2,70.09,140.18,48.28,43.62
502845,2025-05-13,169,1,117.76,117.76,72.26,45.5
502846,2025-05-13,170,1,154.1,154.1,94.54,59.56
506146,2025-05-13,144,2,219.65,439.3,137.82,163.66
502847,2025-05-14,101,1,193.32,193.32,118.14,75.18
502848,2025-05-14,104,2,401.59,803.18,243.11,316.96
502849,2025-05-14,105,2,338.49,676.98,242.36,192.26
502850,2025-05-14,106,1,249.43,249.43,172.41,77.02
502851,2025-05-14,110,1,292.13,292.13,215.55,76.58
502852,2025-05-14,112,1,175.04,175.04,132.75,42.29
502853,2025-05-14,114,1,266.44,266.44,183.47,82.97
502854,2025-05-14,116,1,50.07,50.07,34.84,15.23
502855,2025-05-14,118,1,256.08,256.08,198.94,57.14
502856,2025-05-14,119,1,198.83,198.83,137.36,61.47
502857,2025-05-14,123,2,315.18,630.36,190.92,248.52
502858,2025-05-14,135,1,272.98,272.98,215.02,57.96
502859,2025-05-14,138,1,315.76,315.76,216.53,99.23
502860,2025-05-14,139,2,143.43,286.86,101.37,84.12
502861,2025-05-14,142,2,58.26,116.52,34.86,46.8
502862,2025-05-14,149,1,288.99,288.99,208.97,80.02
502863,2025-05-14,151,2,59.95,119.9,36.25,47.4
502864,2025-05-14,152,1,214.28,214.28,169.22,45.06
502865,2025-05-14,157,1,82.29,82.29,49.11,33.18
502866,2025-05-14,158,3,192.52,577.56,134.46,174.18
502867,2025-05-14,166,3,183.2,549.6,138.4,134.4
502868,2025-05-14,167,2,70.09,140.18,48.28,43.62
502869,2025-05-14,169,1,117.76,117.76,72.26,45.5
502870,2025-05-14,170,1,154.1,154.1,94.54,59.56
505920,2025-05-14,115,1,92.47,92.47,56.54,35.93
506147,2025-05-14,144,2,219.65,439.3,137.82,163.66
502871,2025-05-15,101,2,193.32,386.64,118.14,150.36
502872,2025-05-15,104,1,401.59,401.59,243.11,158.48
502873,2025-05-15,106,1,249.43,249.43,172.41,77.02
502874,2025-05-15,109,1,246.09,246.09,164.16,81.93
502875,2025-05-15,110,1,292.13,292.13,215.55,76.58
502876,2025-05-15,116,1,50.07,50.07,34.84,15.23
502877,2025-05-15,117,1,91.8,91.8,55.09,36.71
502878,2025-05-15,118,4,256.08,1024.32,198.94,228.56
502879,2025-05-15,119,3,198.83,596.49,137.36,184.41
502880,2025-05-15,125,1,86.82,86.82,57.13,29.69
502881,2025-05-15,127,1,99.85,99.85,61.95,37.9
502882,2025-05-15,129,1,52.38,52.38,39.89,12.49
502883,2025-05-15,134,1,37.23,37.23,28.02,9.21
502884,2025-05-15,135,1,272.98,272.98,215.02,57.96
502885,2025-05-15,138,2,315.76,631.52,216.53,198.46
502886,2025-05-15,142,2,58.26,116.52,34.86,46.8
502887,2025-05-15,143,3,323.71,971.13,237.32,259.17
502888,2025-05-15,150,1,410.26,410.26,249.3,160.96
502889,2025-05-15,151,1,59.95,59.95,36.25,23.7
502890,2025-05-15,157,1,82.29,82.29,49.11,33.18
502891,2025-05-15,158,1,192.52,192.52,134.46,58.06
502892,2025-05-15,166,2,183.2,366.4,138.4,89.6
502893,2025-05-15,167,1,70.09,70.09,48.28,21.81
502894,2025-05-15,168,1,289.8,289.8,228.17,61.63
502895,2025-05-16,101,2,193.32,386.64,118.14,150.36
502896,2025-05-16,106,2,249.43,498.86,172.41,154.04
502897,2025-05-16,109,1,246.09,246.09,164.16,81.93
502898,2025-05-16,110,4,292.13,1168.52,215.55,306.32
502899,2025-05-16,112,2,175.04,350.08,132.75,84.58
502900,2025-05-16,118,1,256.08,256.08,198.94,57.14
502901,2025-05-16,130,1,250.88,250.88,199.42,51.46
502902,2025-05-16,131,3,333.06,999.18,218.92,342.42
502903,2025-05-16,134,1,37.23,37.23,28.02,9.21
502904,2025-05-16,135,1,272.98,272.98,215.02,57.96
502905,2025-05-16,142,2,58.26,116.52,34.86,46.8
502906,2025-05-16,143,1,323.71,323.71,237.32,86.39
502907,2025-05-16,149,1,288.99,288.99,208.97,80.02
502908,2025-05-16,151,2,59.95,119.9,36.25,47.4
502909,2025-05-16,158,1,192.52,192.52,134.46,58.06
502910,2025-05-16,159,1,243.51,243.51,158.58,84.93
502911,2025-05-16,160,1,170.86,170.86,126.42,44.44
502912,2025-05-16,164,1,342.45,342.45,209.39,133.06
502913,2025-05-16,166,2,183.2,366.4,138.4,89.6
502914,2025-05-16,167,4,70.09,280.36,48.28,87.24
502915,2025-05-16,170,4,154.1,616.4,94.54,238.24
506148,2025-05-16,144,2,219.65,439.3,137.82,163.66
502916,2025-05-17,101,2,193.32,386.64,118.14,150.36
502917,2025-05-17,104,1,401.59,401.59,243.11,158.48
502918,2025-05-17,105,1,338.49,338.49,242.36,96.13
502919,2025-05-17,112,1,175.04,175.04,132.75,42.29
502920,2025-05-17,116,2,50.07,100.14,34.84,30.46
502921,2025-05-17,117,1,91.8,91.8,55.09,36.71
502922,2025-05-17,118,3,256.08,768.24,198.94,171.42
502923,2025-05-17,119,1,198.83,198.83,137.36,61.47
502924,2025-05-17,123,1,315.18,315.18,190.92,124.26
502925,2025-05-17,127,1,99.85,99.85,61.95,37.9
502926,2025-05-17,130,1,250.88,250.88,199.42,51.46
502927,2025-05-17,131,1,333.06,333.06,218.92,114.14
502928,2025-05-17,142,4,58.26,233.04,34.86,93.6
502929,2025-05-17,159,2,243.51,487.02,158.58,169.86
502930,2025-05-17,160,2,170.86,341.72,126.42,88.88
502931,2025-05-17,166,1,183.2,183.2,138.4,44.8
502932,2025-05-17,167,1,70.09,70.09,48.28,21.81
502933,2025-05-17,170,1,154.1,154.1,94.54,59.56
505837,2025-05-17,102,1,65.53,65.53,45.11,20.42
506112,2025-05-17,137,2,395.0,790.0,245.2,299.6
502934,2025-05-18,109,2,246.09,492.18,164.16,163.86
502935,2025-05-18,110,1,292.13,292.13,215.55,76.58
502936,2025-05-18,116,2,50.07,100.14,34.84,30.46
502937,2025-05-18,127,2,99.85,199.7,61.95,75.8
502938,2025-05-18,131,4,333.06,1332.24,218.92,456.56
502939,2025-05-18,134,1,37.23,37.23,28.02,9.21
502940,2025-05-18,135,1,272.98,272.98,215.02,57.96
502941,2025-05-18,138,1,315.76,315.76,216.53,99.23
502942,2025-05-18,139,1,143.43,143.43,101.37,42.06
502943,2025-05-18,143,3,323.71,971.13,237.32,259.17
502944,2025-05-18,151,1,59.95,59.95,36.25,23.7
502945,2025-05-18,152,1,214.28,214.28,169.22,45.06
502946,2025-05-18,156,1,71.91,71.91,55.69,16.22
502947,2025-05-18,157,1,82.29,82.29,49.11,33.18
502948,2025-05-18,164,1,342.45,342.45,209.39,133.06
502949,2025-05-18,165,1,273.04,273.04,196.44,76.6
502950,2025-05-18,166,3,183.2,549.6,138.4,134.4
502951,2025-05-18,167,2,70.09,140.18,48.28,43.62
502952,2025-05-19,101,5,193.32,966.6,118.14,375.9
502953,2025-05-19,104,1,401.59,401.59,243.11,158.48
502954,2025-05-19,105,1,338.49,338.49,242.36,96.13
502955,2025-05-19,106,1,249.43,249.43,172.41,77.02
502956,2025-05-19,109,1,246.09,246.09,164.16,81.93
502957,2025-05-19,112,1,175.04,175.04,132.75,42.29
502958,2025-05-19,117,2,91.8,183.6,55.09,73.42
502959,2025-05-19,119,3,198.83,596.49,137.36,184.41
502960,2025-05-19,127,1,99.85,99.85,61.95,37.9
502961,2025-05-19,131,3,333.06,999.18,218.92,342.42
502962,2025-05-19,134,1,37.23,37.23,28.02,9.21
502963,2025-05-19,135,1,272.98,272.98,215.02,57.96
502964,2025-05-19,138,1,315.76,315.76,216.53,99.23
502965,2025-05-19,139,1,143.43,143.43,101.37,42.06
502966,2025-05-19,142,2,58.26,116.52,34.86,46.8
502967,2025-05-19,145,1,55.05,55.05,35.61,19.44
502968,2025-05-19,146,2,111.1,222.2,78.58,65.04
502969,2025-05-19,149,1,288.99,288.99,208.97,80.02
502970,2025-05-19,155,1,123.41,123.41,78.63,44.78
502971,2025-05-19,156,1,71.91,71.91,55.69,16.22
502972,2025-05-19,157,2,82.29,164.58,49.11,66.36
502973,2025-05-19,158,2,192.52,385.04,134.46,116.12
502974,2025-05-19,159,4,243.51,974.04,158.58,339.72
502975,2025-05-19,166,1,183.2,183.2,138.4,44.8
502976,2025-05-19,170,2,154.1,308.2,94.54,119.12
506149,2025-05-19,144,1,219.65,219.65,137.82,81.83
506204,2025-05-19,154,1,65.52,65.52,44.36,21.16
502977,2025-05-20,101,1,193.32,193.32,118.14,75.18
502978,2025-05-20,105,1,338.49,338.49,242.36,96.13
502979,2025-05-20,106,6,249.43,1496.58,172.41,462.12
502980,2025-05-20,110,1,292.13,292.13,215.55,76.58
502981,2025-05-20,112,1,175.04,175.04,132.75,42.29
502982,2025-05-20,117,1,91.8,91.8,55.09,36.71
502983,2025-05-20,118,2,256.08,512.16,198.94,114.28
502984,2025-05-20,119,2,198.83,397.66,137.36,122.94
502985,2025-05-20,122,1,185.72,185.72,136.04,49.68
502986,2025-05-20,125,1,86.82,86.82,57.13,29.69
502987,2025-05-20,130,1,250.88,250.88,199.42,51.46
502988,2025-05-20,131,3,333.06,999.18,218.92,342.42
502989,2025-05-20,135,2,272.98,545.96,215.02,115.92
502990,2025-05-20,139,2,143.43,286.86,101.37,84.12
502991,2025-05-20,141,1,251.72,251.72,187.7,64.02
502992,2025-05-20,145,1,55.05,55.05,35.61,19.44
502993,2025-05-20,149,1,288.99,288.99,208.97,80.02
502994,2025-05-20,151,1,59.95,59.95,36.25,23.7
502995,2025-05-20,152,1,214.28,214.28,169.22,45.06
502996,2025-05-20,156,2,71.91,143.82,55.69,32.44
502997,2025-05-20,158,1,192.52,192.52,134.46,58.06
502998,2025-05-20,160,1,170.86,170.86,126.42,44.44
502999,2025-05-20,167,3,70.09,210.27,48.28,65.43
503000,2025-05-20,170,1,154.1,154.1,94.54,59.56
505872,2025-05-20,103,1,102.57,102.57,68.4,34.17
506083,2025-05-20,136,1,152.73,152.73,102.8,49.93
506203,2025-05-20,154,1,65.52,65.52,44.36,21.16
503001,2025-05-21,101,1,193.32,193.32,118.14,75.18
503002,2025-05-21,104,1,401.59,401.59,243.11,158.48
503003,2025-05-21,106,1,249.43,249.43,172.41,77.02
503004,2025-05-21,110,2,292.13,584.26,215.55,153.16
503005,2025-05-21,112,1,175.04,175.04,132.75,42.29
503006,2025-05-21,116,1,50.07,50.07,34.84,15.23
503007,2025-05-21,117,1,91.8,91.8,55.09,36.71
503008,2025-05-21,118,2,256.08,512.16,198.94,114.28
503009,2025-05-21,119,2,198.83,397.66,137.36,122.94
503010,2025-05-21,131,1,333.06,333.06,218.92,114.14
503011,2025-05-21,139,1,143.43,143.43,101.37,42.06
503012,2025-05-21,142,1,58.26,58.26,34.86,23.4
503013,2025-05-21,151,2,59.95,119.9,36.25,47.4
503014,2025-05-21,158,2,192.52,385.04,134.46,116.12
503015,2025-05-21,159,1,243.51,243.51,158.58,84.93
503016,2025-05-21,164,1,342.45,342.45,209.39,133.06
503017,2025-05-21,166,2,183.2,366.4,138.4,89.6
503018,2025-05-21,167,1,70.09,70.09,48.28,21.81
503019,2025-05-21,168,1,289.8,289.8,228.17,61.63
503020,2025-05-21,169,1,117.76,117.76,72.26,45.5
503021,2025-05-21,170,3,154.1,462.3,94.54,178.68
503022,2025-05-22,104,1,401.59,401.59,243.11,158.48
503023,2025-05-22,106,3,249.43,748.29,172.41,231.06
503024,2025-05-22,110,3,292.13,876.39,215.55,229.74
503025,2025-05-22,112,4,175.04,700.16,132.75,169.16
503026,2025-05-22,117,1,91.8,91.8,55.09,36.71
503027,2025-05-22,119,2,198.83,397.66,137.36,122.94
503028,2025-05-22,131,3,333.06,999.18,218.92,342.42
503029,2025-05-22,139,2,143.43,286.86,101.37,84.12
503030,2025-05-22,151,4,59.95,239.8,36.25,94.8
503031,2025-05-22,152,2,214.28,428.56,169.22,90.12
503032,2025-05-22,156,2,71.91,143.82,55.69,32.44
503033,2025-05-22,158,1,192.52,192.52,134.46,58.06
503034,2025-05-22,159,3,243.51,730.53,158.58,254.79
503035,2025-05-22,160,2,170.86,341.72,126.42,88.88
503036,2025-05-22,161,2,299.5,599.0,200.05,198.9
503037,2025-05-22,164,1,342.45,342.45,209.39,133.06
503038,2025-05-22,166,1,183.2,183.2,138.4,44.8
503039,2025-05-22,167,1,70.09,70.09,48.28,21.81
503040,2025-05-22,168,1,289.8,289.8,228.17,61.63
503041,2025-05-22,170,2,154.1,308.2,94.54,119.12
505838,2025-05-22,102,2,65.53,131.06,45.11,40.84
505873,2025-05-22,103,2,102.57,205.14,68.4,68.34
505946,2025-05-22,120,1,238.12,238.12,172.98,65.14
506082,2025-05-22,136,2,152.73,305.46,102.8,99.86
503042,2025-05-23,105,1,338.49,338.49,242.36,96.13
503043,2025-05-23,106,1,249.43,249.43,172.41,77.02
503044,2025-05-23,108,1,289.07,289.07,198.47,90.6
503045,2025-05-23,109,1,246.09,246.09,164.16,81.93
503046,2025-05-23,110,2,292.13,584.26,215.55,153.16
503047,2025-05-23,112,2,175.04,350.08,132.75,84.58
503048,2025-05-23,117,1,91.8,91.8,55.09,36.71
503049,2025-05-23,119,2,198.83,397.66,137.36,122.94
503050,2025-05-23,130,1,250.88,250.88,199.42,51.46
503051,2025-05-23,134,1,37.23,37.23,28.02,9.21
503052,2025-05-23,139,1,143.43,143.43,101.37,42.06
503053,2025-05-23,142,4,58.26,233.04,34.86,93.6
503054,2025-05-23,143,2,323.71,647.42,237.32,172.78
503055,2025-05-23,152,1,214.28,214.28,169.22,45.06
503056,2025-05-23,156,2,71.91,143.82,55.69,32.44
503057,2025-05-23,158,2,192.52,385.04,134.46,116.12
503058,2025-05-23,163,1,271.41,271.41,212.87,58.54
503059,2025-05-23,164,1,342.45,342.45,209.39,133.06
503060,2025-05-23,165,1,273.04,273.04,196.44,76.6
503061,2025-05-23,166,2,183.2,366.4,138.4,89.6
503062,2025-05-23,170,3,154.1,462.3,94.54,178.68
503063,2025-05-24,105,1,338.49,338.49,242.36,96.13
503064,2025-05-24,112,1,175.04,175.04,132.75,42.29
503065,2025-05-24,118,4,256.08,1024.32,198.94,228.56
503066,2025-05-24,131,3,333.06,999.18,218.92,342.42
503067,2025-05-24,134,1,37.23,37.23,28.02,9.21
503068,2025-05-24,135,2,272.98,545.96,215.02,115.92
503069,2025-05-24,139,1,143.43,143.43,101.37,42.06
503070,2025-05-24,141,1,251.72,251.72,187.7,64.02
503071,2025-05-24,142,2,58.26,116.52,34.86,46.8
503072,2025-05-24,143,2,323.71,647.42,237.32,172.78
503073,2025-05-24,145,2,55.05,110.1,35.61,38.88
503074,2025-05-24,146,1,111.1,111.1,78.58,32.52
503075,2025-05-24,149,1,288.99,288.99,208.97,80.02
503076,2025-05-24,151,4,59.95,239.8,36.25,94.8
503077,2025-05-24,156,2,71.91,143.82,55.69,32.44
503078,2025-05-24,158,2,192.52,385.04,134.46,116.12
503079,2025-05-24,159,3,243.51,730.53,158.58,254.79
503080,2025-05-24,161,1,299.5,299.5,200.05,99.45
503081,2025-05-24,168,1,289.8,289.8,228.17,61.63
503082,2025-05-24,169,1,117.76,117.76,72.26,45.5
506113,2025-05-24,137,2,395.0,790.0,245.2,299.6
503083,2025-05-25,101,2,193.32,386.64,118.14,150.36
503084,2025-05-25,105,1,338.49,338.49,242.36,96.13
503085,2025-05-25,106,1,249.43,249.43,172.41,77.02
503086,2025-05-25,109,1,246.09,246.09,164.16,81.93
503087,2025-05-25,110,1,292.13,292.13,215.55,76.58
503088,2025-05-25,112,1,175.04,175.04,132.75,42.29
503089,2025-05-25,116,1,50.07,50.07,34.84,15.23
503090,2025-05-25,119,2,198.83,397.66,137.36,122.94
503091,2025-05-25,123,2,315.18,630.36,190.92,248.52
503092,2025-05-25,131,1,333.06,333.06,218.92,114.14
503093,2025-05-25,135,1,272.98,272.98,215.02,57.96
503094,2025-05-25,138,1,315.76,315.76,216.53,99.23
503095,2025-05-25,139,2,143.43,286.86,101.37,84.12
503096,2025-05-25,143,1,323.71,323.71,237.32,86.39
503097,2025-05-25,149,1,288.99,288.99,208.97,80.02
503098,2025-05-25,151,2,59.95,119.9,36.25,47.4
503099,2025-05-25,158,1,192.52,192.52,134.46,58.06
503100,2025-05-25,159,1,243.51,243.51,158.58,84.93
503101,2025-05-25,160,1,170.86,170.86,126.42,44.44
503102,2025-05-25,166,1,183.2,183.2,138.4,44.8
503103,2025-05-25,169,1,117.76,117.76,72.26,45.5
503104,2025-05-25,170,1,154.1,154.1,94.54,59.56
505921,2025-05-25,115,2,92.47,184.94,56.54,71.86
505972,2025-05-25,121,1,35.68,35.68,23.79,11.89
503105,2025-05-26,104,2,401.59,803.18,243.11,316.96
503106,2025-05-26,110,3,292.13,876.39,215.55,229.74
503107,2025-05-26,114,1,266.44,266.44,183.47,82.97
503108,2025-05-26,116,2,50.07,100.14,34.84,30.46
503109,2025-05-26,117,1,91.8,91.8,55.09,36.71
503110,2025-05-26,118,3,256.08,768.24,198.94,171.42
503111,2025-05-26,119,3,198.83,596.49,137.36,184.41
503112,2025-05-26,122,1,185.72,185.72,136.04,49.68
503113,2025-05-26,131,1,333.06,333.06,218.92,114.14
503114,2025-05-26,135,2,272.98,545.96,215.02,115.92
503115,2025-05-26,138,1,315.76,315.76,216.53,99.23
503116,2025-05-26,141,1,251.72,251.72,187.7,64.02
503117,2025-05-26,142,1,58.26,58.26,34.86,23.4
503118,2025-05-26,143,3,323.71,971.13,237.32,259.17
503119,2025-05-26,145,2,55.05,110.1,35.61,38.88
503120,2025-05-26,149,3,288.99,866.97,208.97,240.06
503121,2025-05-26,152,2,214.28,428.56,169.22,90.12
503122,2025-05-26,155,1,123.41,123.41,78.63,44.78
503123,2025-05-26,156,3,71.91,215.73,55.69,48.66
503124,2025-05-26,157,1,82.29,82.29,49.11,33.18
503125,2025-05-26,159,1,243.51,243.51,158.58,84.93
503126,2025-05-26,161,3,299.5,898.5,200.05,298.35
503127,2025-05-26,164,2,342.45,684.9,209.39,266.12
503128,2025-05-26,165,1,273.04,273.04,196.44,76.6
503129,2025-05-26,166,1,183.2,183.2,138.4,44.8
503130,2025-05-26,167,1,70.09,70.09,48.28,21.81
503131,2025-05-26,170,2,154.1,308.2,94.54,119.12
505973,2025-05-26,121,2,35.68,71.36,23.79,23.78
506006,2025-05-26,128,1,126.0,126.0,85.72,40.28
503132,2025-05-27,101,1,193.32,193.32,118.14,75.18
503133,2025-05-27,104,1,401.59,401.59,243.11,158.48
503134,2025-05-27,109,1,246.09,246.09,164.16,81.93
503135,2025-05-27,110,4,292.13,1168.52,215.55,306.32
503136,2025-05-27,112,3,175.04,525.12,132.75,126.87
503137,2025-05-27,123,1,315.18,315.18,190.92,124.26
503138,2025-05-27,129,1,52.38,52.38,39.89,12.49
503139,2025-05-27,130,1,250.88,250.88,199.42,51.46
503140,2025-05-27,139,1,143.43,143.43,101.37,42.06
503141,2025-05-27,143,3,323.71,971.13,237.32,259.17
503142,2025-05-27,145,1,55.05,55.05,35.61,19.44
503143,2025-05-27,148,1,69.95,69.95,42.84,27.11
503144,2025-05-27,151,1,59.95,59.95,36.25,23.7
503145,2025-05-27,156,3,71.91,215.73,55.69,48.66
503146,2025-05-27,157,2,82.29,164.58,49.11,66.36
503147,2025-05-27,159,3,243.51,730.53,158.58,254.79
503148,2025-05-27,161,1,299.5,299.5,200.05,99.45
503149,2025-05-27,164,4,342.45,1369.8,209.39,532.24
503150,2025-05-27,166,1,183.2,183.2,138.4,44.8
503151,2025-05-27,167,3,70.09,210.27,48.28,65.43
503152,2025-05-27,168,1,289.8,289.8,228.17,61.63
503153,2025-05-27,170,2,154.1,308.2,94.54,119.12
505840,2025-05-27,102,2,65.53,131.06,45.11,40.84
505947,2025-05-27,120,1,238.12,238.12,172.98,65.14
506084,2025-05-27,136,1,152.73,152.73,102.8,49.93
503154,2025-05-28,101,2,193.32,386.64,118.14,150.36
503155,2025-05-28,104,1,401.59,401.59,243.11,158.48
503156,2025-05-28,106,5,249.43,1247.15,172.41,385.1
503157,2025-05-28,110,2,292.13,584.26,215.55,153.16
503158,2025-05-28,112,2,175.04,350.08,132.75,84.58
503159,2025-05-28,119,1,198.83,198.83,137.36,61.47
503160,2025-05-28,122,1,185.72,185.72,136.04,49.68
503161,2025-05-28,130,1,250.88,250.88,199.42,51.46
503162,2025-05-28,135,1,272.98,272.98,215.02,57.96
503163,2025-05-28,138,1,315.76,315.76,216.53,99.23
503164,2025-05-28,139,1,143.43,143.43,101.37,42.06
503165,2025-05-28,143,1,323.71,323.71,237.32,86.39
503166,2025-05-28,151,4,59.95,239.8,36.25,94.8
503167,2025-05-28,152,1,214.28,214.28,169.22,45.06
503168,2025-05-28,156,1,71.91,71.91,55.69,16.22
503169,2025-05-28,157,1,82.29,82.29,49.11,33.18
503170,2025-05-28,158,3,192.52,577.56,134.46,174.18
503171,2025-05-28,159,1,243.51,243.51,158.58,84.93
503172,2025-05-28,161,3,299.5,898.5,200.05,298.35
503173,2025-05-28,167,5,70.09,350.45,48.28,109.05
503174,2025-05-28,170,1,154.1,154.1,94.54,59.56
505839,2025-05-28,102,2,65.53,131.06,45.11,40.84
505994,2025-05-28,124,1,59.0,59.0,37.2,21.8
506026,2025-05-28,132,1,99.35,99.35,73.24,26.11
503175,2025-05-29,101,1,193.32,193.32,118.14,75.18
503176,2025-05-29,106,4,249.43,997.72,172.41,308.08
503177,2025-05-29,109,1,246.09,246.09,164.16,81.93
503178,2025-05-29,110,1,292.13,292.13,215.55,76.58
503179,2025-05-29,112,3,175.04,525.12,132.75,126.87
503180,2025-05-29,117,1,91.8,91.8,55.09,36.71
503181,2025-05-29,127,3,99.85,299.55,61.95,113.7
503182,2025-05-29,131,1,333.06,333.06,218.92,114.14
503183,2025-05-29,135,1,272.98,272.98,215.02,57.96
503184,2025-05-29,138,1,315.76,315.76,216.53,99.23
503185,2025-05-29,141,1,251.72,251.72,187.7,64.02
503186,2025-05-29,142,1,58.26,58.26,34.86,23.4
503187,2025-05-29,145,2,55.05,110.1,35.61,38.88
503188,2025-05-29,152,1,214.28,214.28,169.22,45.06
503189,2025-05-29,156,1,71.91,71.91,55.69,16.22
503190,2025-05-29,157,3,82.29,246.87,49.11,99.54
503191,2025-05-29,159,1,243.51,243.51,158.58,84.93
503192,2025-05-29,160,1,170.86,170.86,126.42,44.44
503193,2025-05-29,161,1,299.5,299.5,200.05,99.45
503194,2025-05-29,165,2,273.04,546.08,196.44,153.2
503195,2025-05-29,166,1,183.2,183.2,138.4,44.8
503196,2025-05-29,167,2,70.09,140.18,48.28,43.62
503197,2025-05-29,170,1,154.1,154.1,94.54,59.56
506223,2025-05-29,162,1,341.77,341.77,231.45,110.32
503198,2025-05-30,106,1,249.43,249.43,172.41,77.02
503199,2025-05-30,109,3,246.09,738.27,164.16,245.79
503200,2025-05-30,110,2,292.13,584.26,215.55,153.16
503201,2025-05-30,114,1,266.44,266.44,183.47,82.97
503202,2025-05-30,116,2,50.07,100.14,34.84,30.46
503203,2025-05-30,117,1,91.8,91.8,55.09,36.71
503204,2025-05-30,118,1,256.08,256.08,198.94,57.14
503205,2025-05-30,119,3,198.83,596.49,137.36,184.41
503206,2025-05-30,122,1,185.72,185.72,136.04,49.68
503207,2025-05-30,127,1,99.85,99.85,61.95,37.9
503208,2025-05-30,131,1,333.06,333.06,218.92,114.14
503209,2025-05-30,134,1,37.23,37.23,28.02,9.21
503210,2025-05-30,138,1,315.76,315.76,216.53,99.23
503211,2025-05-30,139,1,143.43,143.43,101.37,42.06
503212,2025-05-30,142,1,58.26,58.26,34.86,23.4
503213,2025-05-30,143,1,323.71,323.71,237.32,86.39
503214,2025-05-30,145,1,55.05,55.05,35.61,19.44
503215,2025-05-30,152,1,214.28,214.28,169.22,45.06
503216,2025-05-30,158,2,192.52,385.04,134.46,116.12
503217,2025-05-30,159,1,243.51,243.51,158.58,84.93
503218,2025-05-30,164,1,342.45,342.45,209.39,133.06
503219,2025-05-30,166,3,183.2,549.6,138.4,134.4
503220,2025-05-30,167,1,70.09,70.09,48.28,21.81
503221,2025-05-30,168,1,289.8,289.8,228.17,61.63
503222,2025-05-30,170,1,154.1,154.1,94.54,59.56
505874,2025-05-30,103,2,102.57,205.14,68.4,68.34
505922,2025-05-30,115,1,92.47,92.47,56.54,35.93
506027,2025-05-30,132,1,99.35,99.35,73.24,26.11
506175,2025-05-30,153,2,45.82,91.64,28.45,34.74
503223,2025-05-31,110,3,292.13,876.39,215.55,229.74
503224,2025-05-31,118,1,256.08,256.08,198.94,57.14
503225,2025-05-31,119,3,198.83,596.49,137.36,184.41
503226,2025-05-31,126,1,61.33,61.33,48.82,12.51
503227,2025-05-31,130,1,250.88,250.88,199.42,51.46
503228,2025-05-31,131,1,333.06,333.06,218.92,114.14
503229,2025-05-31,138,1,315.76,315.76,216.53,99.23
503230,2025-05-31,139,1,143.43,143.43,101.37,42.06
503231,2025-05-31,149,2,288.99,577.98,208.97,160.04
503232,2025-05-31,150,1,410.26,410.26,249.3,160.96
503233,2025-05-31,151,1,59.95,59.95,36.25,23.7
503234,2025-05-31,157,1,82.29,82.29,49.11,33.18
503235,2025-05-31,158,1,192.52,192.52,134.46,58.06
503236,2025-05-31,159,1,243.51,243.51,158.58,84.93
503237,2025-05-31,164,1,342.45,342.45,209.39,133.06
503238,2025-05-31,167,1,70.09,70.09,48.28,21.81
506007,2025-05-31,128,2,126.0,252.0,85.72,80.56
503239,2025-06-01,106,1,249.43,249.43,172.41,77.02
503240,2025-06-01,110,2,292.13,584.26,215.55,153.16
503241,2025-06-01,119,1,198.83,198.83,137.36,61.47
503242,2025-06-01,127,2,99.85,199.7,61.95,75.8
503243,2025-06-01,131,2,333.06,666.12,218.92,228.28
503244,2025-06-01,142,2,58.26,116.52,34.86,46.8
503245,2025-06-01,143,1,323.71,323.71,237.32,86.39
503246,2025-06-01,146,1,111.1,111.1,78.58,32.52
503247,2025-06-01,149,2,288.99,577.98,208.97,160.04
503248,2025-06-01,151,1,59.95,59.95,36.25,23.7
503249,2025-06-01,152,1,214.28,214.28,169.22,45.06
503250,2025-06-01,156,3,71.91,215.73,55.69,48.66
503251,2025-06-01,157,1,82.29,82.29,49.11,33.18
503252,2025-06-01,158,4,192.52,770.08,134.46,232.24
503253,2025-06-01,164,1,342.45,342.45,209.39,133.06
503254,2025-06-01,166,2,183.2,366.4,138.4,89.6
503255,2025-06-01,167,2,70.09,140.18,48.28,43.62
503256,2025-06-01,168,1,289.8,289.8,228.17,61.63
503257,2025-06-01,170,2,154.1,308.2,94.54,119.12
505875,2025-06-01,103,2,102.57,205.14,68.4,68.34
503258,2025-06-02,101,1,193.32,193.32,118.14,75.18
503259,2025-06-02,104,2,401.59,803.18,243.11,316.96
503260,2025-06-02,105,2,338.49,676.98,242.36,192.26
503261,2025-06-02,109,2,246.09,492.18,164.16,163.86
503262,2025-06-02,110,1,292.13,292.13,215.55,76.58
503263,2025-06-02,112,1,175.04,175.04,132.75,42.29
503264,2025-06-02,118,1,256.08,256.08,198.94,57.14
503265,2025-06-02,119,2,198.83,397.66,137.36,122.94
503266,2025-06-02,122,1,185.72,185.72,136.04,49.68
503267,2025-06-02,127,2,99.85,199.7,61.95,75.8
503268,2025-06-02,131,2,333.06,666.12,218.92,228.28
503269,2025-06-02,142,2,58.26,116.52,34.86,46.8
503270,2025-06-02,143,2,323.71,647.42,237.32,172.78
503271,2025-06-02,145,1,55.05,55.05,35.61,19.44
503272,2025-06-02,148,1,69.95,69.95,42.84,27.11
503273,2025-06-02,152,2,214.28,428.56,169.22,90.12
503274,2025-06-02,156,1,71.91,71.91,55.69,16.22
503275,2025-06-02,160,1,170.86,170.86,126.42,44.44
503276,2025-06-02,161,1,299.5,299.5,200.05,99.45
503277,2025-06-02,164,1,342.45,342.45,209.39,133.06
503278,2025-06-02,165,1,273.04,273.04,196.44,76.6
503279,2025-06-02,167,1,70.09,70.09,48.28,21.81
503280,2025-06-02,170,1,154.1,154.1,94.54,59.56
505948,2025-06-02,120,2,238.12,476.24,172.98,130.28
503281,2025-06-03,101,4,193.32,773.28,118.14,300.72
503282,2025-06-03,106,1,249.43,249.43,172.41,77.02
503283,2025-06-03,108,1,289.07,289.07,198.47,90.6
503284,2025-06-03,109,2,246.09,492.18,164.16,163.86
503285,2025-06-03,110,4,292.13,1168.52,215.55,306.32
503286,2025-06-03,112,1,175.04,175.04,132.75,42.29
503287,2025-06-03,119,1,198.83,198.83,137.36,61.47
503288,2025-06-03,123,1,315.18,315.18,190.92,124.26
503289,2025-06-03,127,1,99.85,99.85,61.95,37.9
503290,2025-06-03,131,2,333.06,666.12,218.92,228.28
503291,2025-06-03,135,1,272.98,272.98,215.02,57.96
503292,2025-06-03,139,1,143.43,143.43,101.37,42.06
503293,2025-06-03,142,2,58.26,116.52,34.86,46.8
503294,2025-06-03,143,1,323.71,323.71,237.32,86.39
503295,2025-06-03,151,2,59.95,119.9,36.25,47.4
503296,2025-06-03,156,2,71.91,143.82,55.69,32.44
503297,2025-06-03,159,1,243.51,243.51,158.58,84.93
503298,2025-06-03,160,1,170.86,170.86,126.42,44.44
503299,2025-06-03,163,2,271.41,542.82,212.87,117.08
503300,2025-06-03,164,1,342.45,342.45,209.39,133.06
503301,2025-06-03,166,2,183.2,366.4,138.4,89.6
503302,2025-06-03,168,1,289.8,289.8,228.17,61.63
503303,2025-06-03,170,1,154.1,154.1,94.54,59.56
505841,2025-06-03,102,1,65.53,65.53,45.11,20.42
506205,2025-06-03,154,1,65.52,65.52,44.36,21.16
503304,2025-06-04,101,1,193.32,193.32,118.14,75.18
503305,2025-06-04,110,2,292.13,584.26,215.55,153.16
503306,2025-06-04,112,2,175.04,350.08,132.75,84.58
503307,2025-06-04,118,1,256.08,256.08,198.94,57.14
503308,2025-06-04,119,1,198.83,198.83,137.36,61.47
503309,2025-06-04,126,1,61.33,61.33,48.82,12.51
503310,2025-06-04,135,1,272.98,272.98,215.02,57.96
503311,2025-06-04,139,2,143.43,286.86,101.37,84.12
503312,2025-06-04,141,2,251.72,503.44,187.7,128.04
503313,2025-06-04,142,2,58.26,116.52,34.86,46.8
503314,2025-06-04,143,1,323.71,323.71,237.32,86.39
503315,2025-06-04,146,1,111.1,111.1,78.58,32.52
503316,2025-06-04,149,1,288.99,288.99,208.97,80.02
503317,2025-06-04,152,1,214.28,214.28,169.22,45.06
503318,2025-06-04,156,2,71.91,143.82,55.69,32.44
503319,2025-06-04,158,2,192.52,385.04,134.46,116.12
503320,2025-06-04,159,3,243.51,730.53,158.58,254.79
503321,2025-06-04,160,2,170.86,341.72,126.42,88.88
503322,2025-06-04,161,1,299.5,299.5,200.05,99.45
503323,2025-06-04,164,1,342.45,342.45,209.39,133.06
503324,2025-06-04,166,2,183.2,366.4,138.4,89.6
503325,2025-06-04,170,1,154.1,154.1,94.54,59.56
503326,2025-06-05,101,2,193.32,386.64,118.14,150.36
503327,2025-06-05,105,2,338.49,676.98,242.36,192.26
503328,2025-06-05,106,3,249.43,748.29,172.41,231.06
503329,2025-06-05,110,2,292.13,584.26,215.55,153.16
503330,2025-06-05,112,1,175.04,175.04,132.75,42.29
503331,2025-06-05,116,1,50.07,50.07,34.84,15.23
503332,2025-06-05,117,1,91.8,91.8,55.09,36.71
503333,2025-06-05,129,1,52.38,52.38,39.89,12.49
503334,2025-06-05,131,4,333.06,1332.24,218.92,456.56
503335,2025-06-05,135,1,272.98,272.98,215.02,57.96
503336,2025-06-05,141,1,251.72,251.72,187.7,64.02
503337,2025-06-05,143,1,323.71,323.71,237.32,86.39
503338,2025-06-05,145,2,55.05,110.1,35.61,38.88
503339,2025-06-05,149,1,288.99,288.99,208.97,80.02
503340,2025-06-05,151,2,59.95,119.9,36.25,47.4
503341,2025-06-05,152,1,214.28,214.28,169.22,45.06
503342,2025-06-05,156,1,71.91,71.91,55.69,16.22
503343,2025-06-05,158,2,192.52,385.04,134.46,116.12
503344,2025-06-05,161,2,299.5,599.0,200.05,198.9
503345,2025-06-05,163,1,271.41,271.41,212.87,58.54
503346,2025-06-05,165,1,273.04,273.04,196.44,76.6
503347,2025-06-05,167,1,70.09,70.09,48.28,21.81
503348,2025-06-05,168,1,289.8,289.8,228.17,61.63
503349,2025-06-05,170,1,154.1,154.1,94.54,59.56
503350,2025-06-06,101,1,193.32,193.32,118.14,75.18
503351,2025-06-06,104,2,401.59,803.18,243.11,316.96
503352,2025-06-06,106,2,249.43,498.86,172.41,154.04
503353,2025-06-06,118,2,256.08,512.16,198.94,114.28
503354,2025-06-06,122,1,185.72,185.72,136.04,49.68
503355,2025-06-06,127,1,99.85,99.85,61.95,37.9
503356,2025-06-06,131,1,333.06,333.06,218.92,114.14
503357,2025-06-06,138,1,315.76,315.76,216.53,99.23
503358,2025-06-06,142,2,58.26,116.52,34.86,46.8
503359,2025-06-06,149,1,288.99,288.99,208.97,80.02
503360,2025-06-06,151,1,59.95,59.95,36.25,23.7
503361,2025-06-06,156,3,71.91,215.73,55.69,48.66
503362,2025-06-06,159,1,243.51,243.51,158.58,84.93
503363,2025-06-06,160,1,170.86,170.86,126.42,44.44
503364,2025-06-06,163,1,271.41,271.41,212.87,58.54
503365,2025-06-06,166,2,183.2,366.4,138.4,89.6
503366,2025-06-06,167,1,70.09,70.09,48.28,21.81
503367,2025-06-06,168,1,289.8,289.8,228.17,61.63
503368,2025-06-06,170,1,154.1,154.1,94.54,59.56
505876,2025-06-06,103,1,102.57,102.57,68.4,34.17
505923,2025-06-06,115,1,92.47,92.47,56.54,35.93
506085,2025-06-06,136,2,152.73,305.46,102.8,99.86
503369,2025-06-07,105,2,338.49,676.98,242.36,192.26
503370,2025-06-07,106,4,249.43,997.72,172.41,308.08
503371,2025-06-07,109,1,246.09,246.09,164.16,81.93
503372,2025-06-07,110,1,292.13,292.13,215.55,76.58
503373,2025-06-07,112,1,175.04,175.04,132.75,42.29
503374,2025-06-07,118,2,256.08,512.16,198.94,114.28
503375,2025-06-07,126,1,61.33,61.33,48.82,12.51
503376,2025-06-07,127,1,99.85,99.85,61.95,37.9
503377,2025-06-07,129,2,52.38,104.76,39.89,24.98
503378,2025-06-07,131,1,333.06,333.06,218.92,114.14
503379,2025-06-07,135,2,272.98,545.96,215.02,115.92
503380,2025-06-07,139,1,143.43,143.43,101.37,42.06
503381,2025-06-07,141,2,251.72,503.44,187.7,128.04
503382,2025-06-07,142,2,58.26,116.52,34.86,46.8
503383,2025-06-07,159,3,243.51,730.53,158.58,254.79
503384,2025-06-07,166,3,183.2,549.6,138.4,134.4
503385,2025-06-07,170,2,154.1,308.2,94.54,119.12
506028,2025-06-07,132,2,99.35,198.7,73.24,52.22
506129,2025-06-07,140,1,178.93,178.93,128.01,50.92
503386,2025-06-08,106,2,249.43,498.86,172.41,154.04
503387,2025-06-08,109,2,246.09,492.18,164.16,163.86
503388,2025-06-08,110,1,292.13,292.13,215.55,76.58
503389,2025-06-08,112,1,175.04,175.04,132.75,42.29
503390,2025-06-08,116,1,50.07,50.07,34.84,15.23
503391,2025-06-08,118,1,256.08,256.08,198.94,57.14
503392,2025-06-08,119,1,198.83,198.83,137.36,61.47
503393,2025-06-08,123,1,315.18,315.18,190.92,124.26
503394,2025-06-08,131,1,333.06,333.06,218.92,114.14
503395,2025-06-08,139,1,143.43,143.43,101.37,42.06
503396,2025-06-08,141,1,251.72,251.72,187.7,64.02
503397,2025-06-08,142,2,58.26,116.52,34.86,46.8
503398,2025-06-08,145,2,55.05,110.1,35.61,38.88
503399,2025-06-08,146,1,111.1,111.1,78.58,32.52
503400,2025-06-08,156,3,71.91,215.73,55.69,48.66
503401,2025-06-08,159,1,243.51,243.51,158.58,84.93
503402,2025-06-08,167,1,70.09,70.09,48.28,21.81
503403,2025-06-08,168,2,289.8,579.6,228.17,123.26
503404,2025-06-08,169,1,117.76,117.76,72.26,45.5
503405,2025-06-08,170,1,154.1,154.1,94.54,59.56
505901,2025-06-08,113,1,46.39,46.39,35.6,10.79
506114,2025-06-08,137,2,395.0,790.0,245.2,299.6
506150,2025-06-08,144,1,219.65,219.65,137.82,81.83
503406,2025-06-09,101,1,193.32,193.32,118.14,75.18
503407,2025-06-09,104,1,401.59,401.59,243.11,158.48
503408,2025-06-09,106,4,249.43,997.72,172.41,308.08
503409,2025-06-09,110,1,292.13,292.13,215.55,76.58
503410,2025-06-09,118,4,256.08,1024.32,198.94,228.56
503411,2025-06-09,119,2,198.83,397.66,137.36,122.94
503412,2025-06-09,123,1,315.18,315.18,190.92,124.26
503413,2025-06-09,127,1,99.85,99.85,61.95,37.9
503414,2025-06-09,131,1,333.06,333.06,218.92,114.14
503415,2025-06-09,139,1,143.43,143.43,101.37,42.06
503416,2025-06-09,141,1,251.72,251.72,187.7,64.02
503417,2025-06-09,142,1,58.26,58.26,34.86,23.4
503418,2025-06-09,151,3,59.95,179.85,36.25,71.1
503419,2025-06-09,157,1,82.29,82.29,49.11,33.18
503420,2025-06-09,159,1,243.51,243.51,158.58,84.93
503421,2025-06-09,160,2,170.86,341.72,126.42,88.88
503422,2025-06-09,161,1,299.5,299.5,200.05,99.45
503423,2025-06-09,164,1,342.45,342.45,209.39,133.06
503424,2025-06-09,168,1,289.8,289.8,228.17,61.63
503425,2025-06-09,170,1,154.1,154.1,94.54,59.56
505974,2025-06-09,121,2,35.68,71.36,23.79,23.78
506086,2025-06-09,136,2,152.73,305.46,102.8,99.86
503426,2025-06-10,109,1,246.09,246.09,164.16,81.93
503427,2025-06-10,110,1,292.13,292.13,215.55,76.58
503428,2025-06-10,112,1,175.04,175.04,132.75,42.29
503429,2025-06-10,116,1,50.07,50.07,34.84,15.23
503430,2025-06-10,118,2,256.08,512.16,198.94,114.28
503431,2025-06-10,119,2,198.83,397.66,137.36,122.94
503432,2025-06-10,123,1,315.18,315.18,190.92,124.26
503433,2025-06-10,127,1,99.85,99.85,61.95,37.9
503434,2025-06-10,131,2,333.06,666.12,218.92,228.28
503435,2025-06-10,134,1,37.23,37.23,28.02,9.21
503436,2025-06-10,135,1,272.98,272.98,215.02,57.96
503437,2025-06-10,139,1,143.43,143.43,101.37,42.06
503438,2025-06-10,142,2,58.26,116.52,34.86,46.8
503439,2025-06-10,143,2,323.71,647.42,237.32,172.78
503440,2025-06-10,151,1,59.95,59.95,36.25,23.7
503441,2025-06-10,152,1,214.28,214.28,169.22,45.06
503442,2025-06-10,157,1,82.29,82.29,49.11,33.18
503443,2025-06-10,158,2,192.52,385.04,134.46,116.12
503444,2025-06-10,159,2,243.51,487.02,158.58,169.86
503445,2025-06-10,160,1,170.86,170.86,126.42,44.44
503446,2025-06-10,166,1,183.2,183.2,138.4,44.8
503447,2025-06-10,167,2,70.09,140.18,48.28,43.62
503448,2025-06-10,170,2,154.1,308.2,94.54,119.12
503449,2025-06-11,101,2,193.32,386.64,118.14,150.36
503450,2025-06-11,106,1,249.43,249.43,172.41,77.02
503451,2025-06-11,108,1,289.07,289.07,198.47,90.6
503452,2025-06-11,109,1,246.09,246.09,164.16,81.93
503453,2025-06-11,110,1,292.13,292.13,215.55,76.58
503454,2025-06-11,116,1,50.07,50.07,34.84,15.23
503455,2025-06-11,119,1,198.83,198.83,137.36,61.47
503456,2025-06-11,127,1,99.85,99.85,61.95,37.9
503457,2025-06-11,131,2,333.06,666.12,218.92,228.28
503458,2025-06-11,138,1,315.76,315.76,216.53,99.23
503459,2025-06-11,142,3,58.26,174.78,34.86,70.2
503460,2025-06-11,143,3,323.71,971.13,237.32,259.17
503461,2025-06-11,146,1,111.1,111.1,78.58,32.52
503462,2025-06-11,151,1,59.95,59.95,36.25,23.7
503463,2025-06-11,156,1,71.91,71.91,55.69,16.22
503464,2025-06-11,158,2,192.52,385.04,134.46,116.12
503465,2025-06-11,163,1,271.41,271.41,212.87,58.54
503466,2025-06-11,166,1,183.2,183.2,138.4,44.8
503467,2025-06-11,168,1,289.8,289.8,228.17,61.63
503468,2025-06-11,170,2,154.1,308.2,94.54,119.12
505924,2025-06-11,115,2,92.47,184.94,56.54,71.86
503469,2025-06-12,101,1,193.32,193.32,118.14,75.18
503470,2025-06-12,106,1,249.43,249.43,172.41,77.02
503471,2025-06-12,110,2,292.13,584.26,215.55,153.16
503472,2025-06-12,116,3,50.07,150.21,34.84,45.69
503473,2025-06-12,119,1,198.83,198.83,137.36,61.47
503474,2025-06-12,127,1,99.85,99.85,61.95,37.9
503475,2025-06-12,130,1,250.88,250.88,199.42,51.46
503476,2025-06-12,131,1,333.06,333.06,218.92,114.14
503477,2025-06-12,138,1,315.76,315.76,216.53,99.23
503478,2025-06-12,142,1,58.26,58.26,34.86,23.4
503479,2025-06-12,143,2,323.71,647.42,237.32,172.78
503480,2025-06-12,148,1,69.95,69.95,42.84,27.11
503481,2025-06-12,151,1,59.95,59.95,36.25,23.7
503482,2025-06-12,152,2,214.28,428.56,169.22,90.12
503483,2025-06-12,155,1,123.41,123.41,78.63,44.78
503484,2025-06-12,156,3,71.91,215.73,55.69,48.66
503485,2025-06-12,157,1,82.29,82.29,49.11,33.18
503486,2025-06-12,158,3,192.52,577.56,134.46,174.18
503487,2025-06-12,159,1,243.51,243.51,158.58,84.93
503488,2025-06-12,161,1,299.5,299.5,200.05,99.45
503489,2025-06-12,163,1,271.41,271.41,212.87,58.54
503490,2025-06-12,166,3,183.2,549.6,138.4,134.4
503491,2025-06-12,167,1,70.09,70.09,48.28,21.81
503492,2025-06-13,101,1,193.32,193.32,118.14,75.18
503493,2025-06-13,104,2,401.59,803.18,243.11,316.96
503494,2025-06-13,106,4,249.43,997.72,172.41,308.08
503495,2025-06-13,109,1,246.09,246.09,164.16,81.93
503496,2025-06-13,110,2,292.13,584.26,215.55,153.16
503497,2025-06-13,112,1,175.04,175.04,132.75,42.29
503498,2025-06-13,119,2,198.83,397.66,137.36,122.94
503499,2025-06-13,131,1,333.06,333.06,218.92,114.14
503500,2025-06-13,134,1,37.23,37.23,28.02,9.21
503501,2025-06-13,141,1,251.72,251.72,187.7,64.02
503502,2025-06-13,143,1,323.71,323.71,237.32,86.39
503503,2025-06-13,145,1,55.05,55.05,35.61,19.44
503504,2025-06-13,151,5,59.95,299.75,36.25,118.5
503505,2025-06-13,152,1,214.28,214.28,169.22,45.06
503506,2025-06-13,155,1,123.41,123.41,78.63,44.78
503507,2025-06-13,156,1,71.91,71.91,55.69,16.22
503508,2025-06-13,159,1,243.51,243.51,158.58,84.93
503509,2025-06-13,160,1,170.86,170.86,126.42,44.44
503510,2025-06-13,163,1,271.41,271.41,212.87,58.54
503511,2025-06-13,164,1,342.45,342.45,209.39,133.06
503512,2025-06-13,166,1,183.2,183.2,138.4,44.8
503513,2025-06-13,170,3,154.1,462.3,94.54,178.68
506029,2025-06-13,132,1,99.35,99.35,73.24,26.11
506115,2025-06-13,137,2,395.0,790.0,245.2,299.6
503514,2025-06-14,105,1,338.49,338.49,242.36,96.13
503515,2025-06-14,106,1,249.43,249.43,172.41,77.02
503516,2025-06-14,112,1,175.04,175.04,132.75,42.29
503517,2025-06-14,116,1,50.07,50.07,34.84,15.23
503518,2025-06-14,118,1,256.08,256.08,198.94,57.14
503519,2025-06-14,119,1,198.83,198.83,137.36,61.47
503520,2025-06-14,123,1,315.18,315.18,190.92,124.26
503521,2025-06-14,127,1,99.85,99.85,61.95,37.9
503522,2025-06-14,131,2,333.06,666.12,218.92,228.28
503523,2025-06-14,141,2,251.72,503.44,187.7,128.04
503524,2025-06-14,142,1,58.26,58.26,34.86,23.4
503525,2025-06-14,143,3,323.71,971.13,237.32,259.17
503526,2025-06-14,152,2,214.28,428.56,169.22,90.12
503527,2025-06-14,158,1,192.52,192.52,134.46,58.06
503528,2025-06-14,159,1,243.51,243.51,158.58,84.93
503529,2025-06-14,160,1,170.86,170.86,126.42,44.44
503530,2025-06-14,167,2,70.09,140.18,48.28,43.62
503531,2025-06-14,170,2,154.1,308.2,94.54,119.12
505925,2025-06-14,115,1,92.47,92.47,56.54,35.93
506224,2025-06-14,162,1,341.77,341.77,231.45,110.32
503532,2025-06-15,101,3,193.32,579.96,118.14,225.54
503533,2025-06-15,112,2,175.04,350.08,132.75,84.58
503534,2025-06-15,114,1,266.44,266.44,183.47,82.97
503535,2025-06-15,116,2,50.07,100.14,34.84,30.46
503536,2025-06-15,119,1,198.83,198.83,137.36,61.47
503537,2025-06-15,123,1,315.18,315.18,190.92,124.26
503538,2025-06-15,127,1,99.85,99.85,61.95,37.9
503539,2025-06-15,134,1,37.23,37.23,28.02,9.21
503540,2025-06-15,145,1,55.05,55.05,35.61,19.44
503541,2025-06-15,151,2,59.95,119.9,36.25,47.4
503542,2025-06-15,156,2,71.91,143.82,55.69,32.44
503543,2025-06-15,157,1,82.29,82.29,49.11,33.18
503544,2025-06-15,160,1,170.86,170.86,126.42,44.44
503545,2025-06-15,161,2,299.5,599.0,200.05,198.9
503546,2025-06-15,166,3,183.2,549.6,138.4,134.4
503547,2025-06-15,170,1,154.1,154.1,94.54,59.56
506176,2025-06-15,153,1,45.82,45.82,28.45,17.37
503548,2025-06-16,101,1,193.32,193.32,118.14,75.18
503549,2025-06-16,106,2,249.43,498.86,172.41,154.04
503550,2025-06-16,109,2,246.09,492.18,164.16,163.86
503551,2025-06-16,110,3,292.13,876.39,215.55,229.74
503552,2025-06-16,112,1,175.04,175.04,132.75,42.29
503553,2025-06-16,118,1,256.08,256.08,198.94,57.14
503554,2025-06-16,119,1,198.83,198.83,137.36,61.47
503555,2025-06-16,130,1,250.88,250.88,199.42,51.46
503556,2025-06-16,131,1,333.06,333.06,218.92,114.14
503557,2025-06-16,134,1,37.23,37.23,28.02,9.21
503558,2025-06-16,141,1,251.72,251.72,187.7,64.02
503559,2025-06-16,142,1,58.26,58.26,34.86,23.4
503560,2025-06-16,143,2,323.71,647.42,237.32,172.78
503561,2025-06-16,145,1,55.05,55.05,35.61,19.44
503562,2025-06-16,149,1,288.99,288.99,208.97,80.02
503563,2025-06-16,152,1,214.28,214.28,169.22,45.06
503564,2025-06-16,157,1,82.29,82.29,49.11,33.18
503565,2025-06-16,158,2,192.52,385.04,134.46,116.12
503566,2025-06-16,159,3,243.51,730.53,158.58,254.79
503567,2025-06-16,166,3,183.2,549.6,138.4,134.4
503568,2025-06-16,167,1,70.09,70.09,48.28,21.81
505842,2025-06-16,102,1,65.53,65.53,45.11,20.42
506054,2025-06-16,133,1,115.61,115.61,87.93,27.68
503569,2025-06-17,105,1,338.49,338.49,242.36,96.13
503570,2025-06-17,106,2,249.43,498.86,172.41,154.04
503571,2025-06-17,109,1,246.09,246.09,164.16,81.93
503572,2025-06-17,110,4,292.13,1168.52,215.55,306.32
503573,2025-06-17,116,1,50.07,50.07,34.84,15.23
503574,2025-06-17,131,1,333.06,333.06,218.92,114.14
503575,2025-06-17,135,1,272.98,272.98,215.02,57.96
503576,2025-06-17,139,1,143.43,143.43,101.37,42.06
503577,2025-06-17,143,2,323.71,647.42,237.32,172.78
503578,2025-06-17,150,2,410.26,820.52,249.3,321.92
503579,2025-06-17,156,2,71.91,143.82,55.69,32.44
503580,2025-06-17,158,1,192.52,192.52,134.46,58.06
503581,2025-06-17,159,1,243.51,243.51,158.58,84.93
503582,2025-06-17,166,3,183.2,549.6,138.4,134.4
503583,2025-06-17,167,3,70.09,210.27,48.28,65.43
503584,2025-06-17,170,1,154.1,154.1,94.54,59.56
505877,2025-06-17,103,1,102.57,102.57,68.4,34.17
505878,2025-06-17,103,2,102.57,205.14,68.4,68.34
503585,2025-06-18,101,1,193.32,193.32,118.14,75.18
503586,2025-06-18,104,1,401.59,401.59,243.11,158.48
503587,2025-06-18,106,3,249.43,748.29,172.41,231.06
503588,2025-06-18,108,1,289.07,289.07,198.47,90.6
503589,2025-06-18,110,2,292.13,584.26,215.55,153.16
503590,2025-06-18,112,3,175.04,525.12,132.75,126.87
503591,2025-06-18,118,3,256.08,768.24,198.94,171.42
503592,2025-06-18,119,1,198.83,198.83,137.36,61.47
503593,2025-06-18,125,1,86.82,86.82,57.13,29.69
503594,2025-06-18,127,1,99.85,99.85,61.95,37.9
503595,2025-06-18,131,1,333.06,333.06,218.92,114.14
503596,2025-06-18,135,1,272.98,272.98,215.02,57.96
503597,2025-06-18,138,1,315.76,315.76,216.53,99.23
503598,2025-06-18,142,2,58.26,116.52,34.86,46.8
503599,2025-06-18,143,2,323.71,647.42,237.32,172.78
503600,2025-06-18,151,1,59.95,59.95,36.25,23.7
503601,2025-06-18,152,1,214.28,214.28,169.22,45.06
503602,2025-06-18,156,1,71.91,71.91,55.69,16.22
503603,2025-06-18,158,1,192.52,192.52,134.46,58.06
503604,2025-06-18,159,2,243.51,487.02,158.58,169.86
503605,2025-06-18,160,1,170.86,170.86,126.42,44.44
503606,2025-06-18,161,1,299.5,299.5,200.05,99.45
503607,2025-06-18,163,2,271.41,542.82,212.87,117.08
503608,2025-06-18,165,1,273.04,273.04,196.44,76.6
503609,2025-06-18,167,3,70.09,210.27,48.28,65.43
503610,2025-06-18,170,2,154.1,308.2,94.54,119.12
505926,2025-06-18,115,1,92.47,92.47,56.54,35.93
506030,2025-06-18,132,1,99.35,99.35,73.24,26.11
506225,2025-06-18,162,1,341.77,341.77,231.45,110.32
503611,2025-06-19,101,2,193.32,386.64,118.14,150.36
503612,2025-06-19,106,3,249.43,748.29,172.41,231.06
503613,2025-06-19,109,1,246.09,246.09,164.16,81.93
503614,2025-06-19,110,1,292.13,292.13,215.55,76.58
503615,2025-06-19,112,3,175.04,525.12,132.75,126.87
503616,2025-06-19,117,1,91.8,91.8,55.09,36.71
503617,2025-06-19,118,1,256.08,256.08,198.94,57.14
503618,2025-06-19,123,1,315.18,315.18,190.92,124.26
503619,2025-06-19,127,1,99.85,99.85,61.95,37.9
503620,2025-06-19,130,1,250.88,250.88,199.42,51.46
503621,2025-06-19,131,2,333.06,666.12,218.92,228.28
503622,2025-06-19,134,1,37.23,37.23,28.02,9.21
503623,2025-06-19,142,2,58.26,116.52,34.86,46.8
503624,2025-06-19,145,1,55.05,55.05,35.61,19.44
503625,2025-06-19,150,1,410.26,410.26,249.3,160.96
503626,2025-06-19,151,2,59.95,119.9,36.25,47.4
503627,2025-06-19,156,2,71.91,143.82,55.69,32.44
503628,2025-06-19,157,1,82.29,82.29,49.11,33.18
503629,2025-06-19,158,1,192.52,192.52,134.46,58.06
503630,2025-06-19,160,1,170.86,170.86,126.42,44.44
503631,2025-06-19,161,1,299.5,299.5,200.05,99.45
503632,2025-06-19,163,1,271.41,271.41,212.87,58.54
503633,2025-06-19,166,1,183.2,183.2,138.4,44.8
503634,2025-06-19,167,2,70.09,140.18,48.28,43.62
503635,2025-06-19,168,1,289.8,289.8,228.17,61.63
503636,2025-06-19,170,1,154.1,154.1,94.54,59.56
505995,2025-06-19,124,1,59.0,59.0,37.2,21.8
506130,2025-06-19,140,1,178.93,178.93,128.01,50.92
506177,2025-06-19,153,1,45.82,45.82,28.45,17.37
503637,2025-06-20,106,1,249.43,249.43,172.41,77.02
503638,2025-06-20,109,1,246.09,246.09,164.16,81.93
503639,2025-06-20,110,1,292.13,292.13,215.55,76.58
503640,2025-06-20,112,2,175.04,350.08,132.75,84.58
503641,2025-06-20,118,1,256.08,256.08,198.94,57.14
503642,2025-06-20,119,1,198.83,198.83,137.36,61.47
503643,2025-06-20,123,1,315.18,315.18,190.92,124.26
503644,2025-06-20,131,1,333.06,333.06,218.92,114.14
503645,2025-06-20,134,1,37.23,37.23,28.02,9.21
503646,2025-06-20,135,1,272.98,272.98,215.02,57.96
503647,2025-06-20,138,1,315.76,315.76,216.53,99.23
503648,2025-06-20,142,1,58.26,58.26,34.86,23.4
503649,2025-06-20,143,5,323.71,1618.55,237.32,431.95
503650,2025-06-20,151,3,59.95,179.85,36.25,71.1
503651,2025-06-20,156,1,71.91,71.91,55.69,16.22
503652,2025-06-20,157,1,82.29,82.29,49.11,33.18
503653,2025-06-20,158,3,192.52,577.56,134.46,174.18
503654,2025-06-20,159,2,243.51,487.02,158.58,169.86
503655,2025-06-20,161,1,299.5,299.5,200.05,99.45
503656,2025-06-20,164,3,342.45,1027.35,209.39,399.18
503657,2025-06-20,166,1,183.2,183.2,138.4,44.8
503658,2025-06-20,167,1,70.09,70.09,48.28,21.81
506116,2025-06-20,137,1,395.0,395.0,245.2,149.8
503659,2025-06-21,104,1,401.59,401.59,243.11,158.48
503660,2025-06-21,106,2,249.43,498.86,172.41,154.04
503661,2025-06-21,112,2,175.04,350.08,132.75,84.58
503662,2025-06-21,116,1,50.07,50.07,34.84,15.23
503663,2025-06-21,118,2,256.08,512.16,198.94,114.28
503664,2025-06-21,125,1,86.82,86.82,57.13,29.69
503665,2025-06-21,131,1,333.06,333.06,218.92,114.14
503666,2025-06-21,134,1,37.23,37.23,28.02,9.21
503667,2025-06-21,135,1,272.98,272.98,215.02,57.96
503668,2025-06-21,141,1,251.72,251.72,187.7,64.02
503669,2025-06-21,142,1,58.26,58.26,34.86,23.4
503670,2025-06-21,145,2,55.05,110.1,35.61,38.88
503671,2025-06-21,151,1,59.95,59.95,36.25,23.7
503672,2025-06-21,156,1,71.91,71.91,55.69,16.22
503673,2025-06-21,157,2,82.29,164.58,49.11,66.36
503674,2025-06-21,158,1,192.52,192.52,134.46,58.06
503675,2025-06-21,161,1,299.5,299.5,200.05,99.45
503676,2025-06-21,163,1,271.41,271.41,212.87,58.54
503677,2025-06-21,166,1,183.2,183.2,138.4,44.8
503678,2025-06-21,167,2,70.09,140.18,48.28,43.62
503679,2025-06-21,168,1,289.8,289.8,228.17,61.63
503680,2025-06-21,170,1,154.1,154.1,94.54,59.56
506055,2025-06-21,133,1,115.61,115.61,87.93,27.68
506117,2025-06-21,137,1,395.0,395.0,245.2,149.8
503681,2025-06-22,101,2,193.32,386.64,118.14,150.36
503682,2025-06-22,104,1,401.59,401.59,243.11,158.48
503683,2025-06-22,110,2,292.13,584.26,215.55,153.16
503684,2025-06-22,116,1,50.07,50.07,34.84,15.23
503685,2025-06-22,123,1,315.18,315.18,190.92,124.26
503686,2025-06-22,134,1,37.23,37.23,28.02,9.21
503687,2025-06-22,139,1,143.43,143.43,101.37,42.06
503688,2025-06-22,141,2,251.72,503.44,187.7,128.04
503689,2025-06-22,142,1,58.26,58.26,34.86,23.4
503690,2025-06-22,143,1,323.71,323.71,237.32,86.39
503691,2025-06-22,146,1,111.1,111.1,78.58,32.52
503692,2025-06-22,156,1,71.91,71.91,55.69,16.22
503693,2025-06-22,158,1,192.52,192.52,134.46,58.06
503694,2025-06-22,160,2,170.86,341.72,126.42,88.88
503695,2025-06-22,168,1,289.8,289.8,228.17,61.63
503696,2025-06-22,169,1,117.76,117.76,72.26,45.5
503697,2025-06-22,170,2,154.1,308.2,94.54,119.12
506031,2025-06-22,132,2,99.35,198.7,73.24,52.22
506087,2025-06-22,136,2,152.73,305.46,102.8,99.86
503698,2025-06-23,106,2,249.43,498.86,172.41,154.04
503699,2025-06-23,116,1,50.07,50.07,34.84,15.23
503700,2025-06-23,118,1,256.08,256.08,198.94,57.14
503701,2025-06-23,119,2,198.83,397.66,137.36,122.94
503702,2025-06-23,123,1,315.18,315.18,190.92,124.26
503703,2025-06-23,127,1,99.85,99.85,61.95,37.9
503704,2025-06-23,131,2,333.06,666.12,218.92,228.28
503705,2025-06-23,138,2,315.76,631.52,216.53,198.46
503706,2025-06-23,139,1,143.43,143.43,101.37,42.06
503707,2025-06-23,141,1,251.72,251.72,187.7,64.02
503708,2025-06-23,142,1,58.26,58.26,34.86,23.4
503709,2025-06-23,143,1,323.71,323.71,237.32,86.39
503710,2025-06-23,145,3,55.05,165.15,35.61,58.32
503711,2025-06-23,156,3,71.91,215.73,55.69,48.66
503712,2025-06-23,157,1,82.29,82.29,49.11,33.18
503713,2025-06-23,159,1,243.51,243.51,158.58,84.93
503714,2025-06-23,160,1,170.86,170.86,126.42,44.44
503715,2025-06-23,161,1,299.5,299.5,200.05,99.45
503716,2025-06-23,164,1,342.45,342.45,209.39,133.06
503717,2025-06-23,166,2,183.2,366.4,138.4,89.6
503718,2025-06-23,167,1,70.09,70.09,48.28,21.81
503719,2025-06-23,170,1,154.1,154.1,94.54,59.56
503720,2025-06-24,101,1,193.32,193.32,118.14,75.18
503721,2025-06-24,104,1,401.59,401.59,243.11,158.48
503722,2025-06-24,106,1,249.43,249.43,172.41,77.02
503723,2025-06-24,110,2,292.13,584.26,215.55,153.16
503724,2025-06-24,112,1,175.04,175.04,132.75,42.29
503725,2025-06-24,117,2,91.8,183.6,55.09,73.42
503726,2025-06-24,119,3,198.83,596.49,137.36,184.41
503727,2025-06-24,123,1,315.18,315.18,190.92,124.26
503728,2025-06-24,131,1,333.06,333.06,218.92,114.14
503729,2025-06-24,141,1,251.72,251.72,187.7,64.02
503730,2025-06-24,143,1,323.71,323.71,237.32,86.39
503731,2025-06-24,149,1,288.99,288.99,208.97,80.02
503732,2025-06-24,151,1,59.95,59.95,36.25,23.7
503733,2025-06-24,152,2,214.28,428.56,169.22,90.12
503734,2025-06-24,157,2,82.29,164.58,49.11,66.36
503735,2025-06-24,158,1,192.52,192.52,134.46,58.06
503736,2025-06-24,159,2,243.51,487.02,158.58,169.86
503737,2025-06-24,165,1,273.04,273.04,196.44,76.6
503738,2025-06-24,167,4,70.09,280.36,48.28,87.24
503739,2025-06-24,170,1,154.1,154.1,94.54,59.56
503740,2025-06-25,101,1,193.32,193.32,118.14,75.18
503741,2025-06-25,104,1,401.59,401.59,243.11,158.48
503742,2025-06-25,105,1,338.49,338.49,242.36,96.13
503743,2025-06-25,106,2,249.43,498.86,172.41,154.04
503744,2025-06-25,110,1,292.13,292.13,215.55,76.58
503745,2025-06-25,112,1,175.04,175.04,132.75,42.29
503746,2025-06-25,117,1,91.8,91.8,55.09,36.71
503747,2025-06-25,118,1,256.08,256.08,198.94,57.14
503748,2025-06-25,119,3,198.83,596.49,137.36,184.41
503749,2025-06-25,123,1,315.18,315.18,190.92,124.26
503750,2025-06-25,130,1,250.88,250.88,199.42,51.46
503751,2025-06-25,131,4,333.06,1332.24,218.92,456.56
503752,2025-06-25,139,1,143.43,143.43,101.37,42.06
503753,2025-06-25,142,1,58.26,58.26,34.86,23.4
503754,2025-06-25,143,1,323.71,323.71,237.32,86.39
503755,2025-06-25,145,2,55.05,110.1,35.61,38.88
503756,2025-06-25,146,1,111.1,111.1,78.58,32.52
503757,2025-06-25,152,1,214.28,214.28,169.22,45.06
503758,2025-06-25,157,1,82.29,82.29,49.11,33.18
503759,2025-06-25,158,1,192.52,192.52,134.46,58.06
503760,2025-06-25,159,1,243.51,243.51,158.58,84.93
503761,2025-06-25,160,1,170.86,170.86,126.42,44.44
503762,2025-06-25,161,1,299.5,299.5,200.05,99.45
503763,2025-06-25,163,1,271.41,271.41,212.87,58.54
503764,2025-06-25,166,4,183.2,732.8,138.4,179.2
503765,2025-06-25,167,1,70.09,70.09,48.28,21.81
505927,2025-06-25,115,2,92.47,184.94,56.54,71.86
506032,2025-06-25,132,1,99.35,99.35,73.24,26.11
503766,2025-06-26,105,1,338.49,338.49,242.36,96.13
503767,2025-06-26,106,3,249.43,748.29,172.41,231.06
503768,2025-06-26,110,1,292.13,292.13,215.55,76.58
503769,2025-06-26,112,1,175.04,175.04,132.75,42.29
503770,2025-06-26,116,1,50.07,50.07,34.84,15.23
503771,2025-06-26,118,1,256.08,256.08,198.94,57.14
503772,2025-06-26,119,1,198.83,198.83,137.36,61.47
503773,2025-06-26,127,2,99.85,199.7,61.95,75.8
503774,2025-06-26,129,1,52.38,52.38,39.89,12.49
503775,2025-06-26,131,1,333.06,333.06,218.92,114.14
503776,2025-06-26,134,1,37.23,37.23,28.02,9.21
503777,2025-06-26,141,2,251.72,503.44,187.7,128.04
503778,2025-06-26,143,1,323.71,323.71,237.32,86.39
503779,2025-06-26,145,1,55.05,55.05,35.61,19.44
503780,2025-06-26,156,1,71.91,71.91,55.69,16.22
503781,2025-06-26,159,1,243.51,243.51,158.58,84.93
503782,2025-06-26,163,1,271.41,271.41,212.87,58.54
503783,2025-06-26,164,1,342.45,342.45,209.39,133.06
503784,2025-06-26,166,1,183.2,183.2,138.4,44.8
503785,2025-06-26,170,1,154.1,154.1,94.54,59.56
505879,2025-06-26,103,1,102.57,102.57,68.4,34.17
505975,2025-06-26,121,2,35.68,71.36,23.79,23.78
503786,2025-06-27,101,1,193.32,193.32,118.14,75.18
503787,2025-06-27,105,1,338.49,338.49,242.36,96.13
503788,2025-06-27,106,1,249.43,249.43,172.41,77.02
503789,2025-06-27,112,1,175.04,175.04,132.75,42.29
503790,2025-06-27,116,1,50.07,50.07,34.84,15.23
503791,2025-06-27,117,1,91.8,91.8,55.09,36.71
503792,2025-06-27,118,1,256.08,256.08,198.94,57.14
503793,2025-06-27,126,1,61.33,61.33,48.82,12.51
503794,2025-06-27,130,1,250.88,250.88,199.42,51.46
503795,2025-06-27,131,1,333.06,333.06,218.92,114.14
503796,2025-06-27,135,1,272.98,272.98,215.02,57.96
503797,2025-06-27,139,3,143.43,430.29,101.37,126.18
503798,2025-06-27,141,1,251.72,251.72,187.7,64.02
503799,2025-06-27,143,1,323.71,323.71,237.32,86.39
503800,2025-06-27,149,1,288.99,288.99,208.97,80.02
503801,2025-06-27,155,1,123.41,123.41,78.63,44.78
503802,2025-06-27,156,1,71.91,71.91,55.69,16.22
503803,2025-06-27,158,1,192.52,192.52,134.46,58.06
503804,2025-06-27,159,1,243.51,243.51,158.58,84.93
503805,2025-06-27,161,1,299.5,299.5,200.05,99.45
503806,2025-06-27,166,3,183.2,549.6,138.4,134.4
503807,2025-06-27,170,2,154.1,308.2,94.54,119.12
503808,2025-06-28,105,1,338.49,338.49,242.36,96.13
503809,2025-06-28,110,3,292.13,876.39,215.55,229.74
503810,2025-06-28,112,2,175.04,350.08,132.75,84.58
503811,2025-06-28,114,1,266.44,266.44,183.47,82.97
503812,2025-06-28,116,1,50.07,50.07,34.84,15.23
503813,2025-06-28,117,1,91.8,91.8,55.09,36.71
503814,2025-06-28,119,2,198.83,397.66,137.36,122.94
503815,2025-06-28,131,1,333.06,333.06,218.92,114.14
503816,2025-06-28,134,1,37.23,37.23,28.02,9.21
503817,2025-06-28,135,1,272.98,272.98,215.02,57.96
503818,2025-06-28,142,1,58.26,58.26,34.86,23.4
503819,2025-06-28,145,1,55.05,55.05,35.61,19.44
503820,2025-06-28,156,2,71.91,143.82,55.69,32.44
503821,2025-06-28,158,1,192.52,192.52,134.46,58.06
503822,2025-06-28,160,1,170.86,170.86,126.42,44.44
503823,2025-06-28,161,1,299.5,299.5,200.05,99.45
503824,2025-06-28,165,1,273.04,273.04,196.44,76.6
503825,2025-06-28,166,2,183.2,366.4,138.4,89.6
503826,2025-06-28,167,1,70.09,70.09,48.28,21.81
503827,2025-06-28,168,1,289.8,289.8,228.17,61.63
503828,2025-06-28,170,1,154.1,154.1,94.54,59.56
505880,2025-06-28,103,1,102.57,102.57,68.4,34.17
503829,2025-06-29,101,2,193.32,386.64,118.14,150.36
503830,2025-06-29,106,4,249.43,997.72,172.41,308.08
503831,2025-06-29,109,1,246.09,246.09,164.16,81.93
503832,2025-06-29,117,2,91.8,183.6,55.09,73.42
503833,2025-06-29,119,3,198.83,596.49,137.36,184.41
503834,2025-06-29,123,1,315.18,315.18,190.92,124.26
503835,2025-06-29,131,1,333.06,333.06,218.92,114.14
503836,2025-06-29,134,2,37.23,74.46,28.02,18.42
503837,2025-06-29,142,2,58.26,116.52,34.86,46.8
503838,2025-06-29,143,2,323.71,647.42,237.32,172.78
503839,2025-06-29,145,1,55.05,55.05,35.61,19.44
503840,2025-06-29,151,1,59.95,59.95,36.25,23.7
503841,2025-06-29,158,1,192.52,192.52,134.46,58.06
503842,2025-06-29,160,1,170.86,170.86,126.42,44.44
503843,2025-06-29,166,3,183.2,549.6,138.4,134.4
503844,2025-06-29,168,1,289.8,289.8,228.17,61.63
503845,2025-06-30,106,1,249.43,249.43,172.41,77.02
503846,2025-06-30,109,1,246.09,246.09,164.16,81.93
503847,2025-06-30,110,3,292.13,876.39,215.55,229.74
503848,2025-06-30,112,1,175.04,175.04,132.75,42.29
503849,2025-06-30,114,1,266.44,266.44,183.47,82.97
503850,2025-06-30,123,2,315.18,630.36,190.92,248.52
503851,2025-06-30,130,1,250.88,250.88,199.42,51.46
503852,2025-06-30,131,1,333.06,333.06,218.92,114.14
503853,2025-06-30,139,1,143.43,143.43,101.37,42.06
503854,2025-06-30,141,1,251.72,251.72,187.7,64.02
503855,2025-06-30,143,3,323.71,971.13,237.32,259.17
503856,2025-06-30,149,1,288.99,288.99,208.97,80.02
503857,2025-06-30,151,1,59.95,59.95,36.25,23.7
503858,2025-06-30,156,2,71.91,143.82,55.69,32.44
503859,2025-06-30,158,1,192.52,192.52,134.46,58.06
503860,2025-06-30,159,2,243.51,487.02,158.58,169.86
503861,2025-06-30,164,1,342.45,342.45,209.39,133.06
503862,2025-06-30,166,2,183.2,366.4,138.4,89.6
503863,2025-06-30,168,2,289.8,579.6,228.17,123.26
505949,2025-06-30,120,1,238.12,238.12,172.98,65.14
506008,2025-06-30,128,2,126.0,252.0,85.72,80.56
506131,2025-06-30,140,1,178.93,178.93,128.01,50.92
503864,2025-07-01,106,4,249.43,997.72,172.41,308.08
503865,2025-07-01,110,4,292.13,1168.52,215.55,306.32
503866,2025-07-01,116,1,50.07,50.07,34.84,15.23
503867,2025-07-01,117,1,91.8,91.8,55.09,36.71
503868,2025-07-01,118,1,256.08,256.08,198.94,57.14
503869,2025-07-01,119,1,198.83,198.83,137.36,61.47
503870,2025-07-01,123,1,315.18,315.18,190.92,124.26
503871,2025-07-01,127,4,99.85,399.4,61.95,151.6
503872,2025-07-01,131,2,333.06,666.12,218.92,228.28
503873,2025-07-01,134,1,37.23,37.23,28.02,9.21
503874,2025-07-01,138,1,315.76,315.76,216.53,99.23
503875,2025-07-01,141,1,251.72,251.72,187.7,64.02
503876,2025-07-01,146,1,111.1,111.1,78.58,32.52
503877,2025-07-01,149,1,288.99,288.99,208.97,80.02
503878,2025-07-01,150,1,410.26,410.26,249.3,160.96
503879,2025-07-01,151,1,59.95,59.95,36.25,23.7
503880,2025-07-01,156,3,71.91,215.73,55.69,48.66
503881,2025-07-01,157,1,82.29,82.29,49.11,33.18
503882,2025-07-01,159,1,243.51,243.51,158.58,84.93
503883,2025-07-01,161,1,299.5,299.5,200.05,99.45
503884,2025-07-01,166,3,183.2,549.6,138.4,134.4
503885,2025-07-01,167,1,70.09,70.09,48.28,21.81
503886,2025-07-01,168,1,289.8,289.8,228.17,61.63
503887,2025-07-01,170,2,154.1,308.2,94.54,119.12
503888,2025-07-02,101,4,193.32,773.28,118.14,300.72
503889,2025-07-02,104,2,401.59,803.18,243.11,316.96
503890,2025-07-02,106,2,249.43,498.86,172.41,154.04
503891,2025-07-02,110,1,292.13,292.13,215.55,76.58
503892,2025-07-02,112,1,175.04,175.04,132.75,42.29
503893,2025-07-02,116,2,50.07,100.14,34.84,30.46
503894,2025-07-02,119,1,198.83,198.83,137.36,61.47
503895,2025-07-02,131,3,333.06,999.18,218.92,342.42
503896,2025-07-02,135,2,272.98,545.96,215.02,115.92
503897,2025-07-02,142,1,58.26,58.26,34.86,23.4
503898,2025-07-02,149,1,288.99,288.99,208.97,80.02
503899,2025-07-02,151,3,59.95,179.85,36.25,71.1
503900,2025-07-02,156,2,71.91,143.82,55.69,32.44
503901,2025-07-02,157,1,82.29,82.29,49.11,33.18
503902,2025-07-02,158,2,192.52,385.04,134.46,116.12
503903,2025-07-02,160,1,170.86,170.86,126.42,44.44
503904,2025-07-02,163,1,271.41,271.41,212.87,58.54
503905,2025-07-02,166,1,183.2,183.2,138.4,44.8
503906,2025-07-02,167,1,70.09,70.09,48.28,21.81
503907,2025-07-02,168,1,289.8,289.8,228.17,61.63
506151,2025-07-02,144,2,219.65,439.3,137.82,163.66
503908,2025-07-03,101,1,193.32,193.32,118.14,75.18
503909,2025-07-03,104,1,401.59,401.59,243.11,158.48
503910,2025-07-03,106,1,249.43,249.43,172.41,77.02
503911,2025-07-03,110,1,292.13,292.13,215.55,76.58
503912,2025-07-03,118,5,256.08,1280.4,198.94,285.7
503913,2025-07-03,122,1,185.72,185.72,136.04,49.68
503914,2025-07-03,131,1,333.06,333.06,218.92,114.14
503915,2025-07-03,134,1,37.23,37.23,28.02,9.21
503916,2025-07-03,135,3,272.98,818.94,215.02,173.88
503917,2025-07-03,139,3,143.43,430.29,101.37,126.18
503918,2025-07-03,141,1,251.72,251.72,187.7,64.02
503919,2025-07-03,142,1,58.26,58.26,34.86,23.4
503920,2025-07-03,143,1,323.71,323.71,237.32,86.39
503921,2025-07-03,145,1,55.05,55.05,35.61,19.44
503922,2025-07-03,149,2,288.99,577.98,208.97,160.04
503923,2025-07-03,151,2,59.95,119.9,36.25,47.4
503924,2025-07-03,156,1,71.91,71.91,55.69,16.22
503925,2025-07-03,157,1,82.29,82.29,49.11,33.18
503926,2025-07-03,158,2,192.52,385.04,134.46,116.12
503927,2025-07-03,159,1,243.51,243.51,158.58,84.93
503928,2025-07-03,160,1,170.86,170.86,126.42,44.44
503929,2025-07-03,161,1,299.5,299.5,200.05,99.45
503930,2025-07-03,165,1,273.04,273.04,196.44,76.6
503931,2025-07-03,167,3,70.09,210.27,48.28,65.43
503932,2025-07-03,170,3,154.1,462.3,94.54,178.68
505881,2025-07-03,103,2,102.57,205.14,68.4,68.34
505928,2025-07-03,115,1,92.47,92.47,56.54,35.93
503933,2025-07-04,101,1,193.32,193.32,118.14,75.18
503934,2025-07-04,104,1,401.59,401.59,243.11,158.48
503935,2025-07-04,105,2,338.49,676.98,242.36,192.26
503936,2025-07-04,106,1,249.43,249.43,172.41,77.02
503937,2025-07-04,109,1,246.09,246.09,164.16,81.93
503938,2025-07-04,110,1,292.13,292.13,215.55,76.58
503939,2025-07-04,117,1,91.8,91.8,55.09,36.71
503940,2025-07-04,118,1,256.08,256.08,198.94,57.14
503941,2025-07-04,119,2,198.83,397.66,137.36,122.94
503942,2025-07-04,123,1,315.18,315.18,190.92,124.26
503943,2025-07-04,127,1,99.85,99.85,61.95,37.9
503944,2025-07-04,131,1,333.06,333.06,218.92,114.14
503945,2025-07-04,134,2,37.23,74.46,28.02,18.42
503946,2025-07-04,138,1,315.76,315.76,216.53,99.23
503947,2025-07-04,139,1,143.43,143.43,101.37,42.06
503948,2025-07-04,142,1,58.26,58.26,34.86,23.4
503949,2025-07-04,149,1,288.99,288.99,208.97,80.02
503950,2025-07-04,151,1,59.95,59.95,36.25,23.7
503951,2025-07-04,152,2,214.28,428.56,169.22,90.12
503952,2025-07-04,155,1,123.41,123.41,78.63,44.78
503953,2025-07-04,156,3,71.91,215.73,55.69,48.66
503954,2025-07-04,157,2,82.29,164.58,49.11,66.36
503955,2025-07-04,158,1,192.52,192.52,134.46,58.06
503956,2025-07-04,159,4,243.51,974.04,158.58,339.72
503957,2025-07-04,167,2,70.09,140.18,48.28,43.62
503958,2025-07-04,170,4,154.1,616.4,94.54,238.24
505843,2025-07-04,102,2,65.53,131.06,45.11,40.84
505976,2025-07-04,121,2,35.68,71.36,23.79,23.78
503959,2025-07-05,101,2,193.32,386.64,118.14,150.36
503960,2025-07-05,105,1,338.49,338.49,242.36,96.13
503961,2025-07-05,109,3,246.09,738.27,164.16,245.79
503962,2025-07-05,116,1,50.07,50.07,34.84,15.23
503963,2025-07-05,118,2,256.08,512.16,198.94,114.28
503964,2025-07-05,119,1,198.83,198.83,137.36,61.47
503965,2025-07-05,122,1,185.72,185.72,136.04,49.68
503966,2025-07-05,123,1,315.18,315.18,190.92,124.26
503967,2025-07-05,130,1,250.88,250.88,199.42,51.46
503968,2025-07-05,131,3,333.06,999.18,218.92,342.42
503969,2025-07-05,141,2,251.72,503.44,187.7,128.04
503970,2025-07-05,142,1,58.26,58.26,34.86,23.4
503971,2025-07-05,143,1,323.71,323.71,237.32,86.39
503972,2025-07-05,148,1,69.95,69.95,42.84,27.11
503973,2025-07-05,149,1,288.99,288.99,208.97,80.02
503974,2025-07-05,156,2,71.91,143.82,55.69,32.44
503975,2025-07-05,165,1,273.04,273.04,196.44,76.6
503976,2025-07-05,168,1,289.8,289.8,228.17,61.63
503977,2025-07-05,170,1,154.1,154.1,94.54,59.56
506033,2025-07-05,132,2,99.35,198.7,73.24,52.22
503978,2025-07-06,106,4,249.43,997.72,172.41,308.08
503979,2025-07-06,108,1,289.07,289.07,198.47,90.6
503980,2025-07-06,109,1,246.09,246.09,164.16,81.93
503981,2025-07-06,110,1,292.13,292.13,215.55,76.58
503982,2025-07-06,112,1,175.04,175.04,132.75,42.29
503983,2025-07-06,116,1,50.07,50.07,34.84,15.23
503984,2025-07-06,118,1,256.08,256.08,198.94,57.14
503985,2025-07-06,119,1,198.83,198.83,137.36,61.47
503986,2025-07-06,123,1,315.18,315.18,190.92,124.26
503987,2025-07-06,141,1,251.72,251.72,187.7,64.02
503988,2025-07-06,145,1,55.05,55.05,35.61,19.44
503989,2025-07-06,152,1,214.28,214.28,169.22,45.06
503990,2025-07-06,158,1,192.52,192.52,134.46,58.06
503991,2025-07-06,159,1,243.51,243.51,158.58,84.93
503992,2025-07-06,160,1,170.86,170.86,126.42,44.44
503993,2025-07-06,161,1,299.5,299.5,200.05,99.45
503994,2025-07-06,170,2,154.1,308.2,94.54,119.12
505977,2025-07-06,121,2,35.68,71.36,23.79,23.78
503995,2025-07-07,101,2,193.32,386.64,118.14,150.36
503996,2025-07-07,109,1,246.09,246.09,164.16,81.93
503997,2025-07-07,110,3,292.13,876.39,215.55,229.74
503998,2025-07-07,112,1,175.04,175.04,132.75,42.29
503999,2025-07-07,119,1,198.83,198.83,137.36,61.47
504000,2025-07-07,123,2,315.18,630.36,190.92,248.52
504001,2025-07-07,134,2,37.23,74.46,28.02,18.42
504002,2025-07-07,142,1,58.26,58.26,34.86,23.4
504003,2025-07-07,143,4,323.71,1294.84,237.32,345.56
504004,2025-07-07,145,1,55.05,55.05,35.61,19.44
504005,2025-07-07,146,1,111.1,111.1,78.58,32.52
504006,2025-07-07,157,1,82.29,82.29,49.11,33.18
504007,2025-07-07,158,1,192.52,192.52,134.46,58.06
504008,2025-07-07,159,2,243.51,487.02,158.58,169.86
504009,2025-07-07,160,1,170.86,170.86,126.42,44.44
504010,2025-07-07,164,1,342.45,342.45,209.39,133.06
504011,2025-07-07,166,1,183.2,183.2,138.4,44.8
504012,2025-07-07,167,4,70.09,280.36,48.28,87.24
505929,2025-07-07,115,2,92.47,184.94,56.54,71.86
506178,2025-07-07,153,1,45.82,45.82,28.45,17.37
504013,2025-07-08,101,1,193.32,193.32,118.14,75.18
504014,2025-07-08,110,2,292.13,584.26,215.55,153.16
504015,2025-07-08,112,1,175.04,175.04,132.75,42.29
504016,2025-07-08,123,1,315.18,315.18,190.92,124.26
504017,2025-07-08,126,1,61.33,61.33,48.82,12.51
504018,2025-07-08,130,1,250.88,250.88,199.42,51.46
504019,2025-07-08,131,3,333.06,999.18,218.92,342.42
504020,2025-07-08,135,1,272.98,272.98,215.02,57.96
504021,2025-07-08,139,1,143.43,143.43,101.37,42.06
504022,2025-07-08,143,2,323.71,647.42,237.32,172.78
504023,2025-07-08,151,1,59.95,59.95,36.25,23.7
504024,2025-07-08,158,1,192.52,192.52,134.46,58.06
504025,2025-07-08,159,2,243.51,487.02,158.58,169.86
504026,2025-07-08,160,1,170.86,170.86,126.42,44.44
504027,2025-07-08,161,1,299.5,299.5,200.05,99.45
504028,2025-07-08,164,1,342.45,342.45,209.39,133.06
504029,2025-07-08,166,2,183.2,366.4,138.4,89.6
504030,2025-07-08,167,2,70.09,140.18,48.28,43.62
504031,2025-07-08,170,1,154.1,154.1,94.54,59.56
506088,2025-07-08,136,1,152.73,152.73,102.8,49.93
506089,2025-07-08,136,2,152.73,305.46,102.8,99.86
506226,2025-07-08,162,1,341.77,341.77,231.45,110.32
504032,2025-07-09,101,1,193.32,193.32,118.14,75.18
504033,2025-07-09,105,1,338.49,338.49,242.36,96.13
504034,2025-07-09,106,1,249.43,249.43,172.41,77.02
504035,2025-07-09,110,3,292.13,876.39,215.55,229.74
504036,2025-07-09,112,5,175.04,875.2,132.75,211.45
504037,2025-07-09,114,1,266.44,266.44,183.47,82.97
504038,2025-07-09,118,2,256.08,512.16,198.94,114.28
504039,2025-07-09,119,2,198.83,397.66,137.36,122.94
504040,2025-07-09,123,1,315.18,315.18,190.92,124.26
504041,2025-07-09,126,1,61.33,61.33,48.82,12.51
504042,2025-07-09,127,1,99.85,99.85,61.95,37.9
504043,2025-07-09,129,1,52.38,52.38,39.89,12.49
504044,2025-07-09,131,3,333.06,999.18,218.92,342.42
504045,2025-07-09,134,1,37.23,37.23,28.02,9.21
504046,2025-07-09,135,1,272.98,272.98,215.02,57.96
504047,2025-07-09,139,1,143.43,143.43,101.37,42.06
504048,2025-07-09,142,3,58.26,174.78,34.86,70.2
504049,2025-07-09,151,3,59.95,179.85,36.25,71.1
504050,2025-07-09,152,1,214.28,214.28,169.22,45.06
504051,2025-07-09,156,2,71.91,143.82,55.69,32.44
504052,2025-07-09,157,2,82.29,164.58,49.11,66.36
504053,2025-07-09,158,1,192.52,192.52,134.46,58.06
504054,2025-07-09,160,1,170.86,170.86,126.42,44.44
504055,2025-07-09,164,4,342.45,1369.8,209.39,532.24
504056,2025-07-09,166,1,183.2,183.2,138.4,44.8
504057,2025-07-09,167,2,70.09,140.18,48.28,43.62
504058,2025-07-09,168,2,289.8,579.6,228.17,123.26
505902,2025-07-09,113,1,46.39,46.39,35.6,10.79
505978,2025-07-09,121,1,35.68,35.68,23.79,11.89
504059,2025-07-10,105,1,338.49,338.49,242.36,96.13
504060,2025-07-10,109,1,246.09,246.09,164.16,81.93
504061,2025-07-10,110,1,292.13,292.13,215.55,76.58
504062,2025-07-10,112,1,175.04,175.04,132.75,42.29
504063,2025-07-10,117,1,91.8,91.8,55.09,36.71
504064,2025-07-10,118,1,256.08,256.08,198.94,57.14
504065,2025-07-10,119,1,198.83,198.83,137.36,61.47
504066,2025-07-10,123,1,315.18,315.18,190.92,124.26
504067,2025-07-10,126,1,61.33,61.33,48.82,12.51
504068,2025-07-10,130,1,250.88,250.88,199.42,51.46
504069,2025-07-10,131,1,333.06,333.06,218.92,114.14
504070,2025-07-10,135,1,272.98,272.98,215.02,57.96
504071,2025-07-10,138,2,315.76,631.52,216.53,198.46
504072,2025-07-10,142,1,58.26,58.26,34.86,23.4
504073,2025-07-10,143,2,323.71,647.42,237.32,172.78
504074,2025-07-10,145,1,55.05,55.05,35.61,19.44
504075,2025-07-10,148,1,69.95,69.95,42.84,27.11
504076,2025-07-10,149,2,288.99,577.98,208.97,160.04
504077,2025-07-10,156,4,71.91,287.64,55.69,64.88
504078,2025-07-10,157,2,82.29,164.58,49.11,66.36
504079,2025-07-10,161,2,299.5,599.0,200.05,198.9
504080,2025-07-10,164,1,342.45,342.45,209.39,133.06
504081,2025-07-10,166,2,183.2,366.4,138.4,89.6
504082,2025-07-10,167,2,70.09,140.18,48.28,43.62
504083,2025-07-10,170,5,154.1,770.5,94.54,297.8
504084,2025-07-11,109,2,246.09,492.18,164.16,163.86
504085,2025-07-11,114,1,266.44,266.44,183.47,82.97
504086,2025-07-11,118,2,256.08,512.16,198.94,114.28
504087,2025-07-11,123,1,315.18,315.18,190.92,124.26
504088,2025-07-11,127,1,99.85,99.85,61.95,37.9
504089,2025-07-11,129,1,52.38,52.38,39.89,12.49
504090,2025-07-11,130,1,250.88,250.88,199.42,51.46
504091,2025-07-11,131,1,333.06,333.06,218.92,114.14
504092,2025-07-11,135,2,272.98,545.96,215.02,115.92
504093,2025-07-11,142,1,58.26,58.26,34.86,23.4
504094,2025-07-11,143,1,323.71,323.71,237.32,86.39
504095,2025-07-11,145,1,55.05,55.05,35.61,19.44
504096,2025-07-11,151,3,59.95,179.85,36.25,71.1
504097,2025-07-11,152,1,214.28,214.28,169.22,45.06
504098,2025-07-11,156,4,71.91,287.64,55.69,64.88
504099,2025-07-11,157,1,82.29,82.29,49.11,33.18
504100,2025-07-11,158,2,192.52,385.04,134.46,116.12
504101,2025-07-11,159,1,243.51,243.51,158.58,84.93
504102,2025-07-11,168,1,289.8,289.8,228.17,61.63
504103,2025-07-11,170,1,154.1,154.1,94.54,59.56
505950,2025-07-11,120,1,238.12,238.12,172.98,65.14
506034,2025-07-11,132,1,99.35,99.35,73.24,26.11
506056,2025-07-11,133,1,115.61,115.61,87.93,27.68
506118,2025-07-11,137,2,395.0,790.0,245.2,299.6
504104,2025-07-12,104,1,401.59,401.59,243.11,158.48
504105,2025-07-12,105,1,338.49,338.49,242.36,96.13
504106,2025-07-12,106,1,249.43,249.43,172.41,77.02
504107,2025-07-12,117,1,91.8,91.8,55.09,36.71
504108,2025-07-12,118,1,256.08,256.08,198.94,57.14
504109,2025-07-12,119,1,198.83,198.83,137.36,61.47
504110,2025-07-12,131,1,333.06,333.06,218.92,114.14
504111,2025-07-12,134,1,37.23,37.23,28.02,9.21
504112,2025-07-12,135,1,272.98,272.98,215.02,57.96
504113,2025-07-12,139,2,143.43,286.86,101.37,84.12
504114,2025-07-12,142,2,58.26,116.52,34.86,46.8
504115,2025-07-12,143,1,323.71,323.71,237.32,86.39
504116,2025-07-12,152,1,214.28,214.28,169.22,45.06
504117,2025-07-12,156,2,71.91,143.82,55.69,32.44
504118,2025-07-12,157,1,82.29,82.29,49.11,33.18
504119,2025-07-12,158,2,192.52,385.04,134.46,116.12
504120,2025-07-12,161,1,299.5,299.5,200.05,99.45
504121,2025-07-12,164,2,342.45,684.9,209.39,266.12
504122,2025-07-12,167,2,70.09,140.18,48.28,43.62
504123,2025-07-12,168,1,289.8,289.8,228.17,61.63
504124,2025-07-12,170,2,154.1,308.2,94.54,119.12
506152,2025-07-12,144,1,219.65,219.65,137.82,81.83
504125,2025-07-13,104,1,401.59,401.59,243.11,158.48
504126,2025-07-13,109,2,246.09,492.18,164.16,163.86
504127,2025-07-13,112,1,175.04,175.04,132.75,42.29
504128,2025-07-13,116,1,50.07,50.07,34.84,15.23
504129,2025-07-13,117,2,91.8,183.6,55.09,73.42
504130,2025-07-13,118,1,256.08,256.08,198.94,57.14
504131,2025-07-13,119,1,198.83,198.83,137.36,61.47
504132,2025-07-13,123,3,315.18,945.54,190.92,372.78
504133,2025-07-13,127,1,99.85,99.85,61.95,37.9
504134,2025-07-13,130,1,250.88,250.88,199.42,51.46
504135,2025-07-13,131,3,333.06,999.18,218.92,342.42
504136,2025-07-13,134,2,37.23,74.46,28.02,18.42
504137,2025-07-13,135,1,272.98,272.98,215.02,57.96
504138,2025-07-13,138,1,315.76,315.76,216.53,99.23
504139,2025-07-13,143,2,323.71,647.42,237.32,172.78
504140,2025-07-13,148,1,69.95,69.95,42.84,27.11
504141,2025-07-13,149,1,288.99,288.99,208.97,80.02
504142,2025-07-13,150,1,410.26,410.26,249.3,160.96
504143,2025-07-13,151,2,59.95,119.9,36.25,47.4
504144,2025-07-13,156,2,71.91,143.82,55.69,32.44
504145,2025-07-13,158,2,192.52,385.04,134.46,116.12
504146,2025-07-13,159,1,243.51,243.51,158.58,84.93
504147,2025-07-13,161,1,299.5,299.5,200.05,99.45
504148,2025-07-13,164,1,342.45,342.45,209.39,133.06
504149,2025-07-13,166,3,183.2,549.6,138.4,134.4
504150,2025-07-13,167,2,70.09,140.18,48.28,43.62
504151,2025-07-13,168,1,289.8,289.8,228.17,61.63
504152,2025-07-13,170,3,154.1,462.3,94.54,178.68
504153,2025-07-14,101,2,193.32,386.64,118.14,150.36
504154,2025-07-14,106,2,249.43,498.86,172.41,154.04
504155,2025-07-14,109,2,246.09,492.18,164.16,163.86
504156,2025-07-14,110,4,292.13,1168.52,215.55,306.32
504157,2025-07-14,118,3,256.08,768.24,198.94,171.42
504158,2025-07-14,119,1,198.83,198.83,137.36,61.47
504159,2025-07-14,123,1,315.18,315.18,190.92,124.26
504160,2025-07-14,127,1,99.85,99.85,61.95,37.9
504161,2025-07-14,131,3,333.06,999.18,218.92,342.42
504162,2025-07-14,135,1,272.98,272.98,215.02,57.96
504163,2025-07-14,142,1,58.26,58.26,34.86,23.4
504164,2025-07-14,143,1,323.71,323.71,237.32,86.39
504165,2025-07-14,145,2,55.05,110.1,35.61,38.88
504166,2025-07-14,149,1,288.99,288.99,208.97,80.02
504167,2025-07-14,151,2,59.95,119.9,36.25,47.4
504168,2025-07-14,152,1,214.28,214.28,169.22,45.06
504169,2025-07-14,158,3,192.52,577.56,134.46,174.18
504170,2025-07-14,159,2,243.51,487.02,158.58,169.86
504171,2025-07-14,161,1,299.5,299.5,200.05,99.45
504172,2025-07-14,163,1,271.41,271.41,212.87,58.54
504173,2025-07-14,164,1,342.45,342.45,209.39,133.06
504174,2025-07-14,166,2,183.2,366.4,138.4,89.6
504175,2025-07-14,167,2,70.09,140.18,48.28,43.62
504176,2025-07-14,170,1,154.1,154.1,94.54,59.56
505844,2025-07-14,102,2,65.53,131.06,45.11,40.84
506009,2025-07-14,128,1,126.0,126.0,85.72,40.28
504177,2025-07-15,101,2,193.32,386.64,118.14,150.36
504178,2025-07-15,104,1,401.59,401.59,243.11,158.48
504179,2025-07-15,110,1,292.13,292.13,215.55,76.58
504180,2025-07-15,112,1,175.04,175.04,132.75,42.29
504181,2025-07-15,118,1,256.08,256.08,198.94,57.14
504182,2025-07-15,127,3,99.85,299.55,61.95,113.7
504183,2025-07-15,142,1,58.26,58.26,34.86,23.4
504184,2025-07-15,143,1,323.71,323.71,237.32,86.39
504185,2025-07-15,151,2,59.95,119.9,36.25,47.4
504186,2025-07-15,152,1,214.28,214.28,169.22,45.06
504187,2025-07-15,158,2,192.52,385.04,134.46,116.12
504188,2025-07-15,159,5,243.51,1217.55,158.58,424.65
504189,2025-07-15,160,1,170.86,170.86,126.42,44.44
504190,2025-07-15,164,1,342.45,342.45,209.39,133.06
504191,2025-07-15,167,4,70.09,280.36,48.28,87.24
504192,2025-07-15,169,1,117.76,117.76,72.26,45.5
504193,2025-07-15,170,3,154.1,462.3,94.54,178.68
505882,2025-07-15,103,2,102.57,205.14,68.4,68.34
506035,2025-07-15,132,2,99.35,198.7,73.24,52.22
506179,2025-07-15,153,2,45.82,91.64,28.45,34.74
504194,2025-07-16,101,1,193.32,193.32,118.14,75.18
504195,2025-07-16,104,1,401.59,401.59,243.11,158.48
504196,2025-07-16,105,2,338.49,676.98,242.36,192.26
504197,2025-07-16,106,1,249.43,249.43,172.41,77.02
504198,2025-07-16,110,3,292.13,876.39,215.55,229.74
504199,2025-07-16,112,3,175.04,525.12,132.75,126.87
504200,2025-07-16,118,2,256.08,512.16,198.94,114.28
504201,2025-07-16,119,1,198.83,198.83,137.36,61.47
504202,2025-07-16,126,1,61.33,61.33,48.82,12.51
504203,2025-07-16,127,1,99.85,99.85,61.95,37.9
504204,2025-07-16,129,1,52.38,52.38,39.89,12.49
504205,2025-07-16,131,1,333.06,333.06,218.92,114.14
504206,2025-07-16,134,1,37.23,37.23,28.02,9.21
504207,2025-07-16,138,1,315.76,315.76,216.53,99.23
504208,2025-07-16,139,1,143.43,143.43,101.37,42.06
504209,2025-07-16,143,1,323.71,323.71,237.32,86.39
504210,2025-07-16,146,1,111.1,111.1,78.58,32.52
504211,2025-07-16,151,1,59.95,59.95,36.25,23.7
504212,2025-07-16,152,1,214.28,214.28,169.22,45.06
504213,2025-07-16,156,1,71.91,71.91,55.69,16.22
504214,2025-07-16,157,2,82.29,164.58,49.11,66.36
504215,2025-07-16,159,1,243.51,243.51,158.58,84.93
504216,2025-07-16,160,1,170.86,170.86,126.42,44.44
504217,2025-07-16,161,1,299.5,299.5,200.05,99.45
504218,2025-07-16,164,2,342.45,684.9,209.39,266.12
504219,2025-07-16,166,2,183.2,366.4,138.4,89.6
504220,2025-07-16,167,1,70.09,70.09,48.28,21.81
504221,2025-07-16,170,1,154.1,154.1,94.54,59.56
506036,2025-07-16,132,1,99.35,99.35,73.24,26.11
506090,2025-07-16,136,2,152.73,305.46,102.8,99.86
504222,2025-07-17,101,3,193.32,579.96,118.14,225.54
504223,2025-07-17,105,2,338.49,676.98,242.36,192.26
504224,2025-07-17,106,1,249.43,249.43,172.41,77.02
504225,2025-07-17,109,1,246.09,246.09,164.16,81.93
504226,2025-07-17,112,4,175.04,700.16,132.75,169.16
504227,2025-07-17,116,1,50.07,50.07,34.84,15.23
504228,2025-07-17,118,2,256.08,512.16,198.94,114.28
504229,2025-07-17,123,1,315.18,315.18,190.92,124.26
504230,2025-07-17,127,1,99.85,99.85,61.95,37.9
504231,2025-07-17,131,1,333.06,333.06,218.92,114.14
504232,2025-07-17,134,1,37.23,37.23,28.02,9.21
504233,2025-07-17,135,1,272.98,272.98,215.02,57.96
504234,2025-07-17,139,1,143.43,143.43,101.37,42.06
504235,2025-07-17,142,2,58.26,116.52,34.86,46.8
504236,2025-07-17,143,3,323.71,971.13,237.32,259.17
504237,2025-07-17,145,2,55.05,110.1,35.61,38.88
504238,2025-07-17,150,1,410.26,410.26,249.3,160.96
504239,2025-07-17,151,3,59.95,179.85,36.25,71.1
504240,2025-07-17,152,1,214.28,214.28,169.22,45.06
504241,2025-07-17,166,1,183.2,183.2,138.4,44.8
504242,2025-07-17,170,2,154.1,308.2,94.54,119.12
506037,2025-07-17,132,2,99.35,198.7,73.24,52.22
506119,2025-07-17,137,2,395.0,790.0,245.2,299.6
506206,2025-07-17,154,2,65.52,131.04,44.36,42.32
504243,2025-07-18,101,2,193.32,386.64,118.14,150.36
504244,2025-07-18,104,1,401.59,401.59,243.11,158.48
504245,2025-07-18,110,1,292.13,292.13,215.55,76.58
504246,2025-07-18,112,3,175.04,525.12,132.75,126.87
504247,2025-07-18,116,1,50.07,50.07,34.84,15.23
504248,2025-07-18,119,1,198.83,198.83,137.36,61.47
504249,2025-07-18,123,1,315.18,315.18,190.92,124.26
504250,2025-07-18,125,1,86.82,86.82,57.13,29.69
504251,2025-07-18,129,1,52.38,52.38,39.89,12.49
504252,2025-07-18,131,1,333.06,333.06,218.92,114.14
504253,2025-07-18,134,1,37.23,37.23,28.02,9.21
504254,2025-07-18,135,2,272.98,545.96,215.02,115.92
504255,2025-07-18,138,1,315.76,315.76,216.53,99.23
504256,2025-07-18,139,2,143.43,286.86,101.37,84.12
504257,2025-07-18,141,1,251.72,251.72,187.7,64.02
504258,2025-07-18,143,2,323.71,647.42,237.32,172.78
504259,2025-07-18,149,1,288.99,288.99,208.97,80.02
504260,2025-07-18,150,1,410.26,410.26,249.3,160.96
504261,2025-07-18,151,1,59.95,59.95,36.25,23.7
504262,2025-07-18,152,1,214.28,214.28,169.22,45.06
504263,2025-07-18,156,3,71.91,215.73,55.69,48.66
504264,2025-07-18,157,1,82.29,82.29,49.11,33.18
504265,2025-07-18,158,3,192.52,577.56,134.46,174.18
504266,2025-07-18,159,4,243.51,974.04,158.58,339.72
504267,2025-07-18,164,2,342.45,684.9,209.39,266.12
504268,2025-07-18,166,1,183.2,183.2,138.4,44.8
504269,2025-07-18,170,2,154.1,308.2,94.54,119.12
505883,2025-07-18,103,2,102.57,205.14,68.4,68.34
506091,2025-07-18,136,2,152.73,305.46,102.8,99.86
506180,2025-07-18,153,2,45.82,91.64,28.45,34.74
506207,2025-07-18,154,2,65.52,131.04,44.36,42.32
504270,2025-07-19,104,1,401.59,401.59,243.11,158.48
504271,2025-07-19,105,1,338.49,338.49,242.36,96.13
504272,2025-07-19,106,1,249.43,249.43,172.41,77.02
504273,2025-07-19,110,1,292.13,292.13,215.55,76.58
504274,2025-07-19,112,1,175.04,175.04,132.75,42.29
504275,2025-07-19,118,4,256.08,1024.32,198.94,228.56
504276,2025-07-19,127,1,99.85,99.85,61.95,37.9
504277,2025-07-19,131,3,333.06,999.18,218.92,342.42
504278,2025-07-19,134,1,37.23,37.23,28.02,9.21
504279,2025-07-19,138,1,315.76,315.76,216.53,99.23
504280,2025-07-19,143,1,323.71,323.71,237.32,86.39
504281,2025-07-19,146,1,111.1,111.1,78.58,32.52
504282,2025-07-19,151,1,59.95,59.95,36.25,23.7
504283,2025-07-19,158,1,192.52,192.52,134.46,58.06
504284,2025-07-19,159,2,243.51,487.02,158.58,169.86
504285,2025-07-19,161,1,299.5,299.5,200.05,99.45
504286,2025-07-19,166,2,183.2,366.4,138.4,89.6
504287,2025-07-19,170,2,154.1,308.2,94.54,119.12
505903,2025-07-19,113,2,46.39,92.78,35.6,21.58
504288,2025-07-20,110,1,292.13,292.13,215.55,76.58
504289,2025-07-20,116,1,50.07,50.07,34.84,15.23
504290,2025-07-20,119,1,198.83,198.83,137.36,61.47
504291,2025-07-20,134,1,37.23,37.23,28.02,9.21
504292,2025-07-20,135,1,272.98,272.98,215.02,57.96
504293,2025-07-20,141,1,251.72,251.72,187.7,64.02
504294,2025-07-20,142,4,58.26,233.04,34.86,93.6
504295,2025-07-20,143,1,323.71,323.71,237.32,86.39
504296,2025-07-20,145,1,55.05,55.05,35.61,19.44
504297,2025-07-20,149,1,288.99,288.99,208.97,80.02
504298,2025-07-20,150,1,410.26,410.26,249.3,160.96
504299,2025-07-20,151,1,59.95,59.95,36.25,23.7
504300,2025-07-20,157,1,82.29,82.29,49.11,33.18
504301,2025-07-20,166,1,183.2,183.2,138.4,44.8
504302,2025-07-20,167,1,70.09,70.09,48.28,21.81
504303,2025-07-20,168,1,289.8,289.8,228.17,61.63
504304,2025-07-21,101,2,193.32,386.64,118.14,150.36
504305,2025-07-21,104,1,401.59,401.59,243.11,158.48
504306,2025-07-21,106,1,249.43,249.43,172.41,77.02
504307,2025-07-21,110,2,292.13,584.26,215.55,153.16
504308,2025-07-21,112,4,175.04,700.16,132.75,169.16
504309,2025-07-21,114,1,266.44,266.44,183.47,82.97
504310,2025-07-21,116,1,50.07,50.07,34.84,15.23
504311,2025-07-21,118,1,256.08,256.08,198.94,57.14
504312,2025-07-21,119,2,198.83,397.66,137.36,122.94
504313,2025-07-21,127,1,99.85,99.85,61.95,37.9
504314,2025-07-21,131,1,333.06,333.06,218.92,114.14
504315,2025-07-21,141,1,251.72,251.72,187.7,64.02
504316,2025-07-21,142,1,58.26,58.26,34.86,23.4
504317,2025-07-21,143,2,323.71,647.42,237.32,172.78
504318,2025-07-21,148,1,69.95,69.95,42.84,27.11
504319,2025-07-21,151,1,59.95,59.95,36.25,23.7
504320,2025-07-21,158,1,192.52,192.52,134.46,58.06
504321,2025-07-21,159,1,243.51,243.51,158.58,84.93
504322,2025-07-21,163,2,271.41,542.82,212.87,117.08
504323,2025-07-21,166,1,183.2,183.2,138.4,44.8
504324,2025-07-21,167,1,70.09,70.09,48.28,21.81
504325,2025-07-21,168,1,289.8,289.8,228.17,61.63
504326,2025-07-21,169,1,117.76,117.76,72.26,45.5
504327,2025-07-21,170,2,154.1,308.2,94.54,119.12
506038,2025-07-21,132,1,99.35,99.35,73.24,26.11
506153,2025-07-21,144,1,219.65,219.65,137.82,81.83
504328,2025-07-22,101,1,193.32,193.32,118.14,75.18
504329,2025-07-22,104,2,401.59,803.18,243.11,316.96
504330,2025-07-22,108,2,289.07,578.14,198.47,181.2
504331,2025-07-22,112,5,175.04,875.2,132.75,211.45
504332,2025-07-22,116,1,50.07,50.07,34.84,15.23
504333,2025-07-22,118,2,256.08,512.16,198.94,114.28
504334,2025-07-22,119,1,198.83,198.83,137.36,61.47
504335,2025-07-22,122,1,185.72,185.72,136.04,49.68
504336,2025-07-22,125,1,86.82,86.82,57.13,29.69
504337,2025-07-22,127,3,99.85,299.55,61.95,113.7
504338,2025-07-22,131,1,333.06,333.06,218.92,114.14
504339,2025-07-22,134,1,37.23,37.23,28.02,9.21
504340,2025-07-22,135,3,272.98,818.94,215.02,173.88
504341,2025-07-22,139,1,143.43,143.43,101.37,42.06
504342,2025-07-22,145,1,55.05,55.05,35.61,19.44
504343,2025-07-22,149,3,288.99,866.97,208.97,240.06
504344,2025-07-22,151,1,59.95,59.95,36.25,23.7
504345,2025-07-22,155,1,123.41,123.41,78.63,44.78
504346,2025-07-22,156,2,71.91,143.82,55.69,32.44
504347,2025-07-22,158,2,192.52,385.04,134.46,116.12
504348,2025-07-22,159,1,243.51,243.51,158.58,84.93
504349,2025-07-22,160,1,170.86,170.86,126.42,44.44
504350,2025-07-22,165,1,273.04,273.04,196.44,76.6
504351,2025-07-22,166,1,183.2,183.2,138.4,44.8
504352,2025-07-22,167,1,70.09,70.09,48.28,21.81
504353,2025-07-22,168,1,289.8,289.8,228.17,61.63
504354,2025-07-22,169,2,117.76,235.52,72.26,91.0
505884,2025-07-22,103,2,102.57,205.14,68.4,68.34
506120,2025-07-22,137,2,395.0,790.0,245.2,299.6
504355,2025-07-23,101,3,193.32,579.96,118.14,225.54
504356,2025-07-23,104,1,401.59,401.59,243.11,158.48
504357,2025-07-23,105,1,338.49,338.49,242.36,96.13
504358,2025-07-23,110,2,292.13,584.26,215.55,153.16
504359,2025-07-23,118,4,256.08,1024.32,198.94,228.56
504360,2025-07-23,119,2,198.83,397.66,137.36,122.94
504361,2025-07-23,127,1,99.85,99.85,61.95,37.9
504362,2025-07-23,130,1,250.88,250.88,199.42,51.46
504363,2025-07-23,131,3,333.06,999.18,218.92,342.42
504364,2025-07-23,134,1,37.23,37.23,28.02,9.21
504365,2025-07-23,141,3,251.72,755.16,187.7,192.06
504366,2025-07-23,143,1,323.71,323.71,237.32,86.39
504367,2025-07-23,151,2,59.95,119.9,36.25,47.4
504368,2025-07-23,155,1,123.41,123.41,78.63,44.78
504369,2025-07-23,156,1,71.91,71.91,55.69,16.22
504370,2025-07-23,158,3,192.52,577.56,134.46,174.18
504371,2025-07-23,166,1,183.2,183.2,138.4,44.8
504372,2025-07-23,168,1,289.8,289.8,228.17,61.63
504373,2025-07-23,170,1,154.1,154.1,94.54,59.56
506121,2025-07-23,137,1,395.0,395.0,245.2,149.8
506210,2025-07-23,154,1,65.52,65.52,44.36,21.16
504374,2025-07-24,101,2,193.32,386.64,118.14,150.36
504375,2025-07-24,106,1,249.43,249.43,172.41,77.02
504376,2025-07-24,110,1,292.13,292.13,215.55,76.58
504377,2025-07-24,112,2,175.04,350.08,132.75,84.58
504378,2025-07-24,117,1,91.8,91.8,55.09,36.71
504379,2025-07-24,119,2,198.83,397.66,137.36,122.94
504380,2025-07-24,123,1,315.18,315.18,190.92,124.26
504381,2025-07-24,127,4,99.85,399.4,61.95,151.6
504382,2025-07-24,131,1,333.06,333.06,218.92,114.14
504383,2025-07-24,135,1,272.98,272.98,215.02,57.96
504384,2025-07-24,138,2,315.76,631.52,216.53,198.46
504385,2025-07-24,139,1,143.43,143.43,101.37,42.06
504386,2025-07-24,142,4,58.26,233.04,34.86,93.6
504387,2025-07-24,143,2,323.71,647.42,237.32,172.78
504388,2025-07-24,145,1,55.05,55.05,35.61,19.44
504389,2025-07-24,149,1,288.99,288.99,208.97,80.02
504390,2025-07-24,151,1,59.95,59.95,36.25,23.7
504391,2025-07-24,152,1,214.28,214.28,169.22,45.06
504392,2025-07-24,156,2,71.91,143.82,55.69,32.44
504393,2025-07-24,158,1,192.52,192.52,134.46,58.06
504394,2025-07-24,159,1,243.51,243.51,158.58,84.93
504395,2025-07-24,160,1,170.86,170.86,126.42,44.44
504396,2025-07-24,163,1,271.41,271.41,212.87,58.54
504397,2025-07-24,164,1,342.45,342.45,209.39,133.06
504398,2025-07-24,166,1,183.2,183.2,138.4,44.8
504399,2025-07-24,168,1,289.8,289.8,228.17,61.63
504400,2025-07-24,170,3,154.1,462.3,94.54,178.68
505885,2025-07-24,103,2,102.57,205.14,68.4,68.34
506209,2025-07-24,154,2,65.52,131.04,44.36,42.32
504401,2025-07-25,101,1,193.32,193.32,118.14,75.18
504402,2025-07-25,104,1,401.59,401.59,243.11,158.48
504403,2025-07-25,105,1,338.49,338.49,242.36,96.13
504404,2025-07-25,106,1,249.43,249.43,172.41,77.02
504405,2025-07-25,116,3,50.07,150.21,34.84,45.69
504406,2025-07-25,119,1,198.83,198.83,137.36,61.47
504407,2025-07-25,125,1,86.82,86.82,57.13,29.69
504408,2025-07-25,131,2,333.06,666.12,218.92,228.28
504409,2025-07-25,134,1,37.23,37.23,28.02,9.21
504410,2025-07-25,142,1,58.26,58.26,34.86,23.4
504411,2025-07-25,143,1,323.71,323.71,237.32,86.39
504412,2025-07-25,152,2,214.28,428.56,169.22,90.12
504413,2025-07-25,159,2,243.51,487.02,158.58,169.86
504414,2025-07-25,161,1,299.5,299.5,200.05,99.45
504415,2025-07-25,164,1,342.45,342.45,209.39,133.06
504416,2025-07-25,166,2,183.2,366.4,138.4,89.6
504417,2025-07-25,168,1,289.8,289.8,228.17,61.63
504418,2025-07-25,170,2,154.1,308.2,94.54,119.12
506092,2025-07-25,136,2,152.73,305.46,102.8,99.86
504419,2025-07-26,101,2,193.32,386.64,118.14,150.36
504420,2025-07-26,110,1,292.13,292.13,215.55,76.58
504421,2025-07-26,112,3,175.04,525.12,132.75,126.87
504422,2025-07-26,117,1,91.8,91.8,55.09,36.71
504423,2025-07-26,119,1,198.83,198.83,137.36,61.47
504424,2025-07-26,122,1,185.72,185.72,136.04,49.68
504425,2025-07-26,135,2,272.98,545.96,215.02,115.92
504426,2025-07-26,139,1,143.43,143.43,101.37,42.06
504427,2025-07-26,151,3,59.95,179.85,36.25,71.1
504428,2025-07-26,152,2,214.28,428.56,169.22,90.12
504429,2025-07-26,155,1,123.41,123.41,78.63,44.78
504430,2025-07-26,156,1,71.91,71.91,55.69,16.22
504431,2025-07-26,158,3,192.52,577.56,134.46,174.18
504432,2025-07-26,161,1,299.5,299.5,200.05,99.45
504433,2025-07-26,163,1,271.41,271.41,212.87,58.54
504434,2025-07-26,166,2,183.2,366.4,138.4,89.6
504435,2025-07-26,167,3,70.09,210.27,48.28,65.43
504436,2025-07-26,170,1,154.1,154.1,94.54,59.56
505979,2025-07-26,121,2,35.68,71.36,23.79,23.78
506208,2025-07-26,154,1,65.52,65.52,44.36,21.16
504437,2025-07-27,105,1,338.49,338.49,242.36,96.13
504438,2025-07-27,106,1,249.43,249.43,172.41,77.02
504439,2025-07-27,110,1,292.13,292.13,215.55,76.58
504440,2025-07-27,112,1,175.04,175.04,132.75,42.29
504441,2025-07-27,117,1,91.8,91.8,55.09,36.71
504442,2025-07-27,118,1,256.08,256.08,198.94,57.14
504443,2025-07-27,127,1,99.85,99.85,61.95,37.9
504444,2025-07-27,131,1,333.06,333.06,218.92,114.14
504445,2025-07-27,138,1,315.76,315.76,216.53,99.23
504446,2025-07-27,141,1,251.72,251.72,187.7,64.02
504447,2025-07-27,142,1,58.26,58.26,34.86,23.4
504448,2025-07-27,143,1,323.71,323.71,237.32,86.39
504449,2025-07-27,151,2,59.95,119.9,36.25,47.4
504450,2025-07-27,156,2,71.91,143.82,55.69,32.44
504451,2025-07-27,157,1,82.29,82.29,49.11,33.18
504452,2025-07-27,158,2,192.52,385.04,134.46,116.12
504453,2025-07-27,159,2,243.51,487.02,158.58,169.86
504454,2025-07-27,161,1,299.5,299.5,200.05,99.45
504455,2025-07-27,164,1,342.45,342.45,209.39,133.06
504456,2025-07-27,167,1,70.09,70.09,48.28,21.81
504457,2025-07-27,170,2,154.1,308.2,94.54,119.12
506154,2025-07-27,144,1,219.65,219.65,137.82,81.83
506211,2025-07-27,154,2,65.52,131.04,44.36,42.32
504458,2025-07-28,101,4,193.32,773.28,118.14,300.72
504459,2025-07-28,104,1,401.59,401.59,243.11,158.48
504460,2025-07-28,105,1,338.49,338.49,242.36,96.13
504461,2025-07-28,106,2,249.43,498.86,172.41,154.04
504462,2025-07-28,109,1,246.09,246.09,164.16,81.93
504463,2025-07-28,110,2,292.13,584.26,215.55,153.16
504464,2025-07-28,112,2,175.04,350.08,132.75,84.58
504465,2025-07-28,114,1,266.44,266.44,183.47,82.97
504466,2025-07-28,117,1,91.8,91.8,55.09,36.71
504467,2025-07-28,118,2,256.08,512.16,198.94,114.28
504468,2025-07-28,119,2,198.83,397.66,137.36,122.94
504469,2025-07-28,123,1,315.18,315.18,190.92,124.26
504470,2025-07-28,131,5,333.06,1665.3,218.92,570.7
504471,2025-07-28,134,2,37.23,74.46,28.02,18.42
504472,2025-07-28,138,1,315.76,315.76,216.53,99.23
504473,2025-07-28,139,1,143.43,143.43,101.37,42.06
504474,2025-07-28,141,1,251.72,251.72,187.7,64.02
504475,2025-07-28,142,2,58.26,116.52,34.86,46.8
504476,2025-07-28,151,1,59.95,59.95,36.25,23.7
504477,2025-07-28,155,1,123.41,123.41,78.63,44.78
504478,2025-07-28,157,2,82.29,164.58,49.11,66.36
504479,2025-07-28,158,1,192.52,192.52,134.46,58.06
504480,2025-07-28,159,1,243.51,243.51,158.58,84.93
504481,2025-07-28,161,2,299.5,599.0,200.05,198.9
504482,2025-07-28,164,1,342.45,342.45,209.39,133.06
504483,2025-07-28,166,1,183.2,183.2,138.4,44.8
504484,2025-07-28,167,2,70.09,140.18,48.28,43.62
504485,2025-07-28,168,1,289.8,289.8,228.17,61.63
504486,2025-07-28,170,2,154.1,308.2,94.54,119.12
504487,2025-07-29,105,2,338.49,676.98,242.36,192.26
504488,2025-07-29,106,2,249.43,498.86,172.41,154.04
504489,2025-07-29,109,2,246.09,492.18,164.16,163.86
504490,2025-07-29,110,1,292.13,292.13,215.55,76.58
504491,2025-07-29,112,1,175.04,175.04,132.75,42.29
504492,2025-07-29,118,1,256.08,256.08,198.94,57.14
504493,2025-07-29,126,1,61.33,61.33,48.82,12.51
504494,2025-07-29,127,2,99.85,199.7,61.95,75.8
504495,2025-07-29,131,3,333.06,999.18,218.92,342.42
504496,2025-07-29,134,1,37.23,37.23,28.02,9.21
504497,2025-07-29,138,1,315.76,315.76,216.53,99.23
504498,2025-07-29,139,1,143.43,143.43,101.37,42.06
504499,2025-07-29,141,1,251.72,251.72,187.7,64.02
504500,2025-07-29,142,2,58.26,116.52,34.86,46.8
504501,2025-07-29,145,1,55.05,55.05,35.61,19.44
504502,2025-07-29,149,1,288.99,288.99,208.97,80.02
504503,2025-07-29,156,1,71.91,71.91,55.69,16.22
504504,2025-07-29,157,1,82.29,82.29,49.11,33.18
504505,2025-07-29,158,3,192.52,577.56,134.46,174.18
504506,2025-07-29,159,2,243.51,487.02,158.58,169.86
504507,2025-07-29,160,2,170.86,341.72,126.42,88.88
504508,2025-07-29,166,1,183.2,183.2,138.4,44.8
504509,2025-07-29,167,3,70.09,210.27,48.28,65.43
504510,2025-07-29,169,1,117.76,117.76,72.26,45.5
505998,2025-07-29,124,2,59.0,118.0,37.2,43.6
506039,2025-07-29,132,1,99.35,99.35,73.24,26.11
504511,2025-07-30,104,1,401.59,401.59,243.11,158.48
504512,2025-07-30,105,1,338.49,338.49,242.36,96.13
504513,2025-07-30,106,2,249.43,498.86,172.41,154.04
504514,2025-07-30,117,1,91.8,91.8,55.09,36.71
504515,2025-07-30,118,4,256.08,1024.32,198.94,228.56
504516,2025-07-30,119,1,198.83,198.83,137.36,61.47
504517,2025-07-30,123,1,315.18,315.18,190.92,124.26
504518,2025-07-30,131,1,333.06,333.06,218.92,114.14
504519,2025-07-30,135,1,272.98,272.98,215.02,57.96
504520,2025-07-30,138,1,315.76,315.76,216.53,99.23
504521,2025-07-30,139,2,143.43,286.86,101.37,84.12
504522,2025-07-30,141,2,251.72,503.44,187.7,128.04
504523,2025-07-30,151,2,59.95,119.9,36.25,47.4
504524,2025-07-30,152,1,214.28,214.28,169.22,45.06
504525,2025-07-30,156,5,71.91,359.55,55.69,81.1
504526,2025-07-30,157,2,82.29,164.58,49.11,66.36
504527,2025-07-30,159,5,243.51,1217.55,158.58,424.65
504528,2025-07-30,161,1,299.5,299.5,200.05,99.45
504529,2025-07-30,164,1,342.45,342.45,209.39,133.06
504530,2025-07-30,166,3,183.2,549.6,138.4,134.4
504531,2025-07-30,167,2,70.09,140.18,48.28,43.62
504532,2025-07-30,170,4,154.1,616.4,94.54,238.24
505845,2025-07-30,102,1,65.53,65.53,45.11,20.42
505996,2025-07-30,124,1,59.0,59.0,37.2,21.8
506011,2025-07-30,128,1,126.0,126.0,85.72,40.28
506212,2025-07-30,154,1,65.52,65.52,44.36,21.16
504533,2025-07-31,106,4,249.43,997.72,172.41,308.08
504534,2025-07-31,110,2,292.13,584.26,215.55,153.16
504535,2025-07-31,112,2,175.04,350.08,132.75,84.58
504536,2025-07-31,116,1,50.07,50.07,34.84,15.23
504537,2025-07-31,117,1,91.8,91.8,55.09,36.71
504538,2025-07-31,118,2,256.08,512.16,198.94,114.28
504539,2025-07-31,123,4,315.18,1260.72,190.92,497.04
504540,2025-07-31,125,1,86.82,86.82,57.13,29.69
504541,2025-07-31,127,2,99.85,199.7,61.95,75.8
504542,2025-07-31,131,3,333.06,999.18,218.92,342.42
504543,2025-07-31,134,1,37.23,37.23,28.02,9.21
504544,2025-07-31,135,1,272.98,272.98,215.02,57.96
504545,2025-07-31,139,1,143.43,143.43,101.37,42.06
504546,2025-07-31,143,3,323.71,971.13,237.32,259.17
504547,2025-07-31,145,2,55.05,110.1,35.61,38.88
504548,2025-07-31,148,1,69.95,69.95,42.84,27.11
504549,2025-07-31,152,2,214.28,428.56,169.22,90.12
504550,2025-07-31,156,2,71.91,143.82,55.69,32.44
504551,2025-07-31,157,1,82.29,82.29,49.11,33.18
504552,2025-07-31,158,2,192.52,385.04,134.46,116.12
504553,2025-07-31,159,1,243.51,243.51,158.58,84.93
504554,2025-07-31,161,1,299.5,299.5,200.05,99.45
504555,2025-07-31,163,1,271.41,271.41,212.87,58.54
504556,2025-07-31,164,4,342.45,1369.8,209.39,532.24
504557,2025-07-31,166,3,183.2,549.6,138.4,134.4
504558,2025-07-31,167,1,70.09,70.09,48.28,21.81
504559,2025-07-31,168,1,289.8,289.8,228.17,61.63
504560,2025-07-31,169,1,117.76,117.76,72.26,45.5
504561,2025-07-31,170,2,154.1,308.2,94.54,119.12
505904,2025-07-31,113,2,46.39,92.78,35.6,21.58
506181,2025-07-31,153,1,45.82,45.82,28.45,17.37
504562,2025-08-01,106,1,249.43,249.43,172.41,77.02
504563,2025-08-01,110,2,292.13,584.26,215.55,153.16
504564,2025-08-01,117,1,91.8,91.8,55.09,36.71
504565,2025-08-01,119,1,198.83,198.83,137.36,61.47
504566,2025-08-01,131,2,333.06,666.12,218.92,228.28
504567,2025-08-01,134,1,37.23,37.23,28.02,9.21
504568,2025-08-01,138,1,315.76,315.76,216.53,99.23
504569,2025-08-01,143,4,323.71,1294.84,237.32,345.56
504570,2025-08-01,146,1,111.1,111.1,78.58,32.52
504571,2025-08-01,149,1,288.99,288.99,208.97,80.02
504572,2025-08-01,151,1,59.95,59.95,36.25,23.7
504573,2025-08-01,156,1,71.91,71.91,55.69,16.22
504574,2025-08-01,161,1,299.5,299.5,200.05,99.45
504575,2025-08-01,166,4,183.2,732.8,138.4,179.2
504576,2025-08-01,167,1,70.09,70.09,48.28,21.81
505951,2025-08-01,120,1,238.12,238.12,172.98,65.14
505997,2025-08-01,124,1,59.0,59.0,37.2,21.8
506010,2025-08-01,128,1,126.0,126.0,85.72,40.28
504577,2025-08-02,105,1,338.49,338.49,242.36,96.13
504578,2025-08-02,108,1,289.07,289.07,198.47,90.6
504579,2025-08-02,109,1,246.09,246.09,164.16,81.93
504580,2025-08-02,110,1,292.13,292.13,215.55,76.58
504581,2025-08-02,112,2,175.04,350.08,132.75,84.58
504582,2025-08-02,114,1,266.44,266.44,183.47,82.97
504583,2025-08-02,116,2,50.07,100.14,34.84,30.46
504584,2025-08-02,117,1,91.8,91.8,55.09,36.71
504585,2025-08-02,119,2,198.83,397.66,137.36,122.94
504586,2025-08-02,123,1,315.18,315.18,190.92,124.26
504587,2025-08-02,131,1,333.06,333.06,218.92,114.14
504588,2025-08-02,134,1,37.23,37.23,28.02,9.21
504589,2025-08-02,138,2,315.76,631.52,216.53,198.46
504590,2025-08-02,142,2,58.26,116.52,34.86,46.8
504591,2025-08-02,143,1,323.71,323.71,237.32,86.39
504592,2025-08-02,151,1,59.95,59.95,36.25,23.7
504593,2025-08-02,152,1,214.28,214.28,169.22,45.06
504594,2025-08-02,158,3,192.52,577.56,134.46,174.18
504595,2025-08-02,159,3,243.51,730.53,158.58,254.79
504596,2025-08-02,161,1,299.5,299.5,200.05,99.45
504597,2025-08-02,166,2,183.2,366.4,138.4,89.6
504598,2025-08-02,170,1,154.1,154.1,94.54,59.56
504599,2025-08-03,101,1,193.32,193.32,118.14,75.18
504600,2025-08-03,105,1,338.49,338.49,242.36,96.13
504601,2025-08-03,106,2,249.43,498.86,172.41,154.04
504602,2025-08-03,109,1,246.09,246.09,164.16,81.93
504603,2025-08-03,112,2,175.04,350.08,132.75,84.58
504604,2025-08-03,118,1,256.08,256.08,198.94,57.14
504605,2025-08-03,119,4,198.83,795.32,137.36,245.88
504606,2025-08-03,130,1,250.88,250.88,199.42,51.46
504607,2025-08-03,131,1,333.06,333.06,218.92,114.14
504608,2025-08-03,135,1,272.98,272.98,215.02,57.96
504609,2025-08-03,141,1,251.72,251.72,187.7,64.02
504610,2025-08-03,142,2,58.26,116.52,34.86,46.8
504611,2025-08-03,143,2,323.71,647.42,237.32,172.78
504612,2025-08-03,145,1,55.05,55.05,35.61,19.44
504613,2025-08-03,148,1,69.95,69.95,42.84,27.11
504614,2025-08-03,151,2,59.95,119.9,36.25,47.4
504615,2025-08-03,152,1,214.28,214.28,169.22,45.06
504616,2025-08-03,159,1,243.51,243.51,158.58,84.93
504617,2025-08-03,160,1,170.86,170.86,126.42,44.44
504618,2025-08-03,167,1,70.09,70.09,48.28,21.81
504619,2025-08-03,168,1,289.8,289.8,228.17,61.63
504620,2025-08-03,170,2,154.1,308.2,94.54,119.12
504621,2025-08-04,104,2,401.59,803.18,243.11,316.96
504622,2025-08-04,105,1,338.49,338.49,242.36,96.13
504623,2025-08-04,106,2,249.43,498.86,172.41,154.04
504624,2025-08-04,109,1,246.09,246.09,164.16,81.93
504625,2025-08-04,110,3,292.13,876.39,215.55,229.74
504626,2025-08-04,112,1,175.04,175.04,132.75,42.29
504627,2025-08-04,116,1,50.07,50.07,34.84,15.23
504628,2025-08-04,117,1,91.8,91.8,55.09,36.71
504629,2025-08-04,118,2,256.08,512.16,198.94,114.28
504630,2025-08-04,119,3,198.83,596.49,137.36,184.41
504631,2025-08-04,122,1,185.72,185.72,136.04,49.68
504632,2025-08-04,131,5,333.06,1665.3,218.92,570.7
504633,2025-08-04,134,2,37.23,74.46,28.02,18.42
504634,2025-08-04,135,1,272.98,272.98,215.02,57.96
504635,2025-08-04,138,1,315.76,315.76,216.53,99.23
504636,2025-08-04,142,2,58.26,116.52,34.86,46.8
504637,2025-08-04,143,1,323.71,323.71,237.32,86.39
504638,2025-08-04,149,1,288.99,288.99,208.97,80.02
504639,2025-08-04,157,1,82.29,82.29,49.11,33.18
504640,2025-08-04,158,2,192.52,385.04,134.46,116.12
504641,2025-08-04,159,5,243.51,1217.55,158.58,424.65
504642,2025-08-04,163,2,271.41,542.82,212.87,117.08
504643,2025-08-04,164,1,342.45,342.45,209.39,133.06
504644,2025-08-04,165,1,273.04,273.04,196.44,76.6
504645,2025-08-04,166,1,183.2,183.2,138.4,44.8
504646,2025-08-04,167,2,70.09,140.18,48.28,43.62
504647,2025-08-04,170,5,154.1,770.5,94.54,297.8
504648,2025-08-05,110,2,292.13,584.26,215.55,153.16
504649,2025-08-05,116,1,50.07,50.07,34.84,15.23
504650,2025-08-05,117,2,91.8,183.6,55.09,73.42
504651,2025-08-05,118,1,256.08,256.08,198.94,57.14
504652,2025-08-05,123,1,315.18,315.18,190.92,124.26
504653,2025-08-05,127,2,99.85,199.7,61.95,75.8
504654,2025-08-05,129,1,52.38,52.38,39.89,12.49
504655,2025-08-05,131,1,333.06,333.06,218.92,114.14
504656,2025-08-05,134,1,37.23,37.23,28.02,9.21
504657,2025-08-05,139,1,143.43,143.43,101.37,42.06
504658,2025-08-05,142,3,58.26,174.78,34.86,70.2
504659,2025-08-05,145,1,55.05,55.05,35.61,19.44
504660,2025-08-05,149,1,288.99,288.99,208.97,80.02
504661,2025-08-05,150,1,410.26,410.26,249.3,160.96
504662,2025-08-05,151,2,59.95,119.9,36.25,47.4
504663,2025-08-05,152,1,214.28,214.28,169.22,45.06
504664,2025-08-05,156,3,71.91,215.73,55.69,48.66
504665,2025-08-05,158,2,192.52,385.04,134.46,116.12
504666,2025-08-05,159,1,243.51,243.51,158.58,84.93
504667,2025-08-05,160,1,170.86,170.86,126.42,44.44
504668,2025-08-05,161,1,299.5,299.5,200.05,99.45
504669,2025-08-05,164,2,342.45,684.9,209.39,266.12
504670,2025-08-05,166,1,183.2,183.2,138.4,44.8
504671,2025-08-05,167,1,70.09,70.09,48.28,21.81
506012,2025-08-05,128,2,126.0,252.0,85.72,80.56
506182,2025-08-05,153,1,45.82,45.82,28.45,17.37
504672,2025-08-06,106,2,249.43,498.86,172.41,154.04
504673,2025-08-06,112,2,175.04,350.08,132.75,84.58
504674,2025-08-06,116,1,50.07,50.07,34.84,15.23
504675,2025-08-06,118,2,256.08,512.16,198.94,114.28
504676,2025-08-06,122,1,185.72,185.72,136.04,49.68
504677,2025-08-06,123,1,315.18,315.18,190.92,124.26
504678,2025-08-06,131,5,333.06,1665.3,218.92,570.7
504679,2025-08-06,134,1,37.23,37.23,28.02,9.21
504680,2025-08-06,135,1,272.98,272.98,215.02,57.96
504681,2025-08-06,139,1,143.43,143.43,101.37,42.06
504682,2025-08-06,143,1,323.71,323.71,237.32,86.39
504683,2025-08-06,149,1,288.99,288.99,208.97,80.02
504684,2025-08-06,151,1,59.95,59.95,36.25,23.7
504685,2025-08-06,152,2,214.28,428.56,169.22,90.12
504686,2025-08-06,156,6,71.91,431.46,55.69,97.32
504687,2025-08-06,167,1,70.09,70.09,48.28,21.81
504688,2025-08-06,170,1,154.1,154.1,94.54,59.56
506183,2025-08-06,153,1,45.82,45.82,28.45,17.37
504689,2025-08-07,105,1,338.49,338.49,242.36,96.13
504690,2025-08-07,110,2,292.13,584.26,215.55,153.16
504691,2025-08-07,112,2,175.04,350.08,132.75,84.58
504692,2025-08-07,114,1,266.44,266.44,183.47,82.97
504693,2025-08-07,117,2,91.8,183.6,55.09,73.42
504694,2025-08-07,118,1,256.08,256.08,198.94,57.14
504695,2025-08-07,127,1,99.85,99.85,61.95,37.9
504696,2025-08-07,131,1,333.06,333.06,218.92,114.14
504697,2025-08-07,134,2,37.23,74.46,28.02,18.42
504698,2025-08-07,135,1,272.98,272.98,215.02,57.96
504699,2025-08-07,138,1,315.76,315.76,216.53,99.23
504700,2025-08-07,141,1,251.72,251.72,187.7,64.02
504701,2025-08-07,142,2,58.26,116.52,34.86,46.8
504702,2025-08-07,143,4,323.71,1294.84,237.32,345.56
504703,2025-08-07,149,1,288.99,288.99,208.97,80.02
504704,2025-08-07,152,1,214.28,214.28,169.22,45.06
504705,2025-08-07,155,1,123.41,123.41,78.63,44.78
504706,2025-08-07,156,3,71.91,215.73,55.69,48.66
504707,2025-08-07,158,2,192.52,385.04,134.46,116.12
504708,2025-08-07,159,3,243.51,730.53,158.58,254.79
504709,2025-08-07,160,3,170.86,512.58,126.42,133.32
504710,2025-08-07,164,1,342.45,342.45,209.39,133.06
504711,2025-08-07,166,2,183.2,366.4,138.4,89.6
504712,2025-08-07,167,1,70.09,70.09,48.28,21.81
504713,2025-08-07,168,1,289.8,289.8,228.17,61.63
504714,2025-08-07,170,1,154.1,154.1,94.54,59.56
506040,2025-08-07,132,1,99.35,99.35,73.24,26.11
506057,2025-08-07,133,2,115.61,231.22,87.93,55.36
506184,2025-08-07,153,2,45.82,91.64,28.45,34.74
504715,2025-08-08,104,1,401.59,401.59,243.11,158.48
504716,2025-08-08,105,1,338.49,338.49,242.36,96.13
504717,2025-08-08,106,1,249.43,249.43,172.41,77.02
504718,2025-08-08,112,2,175.04,350.08,132.75,84.58
504719,2025-08-08,114,1,266.44,266.44,183.47,82.97
504720,2025-08-08,116,1,50.07,50.07,34.84,15.23
504721,2025-08-08,122,1,185.72,185.72,136.04,49.68
504722,2025-08-08,123,1,315.18,315.18,190.92,124.26
504723,2025-08-08,142,1,58.26,58.26,34.86,23.4
504724,2025-08-08,143,1,323.71,323.71,237.32,86.39
504725,2025-08-08,148,1,69.95,69.95,42.84,27.11
504726,2025-08-08,149,1,288.99,288.99,208.97,80.02
504727,2025-08-08,150,1,410.26,410.26,249.3,160.96
504728,2025-08-08,151,1,59.95,59.95,36.25,23.7
504729,2025-08-08,156,1,71.91,71.91,55.69,16.22
504730,2025-08-08,159,1,243.51,243.51,158.58,84.93
504731,2025-08-08,163,1,271.41,271.41,212.87,58.54
504732,2025-08-08,166,3,183.2,549.6,138.4,134.4
504733,2025-08-08,167,2,70.09,140.18,48.28,43.62
504734,2025-08-08,170,2,154.1,308.2,94.54,119.12
504735,2025-08-09,104,2,401.59,803.18,243.11,316.96
504736,2025-08-09,110,1,292.13,292.13,215.55,76.58
504737,2025-08-09,112,1,175.04,175.04,132.75,42.29
504738,2025-08-09,116,1,50.07,50.07,34.84,15.23
504739,2025-08-09,117,1,91.8,91.8,55.09,36.71
504740,2025-08-09,118,1,256.08,256.08,198.94,57.14
504741,2025-08-09,119,1,198.83,198.83,137.36,61.47
504742,2025-08-09,131,1,333.06,333.06,218.92,114.14
504743,2025-08-09,135,2,272.98,545.96,215.02,115.92
504744,2025-08-09,142,1,58.26,58.26,34.86,23.4
504745,2025-08-09,148,1,69.95,69.95,42.84,27.11
504746,2025-08-09,150,1,410.26,410.26,249.3,160.96
504747,2025-08-09,158,2,192.52,385.04,134.46,116.12
504748,2025-08-09,159,3,243.51,730.53,158.58,254.79
504749,2025-08-09,163,1,271.41,271.41,212.87,58.54
504750,2025-08-09,164,1,342.45,342.45,209.39,133.06
504751,2025-08-09,166,4,183.2,732.8,138.4,179.2
504752,2025-08-09,167,3,70.09,210.27,48.28,65.43
504753,2025-08-09,168,1,289.8,289.8,228.17,61.63
504754,2025-08-09,170,1,154.1,154.1,94.54,59.56
505846,2025-08-09,102,2,65.53,131.06,45.11,40.84
505886,2025-08-09,103,1,102.57,102.57,68.4,34.17
505905,2025-08-09,113,2,46.39,92.78,35.6,21.58
505952,2025-08-09,120,2,238.12,476.24,172.98,130.28
506041,2025-08-09,132,1,99.35,99.35,73.24,26.11
504755,2025-08-10,105,1,338.49,338.49,242.36,96.13
504756,2025-08-10,108,1,289.07,289.07,198.47,90.6
504757,2025-08-10,109,1,246.09,246.09,164.16,81.93
504758,2025-08-10,118,2,256.08,512.16,198.94,114.28
504759,2025-08-10,119,1,198.83,198.83,137.36,61.47
504760,2025-08-10,131,2,333.06,666.12,218.92,228.28
504761,2025-08-10,138,1,315.76,315.76,216.53,99.23
504762,2025-08-10,151,1,59.95,59.95,36.25,23.7
504763,2025-08-10,152,1,214.28,214.28,169.22,45.06
504764,2025-08-10,156,3,71.91,215.73,55.69,48.66
504765,2025-08-10,157,2,82.29,164.58,49.11,66.36
504766,2025-08-10,158,2,192.52,385.04,134.46,116.12
504767,2025-08-10,159,1,243.51,243.51,158.58,84.93
504768,2025-08-10,160,1,170.86,170.86,126.42,44.44
504769,2025-08-10,166,1,183.2,183.2,138.4,44.8
504770,2025-08-10,170,1,154.1,154.1,94.54,59.56
505930,2025-08-10,115,2,92.47,184.94,56.54,71.86
506185,2025-08-10,153,1,45.82,45.82,28.45,17.37
504771,2025-08-11,101,1,193.32,193.32,118.14,75.18
504772,2025-08-11,104,1,401.59,401.59,243.11,158.48
504773,2025-08-11,105,1,338.49,338.49,242.36,96.13
504774,2025-08-11,106,1,249.43,249.43,172.41,77.02
504775,2025-08-11,109,1,246.09,246.09,164.16,81.93
504776,2025-08-11,110,1,292.13,292.13,215.55,76.58
504777,2025-08-11,117,1,91.8,91.8,55.09,36.71
504778,2025-08-11,119,2,198.83,397.66,137.36,122.94
504779,2025-08-11,127,2,99.85,199.7,61.95,75.8
504780,2025-08-11,131,4,333.06,1332.24,218.92,456.56
504781,2025-08-11,141,1,251.72,251.72,187.7,64.02
504782,2025-08-11,143,2,323.71,647.42,237.32,172.78
504783,2025-08-11,145,4,55.05,220.2,35.61,77.76
504784,2025-08-11,151,1,59.95,59.95,36.25,23.7
504785,2025-08-11,156,2,71.91,143.82,55.69,32.44
504786,2025-08-11,158,1,192.52,192.52,134.46,58.06
504787,2025-08-11,159,1,243.51,243.51,158.58,84.93
504788,2025-08-11,163,1,271.41,271.41,212.87,58.54
504789,2025-08-11,164,2,342.45,684.9,209.39,266.12
504790,2025-08-11,166,2,183.2,366.4,138.4,89.6
504791,2025-08-11,167,3,70.09,210.27,48.28,65.43
504792,2025-08-11,170,1,154.1,154.1,94.54,59.56
505980,2025-08-11,121,1,35.68,35.68,23.79,11.89
504793,2025-08-12,101,1,193.32,193.32,118.14,75.18
504794,2025-08-12,104,1,401.59,401.59,243.11,158.48
504795,2025-08-12,106,2,249.43,498.86,172.41,154.04
504796,2025-08-12,108,1,289.07,289.07,198.47,90.6
504797,2025-08-12,118,1,256.08,256.08,198.94,57.14
504798,2025-08-12,127,1,99.85,99.85,61.95,37.9
504799,2025-08-12,130,1,250.88,250.88,199.42,51.46
504800,2025-08-12,138,1,315.76,315.76,216.53,99.23
504801,2025-08-12,158,2,192.52,385.04,134.46,116.12
504802,2025-08-12,159,4,243.51,974.04,158.58,339.72
504803,2025-08-12,161,1,299.5,299.5,200.05,99.45
504804,2025-08-12,166,1,183.2,183.2,138.4,44.8
504805,2025-08-12,168,1,289.8,289.8,228.17,61.63
505887,2025-08-12,103,2,102.57,205.14,68.4,68.34
504806,2025-08-13,101,2,193.32,386.64,118.14,150.36
504807,2025-08-13,104,1,401.59,401.59,243.11,158.48
504808,2025-08-13,105,3,338.49,1015.47,242.36,288.39
504809,2025-08-13,106,1,249.43,249.43,172.41,77.02
504810,2025-08-13,109,1,246.09,246.09,164.16,81.93
504811,2025-08-13,110,1,292.13,292.13,215.55,76.58
504812,2025-08-13,118,2,256.08,512.16,198.94,114.28
504813,2025-08-13,119,1,198.83,198.83,137.36,61.47
504814,2025-08-13,123,1,315.18,315.18,190.92,124.26
504815,2025-08-13,131,2,333.06,666.12,218.92,228.28
504816,2025-08-13,134,2,37.23,74.46,28.02,18.42
504817,2025-08-13,135,1,272.98,272.98,215.02,57.96
504818,2025-08-13,138,1,315.76,315.76,216.53,99.23
504819,2025-08-13,139,1,143.43,143.43,101.37,42.06
504820,2025-08-13,141,2,251.72,503.44,187.7,128.04
504821,2025-08-13,142,4,58.26,233.04,34.86,93.6
504822,2025-08-13,143,1,323.71,323.71,237.32,86.39
504823,2025-08-13,145,1,55.05,55.05,35.61,19.44
504824,2025-08-13,149,2,288.99,577.98,208.97,160.04
504825,2025-08-13,151,2,59.95,119.9,36.25,47.4
504826,2025-08-13,156,1,71.91,71.91,55.69,16.22
504827,2025-08-13,158,3,192.52,577.56,134.46,174.18
504828,2025-08-13,159,2,243.51,487.02,158.58,169.86
504829,2025-08-13,160,1,170.86,170.86,126.42,44.44
504830,2025-08-13,167,1,70.09,70.09,48.28,21.81
504831,2025-08-13,168,1,289.8,289.8,228.17,61.63
504832,2025-08-14,101,1,193.32,193.32,118.14,75.18
504833,2025-08-14,106,2,249.43,498.86,172.41,154.04
504834,2025-08-14,108,1,289.07,289.07,198.47,90.6
504835,2025-08-14,116,1,50.07,50.07,34.84,15.23
504836,2025-08-14,117,1,91.8,91.8,55.09,36.71
504837,2025-08-14,118,1,256.08,256.08,198.94,57.14
504838,2025-08-14,131,1,333.06,333.06,218.92,114.14
504839,2025-08-14,134,1,37.23,37.23,28.02,9.21
504840,2025-08-14,139,2,143.43,286.86,101.37,84.12
504841,2025-08-14,142,3,58.26,174.78,34.86,70.2
504842,2025-08-14,143,1,323.71,323.71,237.32,86.39
504843,2025-08-14,145,1,55.05,55.05,35.61,19.44
504844,2025-08-14,151,1,59.95,59.95,36.25,23.7
504845,2025-08-14,152,1,214.28,214.28,169.22,45.06
504846,2025-08-14,156,4,71.91,287.64,55.69,64.88
504847,2025-08-14,158,1,192.52,192.52,134.46,58.06
504848,2025-08-14,159,3,243.51,730.53,158.58,254.79
504849,2025-08-14,165,1,273.04,273.04,196.44,76.6
504850,2025-08-14,166,2,183.2,366.4,138.4,89.6
504851,2025-08-14,167,2,70.09,140.18,48.28,43.62
504852,2025-08-14,168,2,289.8,579.6,228.17,123.26
504853,2025-08-14,170,1,154.1,154.1,94.54,59.56
505931,2025-08-14,115,2,92.47,184.94,56.54,71.86
506122,2025-08-14,137,2,395.0,790.0,245.2,299.6
504854,2025-08-15,109,1,246.09,246.09,164.16,81.93
504855,2025-08-15,112,1,175.04,175.04,132.75,42.29
504856,2025-08-15,117,1,91.8,91.8,55.09,36.71
504857,2025-08-15,118,2,256.08,512.16,198.94,114.28
504858,2025-08-15,119,1,198.83,198.83,137.36,61.47
504859,2025-08-15,126,1,61.33,61.33,48.82,12.51
504860,2025-08-15,130,1,250.88,250.88,199.42,51.46
504861,2025-08-15,131,1,333.06,333.06,218.92,114.14
504862,2025-08-15,138,1,315.76,315.76,216.53,99.23
504863,2025-08-15,139,1,143.43,143.43,101.37,42.06
504864,2025-08-15,142,2,58.26,116.52,34.86,46.8
504865,2025-08-15,143,1,323.71,323.71,237.32,86.39
504866,2025-08-15,155,1,123.41,123.41,78.63,44.78
504867,2025-08-15,156,1,71.91,71.91,55.69,16.22
504868,2025-08-15,159,2,243.51,487.02,158.58,169.86
504869,2025-08-15,161,1,299.5,299.5,200.05,99.45
504870,2025-08-15,166,1,183.2,183.2,138.4,44.8
506042,2025-08-15,132,1,99.35,99.35,73.24,26.11
504871,2025-08-16,104,1,401.59,401.59,243.11,158.48
504872,2025-08-16,106,2,249.43,498.86,172.41,154.04
504873,2025-08-16,110,3,292.13,876.39,215.55,229.74
504874,2025-08-16,112,1,175.04,175.04,132.75,42.29
504875,2025-08-16,116,1,50.07,50.07,34.84,15.23
504876,2025-08-16,118,1,256.08,256.08,198.94,57.14
504877,2025-08-16,129,1,52.38,52.38,39.89,12.49
504878,2025-08-16,139,1,143.43,143.43,101.37,42.06
504879,2025-08-16,142,3,58.26,174.78,34.86,70.2
504880,2025-08-16,146,1,111.1,111.1,78.58,32.52
504881,2025-08-16,161,1,299.5,299.5,200.05,99.45
504882,2025-08-16,163,1,271.41,271.41,212.87,58.54
504883,2025-08-16,166,2,183.2,366.4,138.4,89.6
504884,2025-08-16,169,1,117.76,117.76,72.26,45.5
504885,2025-08-16,170,1,154.1,154.1,94.54,59.56
506093,2025-08-16,136,1,152.73,152.73,102.8,49.93
504886,2025-08-17,101,1,193.32,193.32,118.14,75.18
504887,2025-08-17,104,1,401.59,401.59,243.11,158.48
504888,2025-08-17,105,1,338.49,338.49,242.36,96.13
504889,2025-08-17,106,1,249.43,249.43,172.41,77.02
504890,2025-08-17,109,1,246.09,246.09,164.16,81.93
504891,2025-08-17,112,3,175.04,525.12,132.75,126.87
504892,2025-08-17,123,2,315.18,630.36,190.92,248.52
504893,2025-08-17,127,1,99.85,99.85,61.95,37.9
504894,2025-08-17,131,1,333.06,333.06,218.92,114.14
504895,2025-08-17,134,1,37.23,37.23,28.02,9.21
504896,2025-08-17,135,1,272.98,272.98,215.02,57.96
504897,2025-08-17,139,2,143.43,286.86,101.37,84.12
504898,2025-08-17,142,3,58.26,174.78,34.86,70.2
504899,2025-08-17,151,3,59.95,179.85,36.25,71.1
504900,2025-08-17,156,1,71.91,71.91,55.69,16.22
504901,2025-08-17,158,1,192.52,192.52,134.46,58.06
504902,2025-08-17,159,2,243.51,487.02,158.58,169.86
504903,2025-08-17,167,1,70.09,70.09,48.28,21.81
504904,2025-08-17,170,1,154.1,154.1,94.54,59.56
505888,2025-08-17,103,1,102.57,102.57,68.4,34.17
506043,2025-08-17,132,1,99.35,99.35,73.24,26.11
504905,2025-08-18,105,3,338.49,1015.47,242.36,288.39
504906,2025-08-18,106,2,249.43,498.86,172.41,154.04
504907,2025-08-18,110,1,292.13,292.13,215.55,76.58
504908,2025-08-18,118,1,256.08,256.08,198.94,57.14
504909,2025-08-18,131,3,333.06,999.18,218.92,342.42
504910,2025-08-18,134,1,37.23,37.23,28.02,9.21
504911,2025-08-18,141,1,251.72,251.72,187.7,64.02
504912,2025-08-18,142,2,58.26,116.52,34.86,46.8
504913,2025-08-18,148,1,69.95,69.95,42.84,27.11
504914,2025-08-18,150,1,410.26,410.26,249.3,160.96
504915,2025-08-18,151,1,59.95,59.95,36.25,23.7
504916,2025-08-18,152,2,214.28,428.56,169.22,90.12
504917,2025-08-18,155,1,123.41,123.41,78.63,44.78
504918,2025-08-18,156,2,71.91,143.82,55.69,32.44
504919,2025-08-18,157,1,82.29,82.29,49.11,33.18
504920,2025-08-18,159,3,243.51,730.53,158.58,254.79
504921,2025-08-18,160,1,170.86,170.86,126.42,44.44
504922,2025-08-18,164,1,342.45,342.45,209.39,133.06
504923,2025-08-18,166,1,183.2,183.2,138.4,44.8
504924,2025-08-18,167,2,70.09,140.18,48.28,43.62
504925,2025-08-18,170,1,154.1,154.1,94.54,59.56
505999,2025-08-18,124,1,59.0,59.0,37.2,21.8
506123,2025-08-18,137,1,395.0,395.0,245.2,149.8
504926,2025-08-19,101,1,193.32,193.32,118.14,75.18
504927,2025-08-19,109,4,246.09,984.36,164.16,327.72
504928,2025-08-19,110,1,292.13,292.13,215.55,76.58
504929,2025-08-19,116,1,50.07,50.07,34.84,15.23
504930,2025-08-19,118,1,256.08,256.08,198.94,57.14
504931,2025-08-19,119,4,198.83,795.32,137.36,245.88
504932,2025-08-19,123,1,315.18,315.18,190.92,124.26
504933,2025-08-19,125,1,86.82,86.82,57.13,29.69
504934,2025-08-19,131,1,333.06,333.06,218.92,114.14
504935,2025-08-19,135,1,272.98,272.98,215.02,57.96
504936,2025-08-19,141,1,251.72,251.72,187.7,64.02
504937,2025-08-19,143,2,323.71,647.42,237.32,172.78
504938,2025-08-19,145,1,55.05,55.05,35.61,19.44
504939,2025-08-19,151,1,59.95,59.95,36.25,23.7
504940,2025-08-19,157,1,82.29,82.29,49.11,33.18
504941,2025-08-19,158,1,192.52,192.52,134.46,58.06
504942,2025-08-19,161,2,299.5,599.0,200.05,198.9
504943,2025-08-19,164,2,342.45,684.9,209.39,266.12
504944,2025-08-19,167,2,70.09,140.18,48.28,43.62
504945,2025-08-19,170,2,154.1,308.2,94.54,119.12
505889,2025-08-19,103,1,102.57,102.57,68.4,34.17
504946,2025-08-20,104,2,401.59,803.18,243.11,316.96
504947,2025-08-20,106,1,249.43,249.43,172.41,77.02
504948,2025-08-20,108,1,289.07,289.07,198.47,90.6
504949,2025-08-20,110,2,292.13,584.26,215.55,153.16
504950,2025-08-20,112,2,175.04,350.08,132.75,84.58
504951,2025-08-20,117,2,91.8,183.6,55.09,73.42
504952,2025-08-20,118,2,256.08,512.16,198.94,114.28
504953,2025-08-20,119,1,198.83,198.83,137.36,61.47
504954,2025-08-20,125,1,86.82,86.82,57.13,29.69
504955,2025-08-20,131,2,333.06,666.12,218.92,228.28
504956,2025-08-20,139,1,143.43,143.43,101.37,42.06
504957,2025-08-20,141,1,251.72,251.72,187.7,64.02
504958,2025-08-20,142,2,58.26,116.52,34.86,46.8
504959,2025-08-20,143,3,323.71,971.13,237.32,259.17
504960,2025-08-20,145,1,55.05,55.05,35.61,19.44
504961,2025-08-20,151,1,59.95,59.95,36.25,23.7
504962,2025-08-20,156,2,71.91,143.82,55.69,32.44
504963,2025-08-20,157,1,82.29,82.29,49.11,33.18
504964,2025-08-20,159,3,243.51,730.53,158.58,254.79
504965,2025-08-20,160,1,170.86,170.86,126.42,44.44
504966,2025-08-20,166,3,183.2,549.6,138.4,134.4
504967,2025-08-20,167,4,70.09,280.36,48.28,87.24
506124,2025-08-20,137,1,395.0,395.0,245.2,149.8
504968,2025-08-21,106,1,249.43,249.43,172.41,77.02
504969,2025-08-21,110,2,292.13,584.26,215.55,153.16
504970,2025-08-21,116,1,50.07,50.07,34.84,15.23
504971,2025-08-21,119,2,198.83,397.66,137.36,122.94
504972,2025-08-21,131,3,333.06,999.18,218.92,342.42
504973,2025-08-21,135,1,272.98,272.98,215.02,57.96
504974,2025-08-21,139,1,143.43,143.43,101.37,42.06
504975,2025-08-21,142,1,58.26,58.26,34.86,23.4
504976,2025-08-21,146,1,111.1,111.1,78.58,32.52
504977,2025-08-21,148,1,69.95,69.95,42.84,27.11
504978,2025-08-21,149,1,288.99,288.99,208.97,80.02
504979,2025-08-21,160,1,170.86,170.86,126.42,44.44
504980,2025-08-21,164,1,342.45,342.45,209.39,133.06
504981,2025-08-21,167,2,70.09,140.18,48.28,43.62
504982,2025-08-21,168,2,289.8,579.6,228.17,123.26
504983,2025-08-21,170,1,154.1,154.1,94.54,59.56
506044,2025-08-21,132,2,99.35,198.7,73.24,52.22
506155,2025-08-21,144,1,219.65,219.65,137.82,81.83
504984,2025-08-22,104,1,401.59,401.59,243.11,158.48
504985,2025-08-22,106,2,249.43,498.86,172.41,154.04
504986,2025-08-22,109,2,246.09,492.18,164.16,163.86
504987,2025-08-22,112,2,175.04,350.08,132.75,84.58
504988,2025-08-22,118,2,256.08,512.16,198.94,114.28
504989,2025-08-22,119,2,198.83,397.66,137.36,122.94
504990,2025-08-22,123,2,315.18,630.36,190.92,248.52
504991,2025-08-22,130,1,250.88,250.88,199.42,51.46
504992,2025-08-22,135,1,272.98,272.98,215.02,57.96
504993,2025-08-22,138,1,315.76,315.76,216.53,99.23
504994,2025-08-22,141,1,251.72,251.72,187.7,64.02
504995,2025-08-22,143,2,323.71,647.42,237.32,172.78
504996,2025-08-22,145,3,55.05,165.15,35.61,58.32
504997,2025-08-22,150,2,410.26,820.52,249.3,321.92
504998,2025-08-22,151,3,59.95,179.85,36.25,71.1
504999,2025-08-22,156,1,71.91,71.91,55.69,16.22
505000,2025-08-22,157,2,82.29,164.58,49.11,66.36
505001,2025-08-22,158,2,192.52,385.04,134.46,116.12
505002,2025-08-22,159,3,243.51,730.53,158.58,254.79
505003,2025-08-22,166,1,183.2,183.2,138.4,44.8
505004,2025-08-22,170,1,154.1,154.1,94.54,59.56
506186,2025-08-22,153,2,45.82,91.64,28.45,34.74
505005,2025-08-23,104,2,401.59,803.18,243.11,316.96
505006,2025-08-23,109,2,246.09,492.18,164.16,163.86
505007,2025-08-23,110,1,292.13,292.13,215.55,76.58
505008,2025-08-23,116,2,50.07,100.14,34.84,30.46
505009,2025-08-23,118,2,256.08,512.16,198.94,114.28
505010,2025-08-23,119,2,198.83,397.66,137.36,122.94
505011,2025-08-23,127,1,99.85,99.85,61.95,37.9
505012,2025-08-23,134,1,37.23,37.23,28.02,9.21
505013,2025-08-23,135,1,272.98,272.98,215.02,57.96
505014,2025-08-23,138,1,315.76,315.76,216.53,99.23
505015,2025-08-23,139,1,143.43,143.43,101.37,42.06
505016,2025-08-23,141,1,251.72,251.72,187.7,64.02
505017,2025-08-23,142,1,58.26,58.26,34.86,23.4
505018,2025-08-23,143,1,323.71,323.71,237.32,86.39
505019,2025-08-23,151,2,59.95,119.9,36.25,47.4
505020,2025-08-23,152,1,214.28,214.28,169.22,45.06
505021,2025-08-23,156,1,71.91,71.91,55.69,16.22
505022,2025-08-23,157,1,82.29,82.29,49.11,33.18
505023,2025-08-23,158,1,192.52,192.52,134.46,58.06
505024,2025-08-23,159,1,243.51,243.51,158.58,84.93
505025,2025-08-23,161,1,299.5,299.5,200.05,99.45
505026,2025-08-23,168,1,289.8,289.8,228.17,61.63
506013,2025-08-23,128,2,126.0,252.0,85.72,80.56
505027,2025-08-24,104,1,401.59,401.59,243.11,158.48
505028,2025-08-24,106,1,249.43,249.43,172.41,77.02
505029,2025-08-24,110,3,292.13,876.39,215.55,229.74
505030,2025-08-24,118,2,256.08,512.16,198.94,114.28
505031,2025-08-24,119,1,198.83,198.83,137.36,61.47
505032,2025-08-24,126,1,61.33,61.33,48.82,12.51
505033,2025-08-24,127,1,99.85,99.85,61.95,37.9
505034,2025-08-24,130,1,250.88,250.88,199.42,51.46
505035,2025-08-24,131,1,333.06,333.06,218.92,114.14
505036,2025-08-24,134,1,37.23,37.23,28.02,9.21
505037,2025-08-24,135,1,272.98,272.98,215.02,57.96
505038,2025-08-24,141,1,251.72,251.72,187.7,64.02
505039,2025-08-24,142,1,58.26,58.26,34.86,23.4
505040,2025-08-24,149,1,288.99,288.99,208.97,80.02
505041,2025-08-24,151,3,59.95,179.85,36.25,71.1
505042,2025-08-24,156,2,71.91,143.82,55.69,32.44
505043,2025-08-24,158,2,192.52,385.04,134.46,116.12
505044,2025-08-24,166,1,183.2,183.2,138.4,44.8
505045,2025-08-24,167,3,70.09,210.27,48.28,65.43
505046,2025-08-24,170,2,154.1,308.2,94.54,119.12
505890,2025-08-24,103,1,102.57,102.57,68.4,34.17
506125,2025-08-24,137,2,395.0,790.0,245.2,299.6
505047,2025-08-25,104,1,401.59,401.59,243.11,158.48
505048,2025-08-25,106,2,249.43,498.86,172.41,154.04
505049,2025-08-25,109,1,246.09,246.09,164.16,81.93
505050,2025-08-25,110,1,292.13,292.13,215.55,76.58
505051,2025-08-25,112,1,175.04,175.04,132.75,42.29
505052,2025-08-25,114,1,266.44,266.44,183.47,82.97
505053,2025-08-25,117,1,91.8,91.8,55.09,36.71
505054,2025-08-25,118,2,256.08,512.16,198.94,114.28
505055,2025-08-25,123,1,315.18,315.18,190.92,124.26
505056,2025-08-25,138,1,315.76,315.76,216.53,99.23
505057,2025-08-25,139,1,143.43,143.43,101.37,42.06
505058,2025-08-25,143,1,323.71,323.71,237.32,86.39
505059,2025-08-25,146,1,111.1,111.1,78.58,32.52
505060,2025-08-25,148,1,69.95,69.95,42.84,27.11
505061,2025-08-25,149,1,288.99,288.99,208.97,80.02
505062,2025-08-25,151,2,59.95,119.9,36.25,47.4
505063,2025-08-25,156,1,71.91,71.91,55.69,16.22
505064,2025-08-25,157,1,82.29,82.29,49.11,33.18
505065,2025-08-25,158,4,192.52,770.08,134.46,232.24
505066,2025-08-25,159,1,243.51,243.51,158.58,84.93
505067,2025-08-25,160,2,170.86,341.72,126.42,88.88
505068,2025-08-25,161,1,299.5,299.5,200.05,99.45
505069,2025-08-25,164,1,342.45,342.45,209.39,133.06
505070,2025-08-25,167,1,70.09,70.09,48.28,21.81
505071,2025-08-25,168,2,289.8,579.6,228.17,123.26
505072,2025-08-25,170,2,154.1,308.2,94.54,119.12
505073,2025-08-26,105,1,338.49,338.49,242.36,96.13
505074,2025-08-26,106,3,249.43,748.29,172.41,231.06
505075,2025-08-26,109,1,246.09,246.09,164.16,81.93
505076,2025-08-26,110,1,292.13,292.13,215.55,76.58
505077,2025-08-26,112,1,175.04,175.04,132.75,42.29
505078,2025-08-26,116,1,50.07,50.07,34.84,15.23
505079,2025-08-26,118,2,256.08,512.16,198.94,114.28
505080,2025-08-26,119,1,198.83,198.83,137.36,61.47
505081,2025-08-26,122,1,185.72,185.72,136.04,49.68
505082,2025-08-26,123,1,315.18,315.18,190.92,124.26
505083,2025-08-26,127,2,99.85,199.7,61.95,75.8
505084,2025-08-26,130,1,250.88,250.88,199.42,51.46
505085,2025-08-26,131,1,333.06,333.06,218.92,114.14
505086,2025-08-26,142,1,58.26,58.26,34.86,23.4
505087,2025-08-26,146,1,111.1,111.1,78.58,32.52
505088,2025-08-26,149,1,288.99,288.99,208.97,80.02
505089,2025-08-26,155,2,123.41,246.82,78.63,89.56
505090,2025-08-26,156,2,71.91,143.82,55.69,32.44
505091,2025-08-26,158,1,192.52,192.52,134.46,58.06
505092,2025-08-26,160,2,170.86,341.72,126.42,88.88
505093,2025-08-26,170,1,154.1,154.1,94.54,59.56
505847,2025-08-26,102,2,65.53,131.06,45.11,40.84
506213,2025-08-26,154,2,65.52,131.04,44.36,42.32
505094,2025-08-27,101,1,193.32,193.32,118.14,75.18
505095,2025-08-27,110,1,292.13,292.13,215.55,76.58
505096,2025-08-27,112,1,175.04,175.04,132.75,42.29
505097,2025-08-27,117,1,91.8,91.8,55.09,36.71
505098,2025-08-27,118,1,256.08,256.08,198.94,57.14
505099,2025-08-27,119,2,198.83,397.66,137.36,122.94
505100,2025-08-27,142,1,58.26,58.26,34.86,23.4
505101,2025-08-27,143,2,323.71,647.42,237.32,172.78
505102,2025-08-27,156,4,71.91,287.64,55.69,64.88
505103,2025-08-27,158,2,192.52,385.04,134.46,116.12
505104,2025-08-27,159,1,243.51,243.51,158.58,84.93
505105,2025-08-27,161,1,299.5,299.5,200.05,99.45
505106,2025-08-27,166,2,183.2,366.4,138.4,89.6
505107,2025-08-27,167,1,70.09,70.09,48.28,21.81
505108,2025-08-27,168,2,289.8,579.6,228.17,123.26
505109,2025-08-27,169,2,117.76,235.52,72.26,91.0
505110,2025-08-27,170,1,154.1,154.1,94.54,59.56
505848,2025-08-27,102,1,65.53,65.53,45.11,20.42
505111,2025-08-28,101,1,193.32,193.32,118.14,75.18
505112,2025-08-28,106,3,249.43,748.29,172.41,231.06
505113,2025-08-28,110,3,292.13,876.39,215.55,229.74
505114,2025-08-28,112,3,175.04,525.12,132.75,126.87
505115,2025-08-28,116,2,50.07,100.14,34.84,30.46
505116,2025-08-28,117,2,91.8,183.6,55.09,73.42
505117,2025-08-28,118,1,256.08,256.08,198.94,57.14
505118,2025-08-28,119,2,198.83,397.66,137.36,122.94
505119,2025-08-28,130,1,250.88,250.88,199.42,51.46
505120,2025-08-28,134,2,37.23,74.46,28.02,18.42
505121,2025-08-28,135,1,272.98,272.98,215.02,57.96
505122,2025-08-28,139,1,143.43,143.43,101.37,42.06
505123,2025-08-28,141,1,251.72,251.72,187.7,64.02
505124,2025-08-28,142,1,58.26,58.26,34.86,23.4
505125,2025-08-28,145,2,55.05,110.1,35.61,38.88
505126,2025-08-28,148,1,69.95,69.95,42.84,27.11
505127,2025-08-28,149,1,288.99,288.99,208.97,80.02
505128,2025-08-28,150,1,410.26,410.26,249.3,160.96
505129,2025-08-28,151,2,59.95,119.9,36.25,47.4
505130,2025-08-28,156,1,71.91,71.91,55.69,16.22
505131,2025-08-28,157,3,82.29,246.87,49.11,99.54
505132,2025-08-28,159,1,243.51,243.51,158.58,84.93
505133,2025-08-28,161,1,299.5,299.5,200.05,99.45
505134,2025-08-28,166,2,183.2,366.4,138.4,89.6
505135,2025-08-28,167,1,70.09,70.09,48.28,21.81
505136,2025-08-28,170,2,154.1,308.2,94.54,119.12
505932,2025-08-28,115,1,92.47,92.47,56.54,35.93
505137,2025-08-29,106,2,249.43,498.86,172.41,154.04
505138,2025-08-29,112,1,175.04,175.04,132.75,42.29
505139,2025-08-29,114,1,266.44,266.44,183.47,82.97
505140,2025-08-29,117,1,91.8,91.8,55.09,36.71
505141,2025-08-29,118,1,256.08,256.08,198.94,57.14
505142,2025-08-29,119,2,198.83,397.66,137.36,122.94
505143,2025-08-29,127,1,99.85,99.85,61.95,37.9
505144,2025-08-29,131,4,333.06,1332.24,218.92,456.56
505145,2025-08-29,135,1,272.98,272.98,215.02,57.96
505146,2025-08-29,138,1,315.76,315.76,216.53,99.23
505147,2025-08-29,142,1,58.26,58.26,34.86,23.4
505148,2025-08-29,143,1,323.71,323.71,237.32,86.39
505149,2025-08-29,149,1,288.99,288.99,208.97,80.02
505150,2025-08-29,156,2,71.91,143.82,55.69,32.44
505151,2025-08-29,166,1,183.2,183.2,138.4,44.8
505152,2025-08-29,167,2,70.09,140.18,48.28,43.62
506045,2025-08-29,132,2,99.35,198.7,73.24,52.22
506058,2025-08-29,133,2,115.61,231.22,87.93,55.36
506094,2025-08-29,136,2,152.73,305.46,102.8,99.86
505153,2025-08-30,106,1,249.43,249.43,172.41,77.02
505154,2025-08-30,112,2,175.04,350.08,132.75,84.58
505155,2025-08-30,118,1,256.08,256.08,198.94,57.14
505156,2025-08-30,123,1,315.18,315.18,190.92,124.26
505157,2025-08-30,127,1,99.85,99.85,61.95,37.9
505158,2025-08-30,131,2,333.06,666.12,218.92,228.28
505159,2025-08-30,135,1,272.98,272.98,215.02,57.96
505160,2025-08-30,139,1,143.43,143.43,101.37,42.06
505161,2025-08-30,142,1,58.26,58.26,34.86,23.4
505162,2025-08-30,149,1,288.99,288.99,208.97,80.02
505163,2025-08-30,151,1,59.95,59.95,36.25,23.7
505164,2025-08-30,155,1,123.41,123.41,78.63,44.78
505165,2025-08-30,156,3,71.91,215.73,55.69,48.66
505166,2025-08-30,157,1,82.29,82.29,49.11,33.18
505167,2025-08-30,158,2,192.52,385.04,134.46,116.12
505168,2025-08-30,159,1,243.51,243.51,158.58,84.93
505169,2025-08-30,160,1,170.86,170.86,126.42,44.44
505170,2025-08-30,164,1,342.45,342.45,209.39,133.06
505171,2025-08-30,166,2,183.2,366.4,138.4,89.6
505172,2025-08-30,167,1,70.09,70.09,48.28,21.81
505173,2025-08-31,104,1,401.59,401.59,243.11,158.48
505174,2025-08-31,105,1,338.49,338.49,242.36,96.13
505175,2025-08-31,106,2,249.43,498.86,172.41,154.04
505176,2025-08-31,112,1,175.04,175.04,132.75,42.29
505177,2025-08-31,117,1,91.8,91.8,55.09,36.71
505178,2025-08-31,118,2,256.08,512.16,198.94,114.28
505179,2025-08-31,123,1,315.18,315.18,190.92,124.26
505180,2025-08-31,131,2,333.06,666.12,218.92,228.28
505181,2025-08-31,134,1,37.23,37.23,28.02,9.21
505182,2025-08-31,139,2,143.43,286.86,101.37,84.12
505183,2025-08-31,141,1,251.72,251.72,187.7,64.02
505184,2025-08-31,142,1,58.26,58.26,34.86,23.4
505185,2025-08-31,148,1,69.95,69.95,42.84,27.11
505186,2025-08-31,156,1,71.91,71.91,55.69,16.22
505187,2025-08-31,159,1,243.51,243.51,158.58,84.93
505188,2025-08-31,163,1,271.41,271.41,212.87,58.54
505189,2025-08-31,164,1,342.45,342.45,209.39,133.06
505190,2025-08-31,167,4,70.09,280.36,48.28,87.24
505191,2025-08-31,168,1,289.8,289.8,228.17,61.63
505192,2025-08-31,170,2,154.1,308.2,94.54,119.12
505193,2025-09-01,105,1,338.49,338.49,242.36,96.13
505194,2025-09-01,109,1,246.09,246.09,164.16,81.93
505195,2025-09-01,112,1,175.04,175.04,132.75,42.29
505196,2025-09-01,116,1,50.07,50.07,34.84,15.23
505197,2025-09-01,117,1,91.8,91.8,55.09,36.71
505198,2025-09-01,118,3,256.08,768.24,198.94,171.42
505199,2025-09-01,119,1,198.83,198.83,137.36,61.47
505200,2025-09-01,127,2,99.85,199.7,61.95,75.8
505201,2025-09-01,131,4,333.06,1332.24,218.92,456.56
505202,2025-09-01,135,1,272.98,272.98,215.02,57.96
505203,2025-09-01,138,1,315.76,315.76,216.53,99.23
505204,2025-09-01,143,2,323.71,647.42,237.32,172.78
505205,2025-09-01,145,1,55.05,55.05,35.61,19.44
505206,2025-09-01,156,1,71.91,71.91,55.69,16.22
505207,2025-09-01,157,1,82.29,82.29,49.11,33.18
505208,2025-09-01,158,2,192.52,385.04,134.46,116.12
505209,2025-09-01,159,1,243.51,243.51,158.58,84.93
505210,2025-09-01,166,3,183.2,549.6,138.4,134.4
505211,2025-09-01,169,1,117.76,117.76,72.26,45.5
505849,2025-09-01,102,2,65.53,131.06,45.11,40.84
505212,2025-09-02,105,1,338.49,338.49,242.36,96.13
505213,2025-09-02,106,1,249.43,249.43,172.41,77.02
505214,2025-09-02,110,3,292.13,876.39,215.55,229.74
505215,2025-09-02,112,1,175.04,175.04,132.75,42.29
505216,2025-09-02,123,1,315.18,315.18,190.92,124.26
505217,2025-09-02,127,1,99.85,99.85,61.95,37.9
505218,2025-09-02,129,1,52.38,52.38,39.89,12.49
505219,2025-09-02,130,1,250.88,250.88,199.42,51.46
505220,2025-09-02,131,2,333.06,666.12,218.92,228.28
505221,2025-09-02,141,1,251.72,251.72,187.7,64.02
505222,2025-09-02,142,1,58.26,58.26,34.86,23.4
505223,2025-09-02,143,4,323.71,1294.84,237.32,345.56
505224,2025-09-02,146,1,111.1,111.1,78.58,32.52
505225,2025-09-02,151,1,59.95,59.95,36.25,23.7
505226,2025-09-02,156,1,71.91,71.91,55.69,16.22
505227,2025-09-02,157,1,82.29,82.29,49.11,33.18
505228,2025-09-02,158,2,192.52,385.04,134.46,116.12
505229,2025-09-02,159,1,243.51,243.51,158.58,84.93
505230,2025-09-02,166,3,183.2,549.6,138.4,134.4
505231,2025-09-02,167,1,70.09,70.09,48.28,21.81
505232,2025-09-03,101,1,193.32,193.32,118.14,75.18
505233,2025-09-03,106,2,249.43,498.86,172.41,154.04
505234,2025-09-03,110,2,292.13,584.26,215.55,153.16
505235,2025-09-03,116,1,50.07,50.07,34.84,15.23
505236,2025-09-03,123,1,315.18,315.18,190.92,124.26
505237,2025-09-03,126,1,61.33,61.33,48.82,12.51
505238,2025-09-03,135,1,272.98,272.98,215.02,57.96
505239,2025-09-03,138,1,315.76,315.76,216.53,99.23
505240,2025-09-03,142,1,58.26,58.26,34.86,23.4
505241,2025-09-03,145,1,55.05,55.05,35.61,19.44
505242,2025-09-03,151,2,59.95,119.9,36.25,47.4
505243,2025-09-03,158,2,192.52,385.04,134.46,116.12
505244,2025-09-03,159,1,243.51,243.51,158.58,84.93
505245,2025-09-03,166,3,183.2,549.6,138.4,134.4
505246,2025-09-03,167,1,70.09,70.09,48.28,21.81
505247,2025-09-03,169,1,117.76,117.76,72.26,45.5
505248,2025-09-03,170,3,154.1,462.3,94.54,178.68
505981,2025-09-03,121,1,35.68,35.68,23.79,11.89
506046,2025-09-03,132,2,99.35,198.7,73.24,52.22
506126,2025-09-03,137,1,395.0,395.0,245.2,149.8
505249,2025-09-04,105,1,338.49,338.49,242.36,96.13
505250,2025-09-04,106,1,249.43,249.43,172.41,77.02
505251,2025-09-04,110,3,292.13,876.39,215.55,229.74
505252,2025-09-04,112,3,175.04,525.12,132.75,126.87
505253,2025-09-04,131,2,333.06,666.12,218.92,228.28
505254,2025-09-04,134,1,37.23,37.23,28.02,9.21
505255,2025-09-04,143,2,323.71,647.42,237.32,172.78
505256,2025-09-04,151,2,59.95,119.9,36.25,47.4
505257,2025-09-04,158,1,192.52,192.52,134.46,58.06
505258,2025-09-04,159,4,243.51,974.04,158.58,339.72
505259,2025-09-04,160,1,170.86,170.86,126.42,44.44
505260,2025-09-04,163,2,271.41,542.82,212.87,117.08
505261,2025-09-04,164,1,342.45,342.45,209.39,133.06
505262,2025-09-04,166,1,183.2,183.2,138.4,44.8
505263,2025-09-04,167,3,70.09,210.27,48.28,65.43
505264,2025-09-04,168,1,289.8,289.8,228.17,61.63
505265,2025-09-04,170,1,154.1,154.1,94.54,59.56
505266,2025-09-05,101,1,193.32,193.32,118.14,75.18
505267,2025-09-05,104,2,401.59,803.18,243.11,316.96
505268,2025-09-05,105,1,338.49,338.49,242.36,96.13
505269,2025-09-05,106,1,249.43,249.43,172.41,77.02
505270,2025-09-05,116,1,50.07,50.07,34.84,15.23
505271,2025-09-05,118,1,256.08,256.08,198.94,57.14
505272,2025-09-05,119,4,198.83,795.32,137.36,245.88
505273,2025-09-05,122,1,185.72,185.72,136.04,49.68
505274,2025-09-05,131,2,333.06,666.12,218.92,228.28
505275,2025-09-05,134,2,37.23,74.46,28.02,18.42
505276,2025-09-05,138,1,315.76,315.76,216.53,99.23
505277,2025-09-05,139,1,143.43,143.43,101.37,42.06
505278,2025-09-05,142,1,58.26,58.26,34.86,23.4
505279,2025-09-05,146,1,111.1,111.1,78.58,32.52
505280,2025-09-05,151,1,59.95,59.95,36.25,23.7
505281,2025-09-05,152,1,214.28,214.28,169.22,45.06
505282,2025-09-05,156,2,71.91,143.82,55.69,32.44
505283,2025-09-05,158,3,192.52,577.56,134.46,174.18
505284,2025-09-05,160,1,170.86,170.86,126.42,44.44
505285,2025-09-05,161,2,299.5,599.0,200.05,198.9
505286,2025-09-05,164,1,342.45,342.45,209.39,133.06
505287,2025-09-05,166,1,183.2,183.2,138.4,44.8
505288,2025-09-05,167,1,70.09,70.09,48.28,21.81
505289,2025-09-05,168,1,289.8,289.8,228.17,61.63
506014,2025-09-05,128,1,126.0,126.0,85.72,40.28
506096,2025-09-05,136,2,152.73,305.46,102.8,99.86
506214,2025-09-05,154,2,65.52,131.04,44.36,42.32
505290,2025-09-06,101,1,193.32,193.32,118.14,75.18
505291,2025-09-06,105,1,338.49,338.49,242.36,96.13
505292,2025-09-06,116,3,50.07,150.21,34.84,45.69
505293,2025-09-06,118,2,256.08,512.16,198.94,114.28
505294,2025-09-06,119,1,198.83,198.83,137.36,61.47
505295,2025-09-06,123,1,315.18,315.18,190.92,124.26
505296,2025-09-06,126,1,61.33,61.33,48.82,12.51
505297,2025-09-06,131,1,333.06,333.06,218.92,114.14
505298,2025-09-06,134,1,37.23,37.23,28.02,9.21
505299,2025-09-06,138,1,315.76,315.76,216.53,99.23
505300,2025-09-06,142,1,58.26,58.26,34.86,23.4
505301,2025-09-06,143,2,323.71,647.42,237.32,172.78
505302,2025-09-06,146,1,111.1,111.1,78.58,32.52
505303,2025-09-06,149,1,288.99,288.99,208.97,80.02
505304,2025-09-06,151,3,59.95,179.85,36.25,71.1
505305,2025-09-06,155,2,123.41,246.82,78.63,89.56
505306,2025-09-06,156,2,71.91,143.82,55.69,32.44
505307,2025-09-06,159,4,243.51,974.04,158.58,339.72
505308,2025-09-06,165,1,273.04,273.04,196.44,76.6
505309,2025-09-06,166,1,183.2,183.2,138.4,44.8
505310,2025-09-06,167,2,70.09,140.18,48.28,43.62
505311,2025-09-06,170,1,154.1,154.1,94.54,59.56
505891,2025-09-06,103,1,102.57,102.57,68.4,34.17
505312,2025-09-07,109,1,246.09,246.09,164.16,81.93
505313,2025-09-07,112,3,175.04,525.12,132.75,126.87
505314,2025-09-07,131,1,333.06,333.06,218.92,114.14
505315,2025-09-07,138,1,315.76,315.76,216.53,99.23
505316,2025-09-07,139,1,143.43,143.43,101.37,42.06
505317,2025-09-07,141,1,251.72,251.72,187.7,64.02
505318,2025-09-07,143,3,323.71,971.13,237.32,259.17
505319,2025-09-07,146,1,111.1,111.1,78.58,32.52
505320,2025-09-07,151,1,59.95,59.95,36.25,23.7
505321,2025-09-07,156,1,71.91,71.91,55.69,16.22
505322,2025-09-07,158,1,192.52,192.52,134.46,58.06
505323,2025-09-07,159,1,243.51,243.51,158.58,84.93
505324,2025-09-07,160,2,170.86,341.72,126.42,88.88
505325,2025-09-07,164,1,342.45,342.45,209.39,133.06
505326,2025-09-07,166,3,183.2,549.6,138.4,134.4
505327,2025-09-07,167,1,70.09,70.09,48.28,21.81
505328,2025-09-07,168,2,289.8,579.6,228.17,123.26
505329,2025-09-07,169,1,117.76,117.76,72.26,45.5
505330,2025-09-07,170,2,154.1,308.2,94.54,119.12
505933,2025-09-07,115,2,92.47,184.94,56.54,71.86
505953,2025-09-07,120,1,238.12,238.12,172.98,65.14
506059,2025-09-07,133,1,115.61,115.61,87.93,27.68
506215,2025-09-07,154,1,65.52,65.52,44.36,21.16
505331,2025-09-08,101,1,193.32,193.32,118.14,75.18
505332,2025-09-08,104,1,401.59,401.59,243.11,158.48
505333,2025-09-08,106,3,249.43,748.29,172.41,231.06
505334,2025-09-08,118,2,256.08,512.16,198.94,114.28
505335,2025-09-08,119,2,198.83,397.66,137.36,122.94
505336,2025-09-08,127,1,99.85,99.85,61.95,37.9
505337,2025-09-08,129,1,52.38,52.38,39.89,12.49
505338,2025-09-08,131,2,333.06,666.12,218.92,228.28
505339,2025-09-08,135,1,272.98,272.98,215.02,57.96
505340,2025-09-08,138,1,315.76,315.76,216.53,99.23
505341,2025-09-08,139,2,143.43,286.86,101.37,84.12
505342,2025-09-08,142,4,58.26,233.04,34.86,93.6
505343,2025-09-08,143,2,323.71,647.42,237.32,172.78
505344,2025-09-08,146,1,111.1,111.1,78.58,32.52
505345,2025-09-08,149,1,288.99,288.99,208.97,80.02
505346,2025-09-08,151,5,59.95,299.75,36.25,118.5
505347,2025-09-08,156,1,71.91,71.91,55.69,16.22
505348,2025-09-08,160,1,170.86,170.86,126.42,44.44
505349,2025-09-08,161,1,299.5,299.5,200.05,99.45
505350,2025-09-08,166,3,183.2,549.6,138.4,134.4
505351,2025-09-08,167,1,70.09,70.09,48.28,21.81
505352,2025-09-08,170,1,154.1,154.1,94.54,59.56
506095,2025-09-08,136,1,152.73,152.73,102.8,49.93
505353,2025-09-09,101,1,193.32,193.32,118.14,75.18
505354,2025-09-09,109,2,246.09,492.18,164.16,163.86
505355,2025-09-09,110,3,292.13,876.39,215.55,229.74
505356,2025-09-09,116,1,50.07,50.07,34.84,15.23
505357,2025-09-09,118,2,256.08,512.16,198.94,114.28
505358,2025-09-09,119,2,198.83,397.66,137.36,122.94
505359,2025-09-09,131,2,333.06,666.12,218.92,228.28
505360,2025-09-09,141,1,251.72,251.72,187.7,64.02
505361,2025-09-09,142,2,58.26,116.52,34.86,46.8
505362,2025-09-09,145,1,55.05,55.05,35.61,19.44
505363,2025-09-09,150,1,410.26,410.26,249.3,160.96
505364,2025-09-09,151,2,59.95,119.9,36.25,47.4
505365,2025-09-09,152,2,214.28,428.56,169.22,90.12
505366,2025-09-09,156,3,71.91,215.73,55.69,48.66
505367,2025-09-09,158,1,192.52,192.52,134.46,58.06
505368,2025-09-09,159,1,243.51,243.51,158.58,84.93
505369,2025-09-09,160,1,170.86,170.86,126.42,44.44
505370,2025-09-09,165,1,273.04,273.04,196.44,76.6
505371,2025-09-09,166,2,183.2,366.4,138.4,89.6
505372,2025-09-09,167,1,70.09,70.09,48.28,21.81
505373,2025-09-09,168,2,289.8,579.6,228.17,123.26
505374,2025-09-10,101,2,193.32,386.64,118.14,150.36
505375,2025-09-10,105,1,338.49,338.49,242.36,96.13
505376,2025-09-10,106,1,249.43,249.43,172.41,77.02
505377,2025-09-10,109,1,246.09,246.09,164.16,81.93
505378,2025-09-10,110,1,292.13,292.13,215.55,76.58
505379,2025-09-10,116,1,50.07,50.07,34.84,15.23
505380,2025-09-10,118,3,256.08,768.24,198.94,171.42
505381,2025-09-10,119,1,198.83,198.83,137.36,61.47
505382,2025-09-10,122,2,185.72,371.44,136.04,99.36
505383,2025-09-10,126,1,61.33,61.33,48.82,12.51
505384,2025-09-10,127,1,99.85,99.85,61.95,37.9
505385,2025-09-10,130,1,250.88,250.88,199.42,51.46
505386,2025-09-10,131,1,333.06,333.06,218.92,114.14
505387,2025-09-10,142,1,58.26,58.26,34.86,23.4
505388,2025-09-10,143,3,323.71,971.13,237.32,259.17
505389,2025-09-10,146,1,111.1,111.1,78.58,32.52
505390,2025-09-10,151,1,59.95,59.95,36.25,23.7
505391,2025-09-10,152,1,214.28,214.28,169.22,45.06
505392,2025-09-10,156,1,71.91,71.91,55.69,16.22
505393,2025-09-10,157,1,82.29,82.29,49.11,33.18
505394,2025-09-10,158,1,192.52,192.52,134.46,58.06
505395,2025-09-10,159,1,243.51,243.51,158.58,84.93
505396,2025-09-10,160,1,170.86,170.86,126.42,44.44
505397,2025-09-10,161,1,299.5,299.5,200.05,99.45
505398,2025-09-10,166,1,183.2,183.2,138.4,44.8
505399,2025-09-10,167,2,70.09,140.18,48.28,43.62
505400,2025-09-10,168,1,289.8,289.8,228.17,61.63
505401,2025-09-10,170,2,154.1,308.2,94.54,119.12
506015,2025-09-10,128,1,126.0,126.0,85.72,40.28
506164,2025-09-10,147,2,242.25,484.5,144.95,194.6
505402,2025-09-11,104,1,401.59,401.59,243.11,158.48
505403,2025-09-11,105,1,338.49,338.49,242.36,96.13
505404,2025-09-11,106,2,249.43,498.86,172.41,154.04
505405,2025-09-11,110,1,292.13,292.13,215.55,76.58
505406,2025-09-11,112,1,175.04,175.04,132.75,42.29
505407,2025-09-11,116,2,50.07,100.14,34.84,30.46
505408,2025-09-11,117,1,91.8,91.8,55.09,36.71
505409,2025-09-11,118,2,256.08,512.16,198.94,114.28
505410,2025-09-11,119,1,198.83,198.83,137.36,61.47
505411,2025-09-11,127,2,99.85,199.7,61.95,75.8
505412,2025-09-11,131,1,333.06,333.06,218.92,114.14
505413,2025-09-11,139,2,143.43,286.86,101.37,84.12
505414,2025-09-11,141,2,251.72,503.44,187.7,128.04
505415,2025-09-11,143,1,323.71,323.71,237.32,86.39
505416,2025-09-11,145,1,55.05,55.05,35.61,19.44
505417,2025-09-11,148,1,69.95,69.95,42.84,27.11
505418,2025-09-11,151,1,59.95,59.95,36.25,23.7
505419,2025-09-11,155,1,123.41,123.41,78.63,44.78
505420,2025-09-11,156,1,71.91,71.91,55.69,16.22
505421,2025-09-11,158,3,192.52,577.56,134.46,174.18
505422,2025-09-11,159,1,243.51,243.51,158.58,84.93
505423,2025-09-11,167,1,70.09,70.09,48.28,21.81
505424,2025-09-11,169,1,117.76,117.76,72.26,45.5
505425,2025-09-11,170,2,154.1,308.2,94.54,119.12
505892,2025-09-11,103,2,102.57,205.14,68.4,68.34
506097,2025-09-11,136,1,152.73,152.73,102.8,49.93
506156,2025-09-11,144,2,219.65,439.3,137.82,163.66
505426,2025-09-12,101,1,193.32,193.32,118.14,75.18
505427,2025-09-12,104,1,401.59,401.59,243.11,158.48
505428,2025-09-12,105,1,338.49,338.49,242.36,96.13
505429,2025-09-12,106,1,249.43,249.43,172.41,77.02
505430,2025-09-12,109,1,246.09,246.09,164.16,81.93
505431,2025-09-12,112,1,175.04,175.04,132.75,42.29
505432,2025-09-12,116,1,50.07,50.07,34.84,15.23
505433,2025-09-12,119,3,198.83,596.49,137.36,184.41
505434,2025-09-12,131,1,333.06,333.06,218.92,114.14
505435,2025-09-12,134,2,37.23,74.46,28.02,18.42
505436,2025-09-12,142,1,58.26,58.26,34.86,23.4
505437,2025-09-12,149,1,288.99,288.99,208.97,80.02
505438,2025-09-12,151,2,59.95,119.9,36.25,47.4
505439,2025-09-12,156,1,71.91,71.91,55.69,16.22
505440,2025-09-12,157,1,82.29,82.29,49.11,33.18
505441,2025-09-12,158,2,192.52,385.04,134.46,116.12
505442,2025-09-12,160,1,170.86,170.86,126.42,44.44
505443,2025-09-12,166,3,183.2,549.6,138.4,134.4
505444,2025-09-12,170,2,154.1,308.2,94.54,119.12
506000,2025-09-12,124,1,59.0,59.0,37.2,21.8
506216,2025-09-12,154,2,65.52,131.04,44.36,42.32
505445,2025-09-13,105,1,338.49,338.49,242.36,96.13
505446,2025-09-13,108,1,289.07,289.07,198.47,90.6
505447,2025-09-13,109,1,246.09,246.09,164.16,81.93
505448,2025-09-13,110,1,292.13,292.13,215.55,76.58
505449,2025-09-13,114,2,266.44,532.88,183.47,165.94
505450,2025-09-13,118,1,256.08,256.08,198.94,57.14
505451,2025-09-13,119,1,198.83,198.83,137.36,61.47
505452,2025-09-13,126,1,61.33,61.33,48.82,12.51
505453,2025-09-13,131,1,333.06,333.06,218.92,114.14
505454,2025-09-13,134,1,37.23,37.23,28.02,9.21
505455,2025-09-13,135,1,272.98,272.98,215.02,57.96
505456,2025-09-13,145,1,55.05,55.05,35.61,19.44
505457,2025-09-13,155,1,123.41,123.41,78.63,44.78
505458,2025-09-13,156,1,71.91,71.91,55.69,16.22
505459,2025-09-13,157,1,82.29,82.29,49.11,33.18
505460,2025-09-13,158,1,192.52,192.52,134.46,58.06
505461,2025-09-13,159,1,243.51,243.51,158.58,84.93
505462,2025-09-13,167,2,70.09,140.18,48.28,43.62
506047,2025-09-13,132,2,99.35,198.7,73.24,52.22
506098,2025-09-13,136,1,152.73,152.73,102.8,49.93
505463,2025-09-14,101,1,193.32,193.32,118.14,75.18
505464,2025-09-14,104,2,401.59,803.18,243.11,316.96
505465,2025-09-14,105,2,338.49,676.98,242.36,192.26
505466,2025-09-14,106,1,249.43,249.43,172.41,77.02
505467,2025-09-14,110,2,292.13,584.26,215.55,153.16
505468,2025-09-14,112,1,175.04,175.04,132.75,42.29
505469,2025-09-14,117,2,91.8,183.6,55.09,73.42
505470,2025-09-14,119,3,198.83,596.49,137.36,184.41
505471,2025-09-14,127,1,99.85,99.85,61.95,37.9
505472,2025-09-14,134,1,37.23,37.23,28.02,9.21
505473,2025-09-14,141,2,251.72,503.44,187.7,128.04
505474,2025-09-14,143,3,323.71,971.13,237.32,259.17
505475,2025-09-14,145,1,55.05,55.05,35.61,19.44
505476,2025-09-14,146,1,111.1,111.1,78.58,32.52
505477,2025-09-14,151,1,59.95,59.95,36.25,23.7
505478,2025-09-14,156,3,71.91,215.73,55.69,48.66
505479,2025-09-14,158,4,192.52,770.08,134.46,232.24
505480,2025-09-14,159,1,243.51,243.51,158.58,84.93
505481,2025-09-14,160,3,170.86,512.58,126.42,133.32
505482,2025-09-14,164,2,342.45,684.9,209.39,266.12
505483,2025-09-14,166,1,183.2,183.2,138.4,44.8
505484,2025-09-14,167,2,70.09,140.18,48.28,43.62
505485,2025-09-14,168,1,289.8,289.8,228.17,61.63
505486,2025-09-14,170,2,154.1,308.2,94.54,119.12
505487,2025-09-15,106,2,249.43,498.86,172.41,154.04
505488,2025-09-15,110,1,292.13,292.13,215.55,76.58
505489,2025-09-15,119,2,198.83,397.66,137.36,122.94
505490,2025-09-15,125,1,86.82,86.82,57.13,29.69
505491,2025-09-15,131,1,333.06,333.06,218.92,114.14
505492,2025-09-15,135,1,272.98,272.98,215.02,57.96
505493,2025-09-15,138,1,315.76,315.76,216.53,99.23
505494,2025-09-15,141,1,251.72,251.72,187.7,64.02
505495,2025-09-15,142,2,58.26,116.52,34.86,46.8
505496,2025-09-15,149,3,288.99,866.97,208.97,240.06
505497,2025-09-15,151,1,59.95,59.95,36.25,23.7
505498,2025-09-15,156,1,71.91,71.91,55.69,16.22
505499,2025-09-15,158,1,192.52,192.52,134.46,58.06
505500,2025-09-15,160,2,170.86,341.72,126.42,88.88
505501,2025-09-15,161,1,299.5,299.5,200.05,99.45
505502,2025-09-15,164,3,342.45,1027.35,209.39,399.18
505503,2025-09-15,166,1,183.2,183.2,138.4,44.8
505504,2025-09-15,168,1,289.8,289.8,228.17,61.63
505505,2025-09-15,170,1,154.1,154.1,94.54,59.56
506158,2025-09-15,144,2,219.65,439.3,137.82,163.66
506227,2025-09-15,162,1,341.77,341.77,231.45,110.32
505506,2025-09-16,101,1,193.32,193.32,118.14,75.18
505507,2025-09-16,105,1,338.49,338.49,242.36,96.13
505508,2025-09-16,106,1,249.43,249.43,172.41,77.02
505509,2025-09-16,108,1,289.07,289.07,198.47,90.6
505510,2025-09-16,110,1,292.13,292.13,215.55,76.58
505511,2025-09-16,118,3,256.08,768.24,198.94,171.42
505512,2025-09-16,119,1,198.83,198.83,137.36,61.47
505513,2025-09-16,127,2,99.85,199.7,61.95,75.8
505514,2025-09-16,131,1,333.06,333.06,218.92,114.14
505515,2025-09-16,142,2,58.26,116.52,34.86,46.8
505516,2025-09-16,143,2,323.71,647.42,237.32,172.78
505517,2025-09-16,145,2,55.05,110.1,35.61,38.88
505518,2025-09-16,149,1,288.99,288.99,208.97,80.02
505519,2025-09-16,151,2,59.95,119.9,36.25,47.4
505520,2025-09-16,157,1,82.29,82.29,49.11,33.18
505521,2025-09-16,158,2,192.52,385.04,134.46,116.12
505522,2025-09-16,159,4,243.51,974.04,158.58,339.72
505523,2025-09-16,164,1,342.45,342.45,209.39,133.06
505524,2025-09-16,165,1,273.04,273.04,196.44,76.6
505525,2025-09-16,166,4,183.2,732.8,138.4,179.2
505526,2025-09-16,167,3,70.09,210.27,48.28,65.43
505527,2025-09-16,168,1,289.8,289.8,228.17,61.63
506157,2025-09-16,144,2,219.65,439.3,137.82,163.66
506159,2025-09-16,144,2,219.65,439.3,137.82,163.66
506217,2025-09-16,154,2,65.52,131.04,44.36,42.32
505528,2025-09-17,105,2,338.49,676.98,242.36,192.26
505529,2025-09-17,106,2,249.43,498.86,172.41,154.04
505530,2025-09-17,112,1,175.04,175.04,132.75,42.29
505531,2025-09-17,114,1,266.44,266.44,183.47,82.97
505532,2025-09-17,116,1,50.07,50.07,34.84,15.23
505533,2025-09-17,119,2,198.83,397.66,137.36,122.94
505534,2025-09-17,139,2,143.43,286.86,101.37,84.12
505535,2025-09-17,141,1,251.72,251.72,187.7,64.02
505536,2025-09-17,142,1,58.26,58.26,34.86,23.4
505537,2025-09-17,143,1,323.71,323.71,237.32,86.39
505538,2025-09-17,151,1,59.95,59.95,36.25,23.7
505539,2025-09-17,155,1,123.41,123.41,78.63,44.78
505540,2025-09-17,158,1,192.52,192.52,134.46,58.06
505541,2025-09-17,160,1,170.86,170.86,126.42,44.44
505542,2025-09-17,166,1,183.2,183.2,138.4,44.8
505543,2025-09-17,168,2,289.8,579.6,228.17,123.26
505893,2025-09-17,103,1,102.57,102.57,68.4,34.17
505906,2025-09-17,113,1,46.39,46.39,35.6,10.79
506187,2025-09-17,153,2,45.82,91.64,28.45,34.74
506228,2025-09-17,162,1,341.77,341.77,231.45,110.32
505544,2025-09-18,105,1,338.49,338.49,242.36,96.13
505545,2025-09-18,106,2,249.43,498.86,172.41,154.04
505546,2025-09-18,110,1,292.13,292.13,215.55,76.58
505547,2025-09-18,112,1,175.04,175.04,132.75,42.29
505548,2025-09-18,119,2,198.83,397.66,137.36,122.94
505549,2025-09-18,131,1,333.06,333.06,218.92,114.14
505550,2025-09-18,134,1,37.23,37.23,28.02,9.21
505551,2025-09-18,135,1,272.98,272.98,215.02,57.96
505552,2025-09-18,139,1,143.43,143.43,101.37,42.06
505553,2025-09-18,142,2,58.26,116.52,34.86,46.8
505554,2025-09-18,143,1,323.71,323.71,237.32,86.39
505555,2025-09-18,150,1,410.26,410.26,249.3,160.96
505556,2025-09-18,158,5,192.52,962.6,134.46,290.3
505557,2025-09-18,159,1,243.51,243.51,158.58,84.93
505558,2025-09-18,161,1,299.5,299.5,200.05,99.45
505559,2025-09-18,164,1,342.45,342.45,209.39,133.06
505560,2025-09-18,167,3,70.09,210.27,48.28,65.43
505561,2025-09-18,168,1,289.8,289.8,228.17,61.63
505562,2025-09-18,170,1,154.1,154.1,94.54,59.56
506016,2025-09-18,128,1,126.0,126.0,85.72,40.28
505563,2025-09-19,101,1,193.32,193.32,118.14,75.18
505564,2025-09-19,104,1,401.59,401.59,243.11,158.48
505565,2025-09-19,109,1,246.09,246.09,164.16,81.93
505566,2025-09-19,112,1,175.04,175.04,132.75,42.29
505567,2025-09-19,116,1,50.07,50.07,34.84,15.23
505568,2025-09-19,118,1,256.08,256.08,198.94,57.14
505569,2025-09-19,119,2,198.83,397.66,137.36,122.94
505570,2025-09-19,122,1,185.72,185.72,136.04,49.68
505571,2025-09-19,131,1,333.06,333.06,218.92,114.14
505572,2025-09-19,134,2,37.23,74.46,28.02,18.42
505573,2025-09-19,139,1,143.43,143.43,101.37,42.06
505574,2025-09-19,141,1,251.72,251.72,187.7,64.02
505575,2025-09-19,146,1,111.1,111.1,78.58,32.52
505576,2025-09-19,148,1,69.95,69.95,42.84,27.11
505577,2025-09-19,149,1,288.99,288.99,208.97,80.02
505578,2025-09-19,156,2,71.91,143.82,55.69,32.44
505579,2025-09-19,158,2,192.52,385.04,134.46,116.12
505580,2025-09-19,159,1,243.51,243.51,158.58,84.93
505581,2025-09-19,160,1,170.86,170.86,126.42,44.44
505582,2025-09-19,161,1,299.5,299.5,200.05,99.45
505583,2025-09-19,164,1,342.45,342.45,209.39,133.06
505584,2025-09-19,166,2,183.2,366.4,138.4,89.6
505585,2025-09-19,167,2,70.09,140.18,48.28,43.62
505934,2025-09-19,115,2,92.47,184.94,56.54,71.86
505982,2025-09-19,121,1,35.68,35.68,23.79,11.89
506099,2025-09-19,136,1,152.73,152.73,102.8,49.93
505586,2025-09-20,104,1,401.59,401.59,243.11,158.48
505587,2025-09-20,105,1,338.49,338.49,242.36,96.13
505588,2025-09-20,106,1,249.43,249.43,172.41,77.02
505589,2025-09-20,109,1,246.09,246.09,164.16,81.93
505590,2025-09-20,112,4,175.04,700.16,132.75,169.16
505591,2025-09-20,118,1,256.08,256.08,198.94,57.14
505592,2025-09-20,119,3,198.83,596.49,137.36,184.41
505593,2025-09-20,129,1,52.38,52.38,39.89,12.49
505594,2025-09-20,131,1,333.06,333.06,218.92,114.14
505595,2025-09-20,134,1,37.23,37.23,28.02,9.21
505596,2025-09-20,135,1,272.98,272.98,215.02,57.96
505597,2025-09-20,145,1,55.05,55.05,35.61,19.44
505598,2025-09-20,149,1,288.99,288.99,208.97,80.02
505599,2025-09-20,151,1,59.95,59.95,36.25,23.7
505600,2025-09-20,158,1,192.52,192.52,134.46,58.06
505601,2025-09-20,159,4,243.51,974.04,158.58,339.72
505602,2025-09-20,164,1,342.45,342.45,209.39,133.06
505603,2025-09-20,166,2,183.2,366.4,138.4,89.6
505604,2025-09-20,167,1,70.09,70.09,48.28,21.81
505605,2025-09-20,168,1,289.8,289.8,228.17,61.63
505606,2025-09-20,170,1,154.1,154.1,94.54,59.56
505894,2025-09-20,103,1,102.57,102.57,68.4,34.17
506127,2025-09-20,137,1,395.0,395.0,245.2,149.8
505607,2025-09-21,106,1,249.43,249.43,172.41,77.02
505608,2025-09-21,109,1,246.09,246.09,164.16,81.93
505609,2025-09-21,117,1,91.8,91.8,55.09,36.71
505610,2025-09-21,118,2,256.08,512.16,198.94,114.28
505611,2025-09-21,119,1,198.83,198.83,137.36,61.47
505612,2025-09-21,123,1,315.18,315.18,190.92,124.26
505613,2025-09-21,131,1,333.06,333.06,218.92,114.14
505614,2025-09-21,135,1,272.98,272.98,215.02,57.96
505615,2025-09-21,139,1,143.43,143.43,101.37,42.06
505616,2025-09-21,151,1,59.95,59.95,36.25,23.7
505617,2025-09-21,152,1,214.28,214.28,169.22,45.06
505618,2025-09-21,156,2,71.91,143.82,55.69,32.44
505619,2025-09-21,157,1,82.29,82.29,49.11,33.18
505620,2025-09-21,158,1,192.52,192.52,134.46,58.06
505621,2025-09-21,159,1,243.51,243.51,158.58,84.93
505622,2025-09-21,161,1,299.5,299.5,200.05,99.45
505623,2025-09-21,166,1,183.2,183.2,138.4,44.8
505624,2025-09-21,167,1,70.09,70.09,48.28,21.81
505625,2025-09-21,170,1,154.1,154.1,94.54,59.56
505935,2025-09-21,115,1,92.47,92.47,56.54,35.93
505626,2025-09-22,101,1,193.32,193.32,118.14,75.18
505627,2025-09-22,105,1,338.49,338.49,242.36,96.13
505628,2025-09-22,106,1,249.43,249.43,172.41,77.02
505629,2025-09-22,109,1,246.09,246.09,164.16,81.93
505630,2025-09-22,110,1,292.13,292.13,215.55,76.58
505631,2025-09-22,117,1,91.8,91.8,55.09,36.71
505632,2025-09-22,119,3,198.83,596.49,137.36,184.41
505633,2025-09-22,127,1,99.85,99.85,61.95,37.9
505634,2025-09-22,131,5,333.06,1665.3,218.92,570.7
505635,2025-09-22,134,1,37.23,37.23,28.02,9.21
505636,2025-09-22,138,1,315.76,315.76,216.53,99.23
505637,2025-09-22,141,1,251.72,251.72,187.7,64.02
505638,2025-09-22,142,2,58.26,116.52,34.86,46.8
505639,2025-09-22,143,3,323.71,971.13,237.32,259.17
505640,2025-09-22,152,1,214.28,214.28,169.22,45.06
505641,2025-09-22,156,3,71.91,215.73,55.69,48.66
505642,2025-09-22,157,1,82.29,82.29,49.11,33.18
505643,2025-09-22,158,3,192.52,577.56,134.46,174.18
505644,2025-09-22,159,1,243.51,243.51,158.58,84.93
505645,2025-09-22,160,2,170.86,341.72,126.42,88.88
505646,2025-09-22,161,1,299.5,299.5,200.05,99.45
505647,2025-09-22,164,2,342.45,684.9,209.39,266.12
505648,2025-09-22,166,2,183.2,366.4,138.4,89.6
505649,2025-09-22,167,1,70.09,70.09,48.28,21.81
505650,2025-09-22,168,3,289.8,869.4,228.17,184.89
505651,2025-09-22,170,1,154.1,154.1,94.54,59.56
506160,2025-09-22,144,1,219.65,219.65,137.82,81.83
505652,2025-09-23,101,1,193.32,193.32,118.14,75.18
505653,2025-09-23,104,1,401.59,401.59,243.11,158.48
505654,2025-09-23,105,1,338.49,338.49,242.36,96.13
505655,2025-09-23,110,2,292.13,584.26,215.55,153.16
505656,2025-09-23,118,2,256.08,512.16,198.94,114.28
505657,2025-09-23,119,1,198.83,198.83,137.36,61.47
505658,2025-09-23,126,1,61.33,61.33,48.82,12.51
505659,2025-09-23,131,1,333.06,333.06,218.92,114.14
505660,2025-09-23,134,2,37.23,74.46,28.02,18.42
505661,2025-09-23,135,2,272.98,545.96,215.02,115.92
505662,2025-09-23,138,1,315.76,315.76,216.53,99.23
505663,2025-09-23,142,1,58.26,58.26,34.86,23.4
505664,2025-09-23,143,1,323.71,323.71,237.32,86.39
505665,2025-09-23,148,1,69.95,69.95,42.84,27.11
505666,2025-09-23,152,1,214.28,214.28,169.22,45.06
505667,2025-09-23,158,1,192.52,192.52,134.46,58.06
505668,2025-09-23,159,1,243.51,243.51,158.58,84.93
505669,2025-09-23,160,1,170.86,170.86,126.42,44.44
505670,2025-09-23,163,1,271.41,271.41,212.87,58.54
505671,2025-09-23,164,1,342.45,342.45,209.39,133.06
505672,2025-09-23,166,2,183.2,366.4,138.4,89.6
505673,2025-09-23,169,1,117.76,117.76,72.26,45.5
505674,2025-09-24,101,1,193.32,193.32,118.14,75.18
505675,2025-09-24,104,1,401.59,401.59,243.11,158.48
505676,2025-09-24,109,2,246.09,492.18,164.16,163.86
505677,2025-09-24,110,2,292.13,584.26,215.55,153.16
505678,2025-09-24,112,1,175.04,175.04,132.75,42.29
505679,2025-09-24,116,2,50.07,100.14,34.84,30.46
505680,2025-09-24,117,1,91.8,91.8,55.09,36.71
505681,2025-09-24,118,2,256.08,512.16,198.94,114.28
505682,2025-09-24,131,3,333.06,999.18,218.92,342.42
505683,2025-09-24,134,2,37.23,74.46,28.02,18.42
505684,2025-09-24,135,1,272.98,272.98,215.02,57.96
505685,2025-09-24,142,1,58.26,58.26,34.86,23.4
505686,2025-09-24,151,3,59.95,179.85,36.25,71.1
505687,2025-09-24,156,3,71.91,215.73,55.69,48.66
505688,2025-09-24,161,3,299.5,898.5,200.05,298.35
505689,2025-09-24,165,1,273.04,273.04,196.44,76.6
505690,2025-09-24,167,2,70.09,140.18,48.28,43.62
505691,2025-09-24,170,1,154.1,154.1,94.54,59.56
505936,2025-09-24,115,1,92.47,92.47,56.54,35.93
506048,2025-09-24,132,2,99.35,198.7,73.24,52.22
506060,2025-09-24,133,1,115.61,115.61,87.93,27.68
505692,2025-09-25,104,1,401.59,401.59,243.11,158.48
505693,2025-09-25,105,1,338.49,338.49,242.36,96.13
505694,2025-09-25,110,4,292.13,1168.52,215.55,306.32
505695,2025-09-25,112,1,175.04,175.04,132.75,42.29
505696,2025-09-25,117,1,91.8,91.8,55.09,36.71
505697,2025-09-25,118,1,256.08,256.08,198.94,57.14
505698,2025-09-25,119,1,198.83,198.83,137.36,61.47
505699,2025-09-25,131,1,333.06,333.06,218.92,114.14
505700,2025-09-25,134,2,37.23,74.46,28.02,18.42
505701,2025-09-25,135,1,272.98,272.98,215.02,57.96
505702,2025-09-25,139,2,143.43,286.86,101.37,84.12
505703,2025-09-25,141,1,251.72,251.72,187.7,64.02
505704,2025-09-25,142,4,58.26,233.04,34.86,93.6
505705,2025-09-25,145,1,55.05,55.05,35.61,19.44
505706,2025-09-25,151,3,59.95,179.85,36.25,71.1
505707,2025-09-25,156,2,71.91,143.82,55.69,32.44
505708,2025-09-25,158,2,192.52,385.04,134.46,116.12
505709,2025-09-25,159,3,243.51,730.53,158.58,254.79
505710,2025-09-25,160,2,170.86,341.72,126.42,88.88
505711,2025-09-25,161,1,299.5,299.5,200.05,99.45
505712,2025-09-25,164,1,342.45,342.45,209.39,133.06
505713,2025-09-25,166,2,183.2,366.4,138.4,89.6
505714,2025-09-25,167,4,70.09,280.36,48.28,87.24
505715,2025-09-25,170,1,154.1,154.1,94.54,59.56
505850,2025-09-25,102,1,65.53,65.53,45.11,20.42
505716,2025-09-26,104,1,401.59,401.59,243.11,158.48
505717,2025-09-26,106,1,249.43,249.43,172.41,77.02
505718,2025-09-26,109,3,246.09,738.27,164.16,245.79
505719,2025-09-26,112,1,175.04,175.04,132.75,42.29
505720,2025-09-26,117,1,91.8,91.8,55.09,36.71
505721,2025-09-26,118,1,256.08,256.08,198.94,57.14
505722,2025-09-26,119,2,198.83,397.66,137.36,122.94
505723,2025-09-26,127,1,99.85,99.85,61.95,37.9
505724,2025-09-26,130,1,250.88,250.88,199.42,51.46
505725,2025-09-26,134,2,37.23,74.46,28.02,18.42
505726,2025-09-26,138,1,315.76,315.76,216.53,99.23
505727,2025-09-26,142,3,58.26,174.78,34.86,70.2
505728,2025-09-26,143,1,323.71,323.71,237.32,86.39
505729,2025-09-26,156,2,71.91,143.82,55.69,32.44
505730,2025-09-26,159,1,243.51,243.51,158.58,84.93
505731,2025-09-26,167,3,70.09,210.27,48.28,65.43
505732,2025-09-26,168,1,289.8,289.8,228.17,61.63
506100,2025-09-26,136,1,152.73,152.73,102.8,49.93
506218,2025-09-26,154,2,65.52,131.04,44.36,42.32
505733,2025-09-27,101,3,193.32,579.96,118.14,225.54
505734,2025-09-27,104,1,401.59,401.59,243.11,158.48
505735,2025-09-27,106,1,249.43,249.43,172.41,77.02
505736,2025-09-27,110,2,292.13,584.26,215.55,153.16
505737,2025-09-27,112,3,175.04,525.12,132.75,126.87
505738,2025-09-27,117,1,91.8,91.8,55.09,36.71
505739,2025-09-27,118,2,256.08,512.16,198.94,114.28
505740,2025-09-27,119,1,198.83,198.83,137.36,61.47
505741,2025-09-27,122,1,185.72,185.72,136.04,49.68
505742,2025-09-27,129,2,52.38,104.76,39.89,24.98
505743,2025-09-27,131,2,333.06,666.12,218.92,228.28
505744,2025-09-27,134,1,37.23,37.23,28.02,9.21
505745,2025-09-27,135,1,272.98,272.98,215.02,57.96
505746,2025-09-27,141,2,251.72,503.44,187.7,128.04
505747,2025-09-27,142,2,58.26,116.52,34.86,46.8
505748,2025-09-27,143,1,323.71,323.71,237.32,86.39
505749,2025-09-27,146,1,111.1,111.1,78.58,32.52
505750,2025-09-27,151,2,59.95,119.9,36.25,47.4
505751,2025-09-27,156,1,71.91,71.91,55.69,16.22
505752,2025-09-27,159,1,243.51,243.51,158.58,84.93
505753,2025-09-27,160,1,170.86,170.86,126.42,44.44
505754,2025-09-27,166,4,183.2,732.8,138.4,179.2
505755,2025-09-27,167,2,70.09,140.18,48.28,43.62
505937,2025-09-27,115,1,92.47,92.47,56.54,35.93
505954,2025-09-27,120,1,238.12,238.12,172.98,65.14
505983,2025-09-27,121,2,35.68,71.36,23.79,23.78
505756,2025-09-28,101,1,193.32,193.32,118.14,75.18
505757,2025-09-28,106,1,249.43,249.43,172.41,77.02
505758,2025-09-28,110,2,292.13,584.26,215.55,153.16
505759,2025-09-28,112,2,175.04,350.08,132.75,84.58
505760,2025-09-28,116,1,50.07,50.07,34.84,15.23
505761,2025-09-28,122,1,185.72,185.72,136.04,49.68
505762,2025-09-28,127,1,99.85,99.85,61.95,37.9
505763,2025-09-28,131,1,333.06,333.06,218.92,114.14
505764,2025-09-28,138,2,315.76,631.52,216.53,198.46
505765,2025-09-28,151,1,59.95,59.95,36.25,23.7
505766,2025-09-28,156,2,71.91,143.82,55.69,32.44
505767,2025-09-28,157,1,82.29,82.29,49.11,33.18
505768,2025-09-28,159,1,243.51,243.51,158.58,84.93
505769,2025-09-28,160,1,170.86,170.86,126.42,44.44
505770,2025-09-28,166,2,183.2,366.4,138.4,89.6
505771,2025-09-28,167,3,70.09,210.27,48.28,65.43
505772,2025-09-28,170,2,154.1,308.2,94.54,119.12
505773,2025-09-29,101,1,193.32,193.32,118.14,75.18
505774,2025-09-29,106,3,249.43,748.29,172.41,231.06
505775,2025-09-29,110,4,292.13,1168.52,215.55,306.32
505776,2025-09-29,112,2,175.04,350.08,132.75,84.58
505777,2025-09-29,116,2,50.07,100.14,34.84,30.46
505778,2025-09-29,118,1,256.08,256.08,198.94,57.14
505779,2025-09-29,119,2,198.83,397.66,137.36,122.94
505780,2025-09-29,131,1,333.06,333.06,218.92,114.14
505781,2025-09-29,134,1,37.23,37.23,28.02,9.21
505782,2025-09-29,135,2,272.98,545.96,215.02,115.92
505783,2025-09-29,139,1,143.43,143.43,101.37,42.06
505784,2025-09-29,141,1,251.72,251.72,187.7,64.02
505785,2025-09-29,142,1,58.26,58.26,34.86,23.4
505786,2025-09-29,145,2,55.05,110.1,35.61,38.88
505787,2025-09-29,149,1,288.99,288.99,208.97,80.02
505788,2025-09-29,151,2,59.95,119.9,36.25,47.4
505789,2025-09-29,159,2,243.51,487.02,158.58,169.86
505790,2025-09-29,160,1,170.86,170.86,126.42,44.44
505791,2025-09-29,166,2,183.2,366.4,138.4,89.6
505792,2025-09-29,167,1,70.09,70.09,48.28,21.81
505793,2025-09-29,168,1,289.8,289.8,228.17,61.63
505794,2025-09-29,170,2,154.1,308.2,94.54,119.12
505938,2025-09-29,115,2,92.47,184.94,56.54,71.86
506061,2025-09-29,133,2,115.61,231.22,87.93,55.36
505795,2025-09-30,101,1,193.32,193.32,118.14,75.18
505796,2025-09-30,105,2,338.49,676.98,242.36,192.26
505797,2025-09-30,106,1,249.43,249.43,172.41,77.02
505798,2025-09-30,108,1,289.07,289.07,198.47,90.6
505799,2025-09-30,110,3,292.13,876.39,215.55,229.74
505800,2025-09-30,112,1,175.04,175.04,132.75,42.29
505801,2025-09-30,116,1,50.07,50.07,34.84,15.23
505802,2025-09-30,117,2,91.8,183.6,55.09,73.42
505803,2025-09-30,118,4,256.08,1024.32,198.94,228.56
505804,2025-09-30,119,1,198.83,198.83,137.36,61.47
505805,2025-09-30,123,3,315.18,945.54,190.92,372.78
505806,2025-09-30,135,2,272.98,545.96,215.02,115.92
505807,2025-09-30,138,1,315.76,315.76,216.53,99.23
505808,2025-09-30,142,1,58.26,58.26,34.86,23.4
505809,2025-09-30,143,1,323.71,323.71,237.32,86.39
505810,2025-09-30,145,1,55.05,55.05,35.61,19.44
505811,2025-09-30,151,2,59.95,119.9,36.25,47.4
505812,2025-09-30,152,1,214.28,214.28,169.22,45.06
505813,2025-09-30,156,1,71.91,71.91,55.69,16.22
505814,2025-09-30,157,1,82.29,82.29,49.11,33.18
505815,2025-09-30,158,2,192.52,385.04,134.46,116.12
505816,2025-09-30,159,1,243.51,243.51,158.58,84.93
505817,2025-09-30,161,1,299.5,299.5,200.05,99.45
505818,2025-09-30,163,1,271.41,271.41,212.87,58.54
505819,2025-09-30,166,1,183.2,183.2,138.4,44.8
505820,2025-09-30,167,1,70.09,70.09,48.28,21.81
505821,2025-09-30,168,1,289.8,289.8,228.17,61.63
505955,2025-09-30,120,2,238.12,476.24,172.98,130.28
506049,2025-09-30,132,1,99.35,99.35,73.24,26.11
